이름,주소,전화번호,위도,경도
길카페,"인천광역시 강화군 길상면 강화동로 331, 1층",070-4406-7640,37.66817128,126.4908935
카페 외포리,"인천광역시 강화군 내가면 해안서로 902, 1층",070-8809-0153,37.70118811,126.3790293
맘커피갤러리,"인천광역시 강화군 화도면 신촌길 45, 1층",,37.62718317,126.4487676
비포티룸(B4 tea 룸),인천광역시 강화군 화도면 해안남로 1523,,37.59374677,126.4535707
아이엠도넛 강화점,"인천광역시 강화군 불은면 해안동로 689, 1층",,37.67977542,126.5168976
커피향기,"인천광역시 강화군 강화읍 강화대로368번길 13, 1층",032-932-6003,37.74485387,126.4901589
COFFEE JIN(커피진),"인천광역시 강화군 길상면 해안남로 488, 2층",032-937-8835,37.59666383,126.5090574
예다움,"인천광역시 강화군 선원면 선원사지로 48-1, 1층",032-932-3022,37.72137373,126.498986
실버카페,"인천광역시 강화군 강화읍 중앙로 17-16, 1층 (강화군노인복지관)",032-886-1855,37.70585704,126.4440845
Hoy Dia,"인천광역시 강화군 화도면 마니산로 627, 1층",032-205-2266,37.63463954,126.4286145
커피알프,"인천광역시 강화군 강화읍 충렬사로 31, 강화비에스종합병원내 1층",032-225-2227,37.73604762,126.485992
카페칼럼(Cafecolumn),인천광역시 강화군 양도면 해안서로 556-2,,37.68183844,126.3954949
마녀키키,"인천광역시 강화군 송해면 전망대로 34-9, 1층 1호",,37.82603428,126.4367784
한글빵카페,인천광역시 강화군 선원면 중앙로 462,,37.7137898,126.4629705
갤러리 도솔,인천광역시 강화군 길상면 길상로210번길 52-67,,37.63764633,126.5026251
GS25강화도서관점,"인천광역시 강화군 강화읍 북문길9번길 19, 1층",,37.74842021,126.4830827
씨유강화마니산점,인천광역시 강화군 화도면 마니산로 567,,37.63186551,126.4330553
더리터 강화군청점,"인천광역시 강화군 강화읍 강화대로 416, 1층",,37.74684524,126.4856126
놀라몬드(NOLAMOND),인천광역시 강화군 길상면 길상로 242-25,0507-1313-8848,37.63437423,126.5051068
허브상회,"인천광역시 강화군 선원면 선원사지로 44-5, 1층",,37.72137373,126.498986
CAFE 602,"인천광역시 강화군 화도면 해안남로1184번길 7, 1층",,37.61056003,126.4556741
비다 건강카페,"인천광역시 강화군 강화읍 갑룡길117번길 18, 1층 102호",032-932-0625,37.74644745,126.5045172
한옥까페(드리우니),인천광역시 강화군 길상면 마니산로 106,,37.63854316,126.48071
카페마르베야(Cafe Marbella),인천광역시 강화군 화도면 해안남로 2677-21,032-937-0209,37.59142726,126.460678
카페 서온,인천광역시 강화군 길상면 해안남로 346,,37.60701974,126.5162647
이디야 김포호수초교점,"경기도 김포시 김포한강5로 385, 상가동 103호 (구래동, 호수마을 e편한세상아파트)",031-995-1050,37.64969668,126.6302738
빈스코러스,"경기도 김포시 김포한강11로 160, 1층 104호 (장기동)",031-982-5269,37.64730057,126.679538
달다방,"인천광역시 강화군 화도면 해안남로1691번길 43, 1층",,37.59319245,126.436529
PALETTE팔레트,"인천광역시 강화군 강화읍 강화대로 460, 홍세탁소",,37.74813464,126.4805485
시골농부,"인천광역시 강화군 길상면 해안남로619번길 21, 2동 1층",,37.59831554,126.4964472
바다보다,인천광역시 강화군 길상면 해안남로 116,,37.61783996,126.5347211
스타벅스 인천강화DT,"인천광역시 강화군 강화읍 강화대로 343, 스타벅스 1,2층",1522-3232,37.74268566,126.4916293
카페 펜슬,"인천광역시 강화군 강화읍 대월로 19, 1층",032-932-8101,37.74440837,126.4931528
궁전빵집,인천광역시 강화군 교동면 대룡안길54번길 26-1,,37.78215646,126.2803077
강화군장애인복지관 행복드림카페,인천광역시 강화군 강화읍 충렬사로 63,032-934-9606,37.73443203,126.4824926
1871 COFFEE,"인천광역시 강화군 화도면 해안남로 1871, 1층",,37.60661381,126.4212813
우트우트,"인천광역시 강화군 길상면 마니산로 12, 1~3층",,37.64215494,126.4905146
카페화실,"인천광역시 강화군 길상면 해안남로 118-24, 1층",,37.59142726,126.460678
달그락,"인천광역시 강화군 양도면 강화남로 990-1, 1층 1호",,37.65369251,126.4302017
카페베네 강화외포리점,"인천광역시 강화군 내가면 해안서로 1018, 2층",,37.70530886,126.3674578
GGBB,"인천광역시 강화군 송해면 전망대로57번길 48-6, 1층",032-934-0761,37.76947348,126.4588922
그린뉴,"인천광역시 강화군 강화읍 관청길55번길 10, 2층",,37.74930111,126.4830879
카페윙스,인천광역시 강화군 길상면 동검길63번길 78,032-937-4781,37.59028934,126.5196491
강만장,인천광역시 강화군 교동면 대룡안길54번길 26,,37.78189731,126.2809939
포도향기,인천광역시 강화군 양도면 중앙로1030번길 6,,37.70043558,126.4082447
PeakEnd,"인천광역시 강화군 강화읍 남문로 43, 1층",,37.74179119,126.4880281
말랑설기,"인천광역시 강화군 강화읍 갑룡길 99, 104호",,37.74426506,126.5033836
달스베이커리,"인천광역시 강화군 길상면 장흥로 217, 1층",032-930-9017,37.61712205,126.4981148
유어그린,"경기도 김포시 솔터로 22, 301동 238호 (구래동, 메트로타워 예미지)",,37.64542922,126.6308576
임종호커피 강화점,"인천광역시 강화군 송해면 강화대로 683, 1층 A호",,37.76124531,126.4658013
커피나이스,"경기도 김포시 사우중로 52, 1층 109호 (사우동, 아트프라자)",,37.61938882,126.7193894
바리인석모,"인천광역시 강화군 삼산면 삼산북로 390, 2동 1층",,37.70241917,126.3293023
오복상회,"인천광역시 강화군 길상면 전등사로77번길 51, 1층",,37.6327313,126.4876718
블랙이슈,"인천광역시 강화군 강화읍 동문안길 24, 1층",,37.74741847,126.487484
오루문,"인천광역시 강화군 교동면 대룡안길 35, 1층",,37.78250584,126.2814867
카페 866,"인천광역시 강화군 하점면 창후로 314-56, 2층",,37.76211383,126.3673781
이디야커피 강화동막점,"인천광역시 강화군 화도면 해안남로 1508, 승창프라자 301호",032-937-1175,37.5939295,126.4554051
아뚜드스윗,"인천광역시 강화군 강화읍 강화대로 456-14, 1층",032-932-5282,37.76211323,126.4657266
Red moon,인천광역시 강화군 하점면 고려산로 287,,37.76109632,126.4151397
카페더숲,인천광역시 강화군 길상면 해안동로 85,,37.63459369,126.5299552
희와래 커피로스터스,인천광역시 강화군 불은면 덕진로178번길 25-29,032-937-2534,37.65606441,126.5101603
카페빙고,"인천광역시 강화군 강화읍 동문안길 10-4, 1층",,37.74778329,126.4877595
카페 좋은날,인천광역시 강화군 불은면 중앙로 552,,37.71195093,126.4531292
Cafe 내가,인천광역시 강화군 내가면 고비고개로741번길 56-20,,37.7182103,126.4116481
투썸플레이스 화도점,인천광역시 강화군 화도면 해안남로 1812-3,,37.59142726,126.460678
이디야 강화길상점,"인천광역시 강화군 길상면 길상로 294, 1층 106호",,37.63739035,126.4943141
카페느린우체통,인천광역시 강화군 교동면 대룡안길54번길 9,,37.78105873,126.2807759
greedy,"인천광역시 강화군 강화읍 남문안길 19, 1층",,37.74522527,126.4844906
고려궁지카페,인천광역시 강화군 강화읍 북문길49번길 4,,37.75136764,126.484221
돌멘77,"인천광역시 강화군 하점면 강화대로 994-19, 강화역사박물관 1층",,37.76211323,126.4657266
봉당,인천광역시 강화군 길상면 강화동로 23-16,,37.68132896,126.4823677
난곳카페,인천광역시 강화군 교동면 교동서로340번길 116-19,,37.77428902,126.2380303
선물같은 나날,"인천광역시 강화군 강화읍 대월로 249-1, 1동",,37.76045482,126.4888594
딜라,"인천광역시 강화군 강화읍 남문로 70, 102호",,37.74419466,126.4875671
디비플라워카페,"인천광역시 강화군 강화읍 충렬사로 138, 5층",032-932-2500,37.73076379,126.4752634
쿠쿠카 커피,인천광역시 강화군 길상면 강화동로 211,,37.65804974,126.4930447
느긋,인천광역시 강화군 선원면 강화동로 859,,37.70954144,126.48238
어노인트 교동도점,인천광역시 강화군 교동면 교동남로 341-6,,37.77089763,126.2972973
카페 모아로(Cafe Moarro),"인천광역시 강화군 선원면 시리미로42번길 62-17, 1층",,37.72560124,126.4720063
아이언클래드 커피로스터스(IRONCLAD COFFEE ROASTERS),"인천광역시 강화군 강화읍 북문길 7, 1층",032-932-2887,37.74782607,126.4844685
스타 오,"인천광역시 강화군 불은면 강화동로 712, 1층",,37.69694536,126.4802198
세라젬 웰카페 H 인천강화점,인천광역시 강화군 강화읍 강화대로 396-6,,37.76211323,126.4657266
팔공티 강화점,"인천광역시 강화군 강화읍 강화대로404번길 4, 1층",,37.74626709,126.4868119
카페 연향,"인천광역시 강화군 길상면 까치골길 180, 1층",,37.67178146,126.4751466
1318coffee,인천광역시 강화군 하점면 강화대로 1318,,37.78128222,126.4050719
카페베리(CAFE BERRY),인천광역시 강화군 양사면 덕하로 4-5,,37.80731956,126.4257156
컴포즈 커피 강화점,"인천광역시 강화군 강화읍 강화대로 423-1, 1층",,37.76211323,126.4657266
세븐일레븐강화갑룡길점,"인천광역시 강화군 강화읍 갑룡길 39, 세븐일레븐강화갑룡길점",032-934-1973,37.74266025,126.4973215
세븐일레븐강화길상점,인천광역시 강화군 길상면 해안남로 92,032-937-4423,37.61933299,126.5344059
희소식,인천광역시 강화군 선원면 중앙로413번길 6,,37.71424497,126.4679192
커피콩이발소,인천광역시 강화군 교동면 교동남로 11-6,,37.77089763,126.2972973
"Cafe,in(카페,인)","인천광역시 강화군 강화읍 강화대로 365-6, 2층",,37.76211323,126.4657266
플라워,"인천광역시 강화군 강화읍 시리미로 368, 1층",032-933-0623,37.73877071,126.4567081
강화군노인문화센터,"인천광역시 강화군 길상면 마니산로 36, 1층",,37.6425401,126.4871851
삼남피크닉,인천광역시 강화군 삼산면 어류정길 195,,37.65325279,126.337448
RODEM cafe(로뎀카페),"인천광역시 강화군 강화읍 갑룡길 89, 지호빌딩 103호",,37.74393662,126.5025407
카페 젤코바,"인천광역시 강화군 길상면 해안동로 118, 103호",,37.63688368,126.5282099
선두리,"인천광역시 강화군 길상면 해안남로 934, 1층",,37.61886082,126.4752205
카페모카,"인천광역시 강화군 길상면 해안남로117번길 47, 황산도관광벨트어시장 1층 112호",,37.61809776,126.5403389
인천상회,인천광역시 강화군 삼산면 삼산남로604번길 6-7,,37.67613204,126.3374554
몬토커피,인천광역시 강화군 길상면 해안남로 368,,37.60559147,126.5149832
아이스빈 강화읍점,"인천광역시 강화군 강화읍 중앙로 68, 2층 202호",,37.73823941,126.4871142
SilkRoad(실크로드),인천광역시 강화군 선원면 선원사지로 98,,37.72435063,126.5036561
카페바다,"인천광역시 강화군 서도면 주문도길 274-21, 1층",,37.64499917,126.2479122
강화까까,인천광역시 강화군 불은면 덕진로 159,,37.6528638,126.5106391
뜰애,인천광역시 강화군 양도면 강화남로 938,032-937-9778,37.68015778,126.419106
매화마름,"인천광역시 강화군 길상면 길상로25번길 28, 1동 1층",,37.63520725,126.5194184
카페갈릴리,인천광역시 강화군 화도면 해안남로 1537,032-937-0063,37.59377377,126.4523606
모니카의정원,인천광역시 강화군 화도면 해안남로 2435-1,032-937-8766,37.59142726,126.460678
해미래,인천광역시 강화군 불은면 해안동로 331-13,032-937-6296,37.6802345,126.5174777
토담,인천광역시 강화군 선원면 시리미로142번길 43-11,,37.72908717,126.4653929
허밍웨이,인천광역시 강화군 하점면 고려산로61번길 41,032-933-3061,37.76372078,126.4392317
빨간코 네모,인천광역시 강화군 강화읍 관청길 12,032-932-7766,37.74859115,126.48856
욜로(YOLO) 한모금 로스팅하우스,인천광역시 강화군 화도면 해안남로 1204,,37.60878209,126.4567602
헐소 1037-1,"인천광역시 강화군 선원면 해안동로 1037-1, 1층,2층",032-934-1037,37.6802345,126.5174777
GS25강화베리점,인천광역시 강화군 양도면 중앙로 762,032-937-6989,37.70066634,126.4348412
그루브잇,인천광역시 강화군 강화읍 남문로 56,,37.74295484,126.4878346
마에스트로(MAESTRO),인천광역시 강화군 길상면 길상로 269,,37.63526432,126.4947788
문화공간 조나단,인천광역시 강화군 길상면 동검길63번길 60,070-7784-7557,37.59130952,126.5183881
차 담,인천광역시 강화군 내가면 해안서로 1043,032-933-9733,37.70467225,126.3646777
카페테리아Ⅱ,"인천광역시 강화군 강화읍 중앙로 43, 1층",,37.73977668,126.4904067
도레도레,"인천광역시 강화군 화도면 해안남로1844번길 19, 지하~1층",032-937-1415,37.60685027,126.4249768
영인팜,"인천광역시 강화군 양도면 중앙로 979, 2층",,37.69923411,126.4130691
들애핀매화,"인천광역시 강화군 길상면 장촌길 99, 1층",032-937-5975,37.65122786,126.4836811
플래그닷(FLAG.),"인천광역시 강화군 길상면 보리고개로 159, 1층",,37.6257447,126.4855244
강화이야기투어 주식회사,"인천광역시 강화군 강화읍 북문길 23, 1층",032-934-2628,37.74905056,126.4847563
핑크래빗,경기도 연천군 전곡읍 평화로 557,,38.02022006,127.0671821
커피 모퉁,"인천광역시 강화군 강화읍 동문로 9, 1층",,37.74578567,126.4884601
카페다,"인천광역시 강화군 강화읍 갑룡길 50, 1층",,37.74238852,126.4982302
풍누리카페,"인천광역시 강화군 강화읍 중앙로 17-9, 1층 1164호",,37.70585704,126.4440845
고양이다방,"인천광역시 강화군 하점면 강화서로 627, 1층",,37.7496142,126.3875091
로뎀트리,"인천광역시 강화군 길상면 해안남로 695, 1,2층",032-937-0230,37.60177069,126.488148
커피퀸,인천광역시 강화군 교동면 대룡안길22번길 17 (1층),032-932-5272,37.78292957,126.2800871
엣홈,인천광역시 강화군 강화읍 강화대로 458 (1층),032-932-8996,37.74811594,126.4809045
버드카페,"인천광역시 강화군 강화읍 신문길44번길 5, 1층",,37.74525906,126.4830711
카페거기,"인천광역시 강화군 화도면 해안남로1134번길 3, 1층",,37.61506189,126.4552312
도마위,인천광역시 강화군 화도면 해안남로 2855,,37.63837325,126.3928584
들,"인천광역시 강화군 강화읍 향나무길22번길 13, 1층",032-933-7992,37.7459043,126.4783407
바그다드강화읍점,"인천광역시 강화군 강화읍 남산길 7, 1층",032-932-5156,37.74653122,126.4842654
별밭,"인천광역시 강화군 양도면 중앙로 950-1, 1층",,37.70585704,126.4440845
빽다방 인천강화중앙점,"인천광역시 강화군 강화읍 강화대로 396, 1층 101호",,37.74580213,126.487377
예닮카페,"인천광역시 강화군 강화읍 갑룡길206번길 66, 4동 3층",,37.74668442,126.5194039
그곳카페,"인천광역시 강화군 교동면 대룡안길54번길 11, 1층",032-932-8383,37.7812077,126.2809157
민머루잼머펜션,"인천광역시 강화군 삼산면 어류정길198번길 6, 1층",032-937-2900,37.65369922,126.3364696
마호가니 강화점,"인천광역시 강화군 화도면 해안남로1844번길 19, 3동 1층~2층",070-5099-3758,37.60685027,126.4249768
카페399마켓(cafe399market),"인천광역시 강화군 화도면 마니산로675번길 8, 1층",,37.63299085,126.4230986
DY스퀘어카페,"인천광역시 강화군 화도면 마니산로 453, 1층",,37.63059939,126.4445393
다시올,"인천광역시 강화군 길상면 장흥로101번길 30, 2동 1층",,37.61278982,126.5101302
GS25강화길상점,"인천광역시 강화군 길상면 길상로 315, 1층",,37.63904983,126.4926305
주식회사 조양방직,"인천광역시 강화군 강화읍 향나무길5번길 12, 1층",032-933-2193,37.74677876,126.4809708
블랙펄커피,"인천광역시 강화군 길상면 해안동로 40-2, 1층",,37.6802345,126.5174777
카페디바인,"인천광역시 강화군 선원면 해안동로 1009, 1층",,37.70580379,126.517495
크리스투유오디아,"인천광역시 강화군 강화읍 북문길 10, 1층",,37.74797745,126.4847838
카페더뷰인갤러리,인천광역시 강화군 화도면 해안남로 1525 (1층),032-937-2340,37.59385544,126.4531258
라이스봉봉,"인천광역시 강화군 강화읍 강화대로248번길 28-2, 1층",032-933-1119,37.74214114,126.5022739
아로니움카페,"인천광역시 강화군 삼산면 삼산남로 85-9, 1층",,37.67364385,126.3381127
브아(VOIE),"인천광역시 강화군 길상면 동검길63번길 44, 1층~2층",,37.59259507,126.517468
탐앤탐스(강화씨사이드리조트점)클럽하우스1층,"인천광역시 강화군 길상면 장흥로 217, 클럽하우스 1층",032-930-9030,37.61712205,126.4981148
이디야 인천강화점,"인천광역시 강화군 강화읍 강화대로 392, 1층,2층",,37.74551694,126.4876366
탐앤탐스(강화씨사이드리조트점)전망대1층,"인천광역시 강화군 길상면 장흥로 217, 전망대 1층",,37.61712205,126.4981148
긱스타PC카페,"인천광역시 강화군 강화읍 강화대로404번길 4, 지하1층",,37.74626709,126.4868119
커카인,"인천광역시 강화군 강화읍 강화대로 396-6, 1층",,37.76211323,126.4657266
노을다방,"인천광역시 강화군 화도면 해안남로 1482, 1층",,37.59306738,126.4582709
전들재,"인천광역시 강화군 양사면 인화로 416, 2층",,37.78715934,126.3557061
Cafe 410 (카페 410),인천광역시 강화군 내가면 중앙로 1282,,37.70304196,126.3817441
빵카페,"인천광역시 강화군 화도면 해안남로 1538, 1층",,37.59421221,126.452132
하우스 하일,인천광역시 강화군 양도면 강화남로769번길 79,,37.66358999,126.4113678
지에스25(GS25)강화산단점,"인천광역시 강화군 강화읍 강화산단로73번길 21, GS25",,37.76567779,126.5007621
다리쉼,인천광역시 강화군 길상면 해안남로 579,,37.59817081,126.5000007
황작가커피,"인천광역시 강화군 하점면 창후로 314-2, 1층",032-932-5367,37.76211383,126.3673781
카페 3시15분,인천광역시 강화군 강화읍 남문안길 13,,37.74504461,126.4851048
지에스(GS)25강화남문점,인천광역시 강화군 강화읍 남문로 49,,37.74224277,126.4876797
미꾸지카페,인천광역시 강화군 내가면 강화서로 494,,37.73902506,126.3863429
요기가(YOGIGA),"인천광역시 강화군 강화읍 강화산단로 178, 1층 108호",,37.76352486,126.4981532
코스모프2,"인천광역시 강화군 불은면 강화동로 403, 나동 지하1층, 1층",032-937-6920,37.67414288,126.4873082
교동숲,"인천광역시 강화군 교동면 교동동로438번길 27-22, 1,2층",,37.79197236,126.2857135
봄봄스(봄봄's),"인천광역시 강화군 강화읍 향나무길22번길 11, 1층",,37.74610462,126.4783699
프란쓰,인천광역시 강화군 선원면 선원사지로51번길 16,,37.72354991,126.508702
스카이락,인천광역시 강화군 길상면 해안남로 331-2,032-937-5071,37.59142726,126.460678
카페미스김,인천광역시 강화군 선원면 중앙로 394,,37.7157187,126.470005
I+YOU,인천광역시 강화군 길상면 마니산로 92,,37.63887016,126.4825852
카페쿠나,인천광역시 강화군 내가면 해안서로 948-4,,37.68183844,126.3954949
고고미술갤러리(더카페),"인천광역시 강화군 강화읍 동문안길45번길 2, 가동 1,2층",,37.74888745,126.4894901
윤날,"인천광역시 강화군 강화읍 관청길 52, 1층",,37.74947618,126.4844093
K131,"인천광역시 강화군 화도면 해안남로1691번길 43-8, 1층",,37.59461853,126.4352114
까페마인,"인천광역시 강화군 양도면 강화남로 667, 3층",,37.65990707,126.4238994
풀내음카페,인천광역시 강화군 양도면 강화남로 666,,37.66007398,126.4246292
연강갤러리 카페테리아,경기도 연천군 중면 군중로 885,,38.11788266,126.9871144
메가엠지씨커피 연천전곡점,경기도 연천군 전곡읍 전곡로 158,,38.02626198,127.0683647
뮤토,"경기도 연천군 전곡읍 은전로78번길 26, 2층",,38.02718869,127.0686464
로이(Roi),경기도 연천군 전곡읍 전곡로164번길 11-16,,38.0268732,127.0687842
세상의 모든 아침,경기도 연천군 장남면 장백로 254,,37.9826906,126.8849096
카페 모넬로,"경기도 연천군 전곡읍 은전로86번길 71, 1층",031-833-5982,38.02548767,127.0704521
(재)경기문화재단전곡선사박물관,"경기도 연천군 전곡읍 평화로443번길 2, 전곡선사박물관",031-830-5635,38.01069498,127.0616575
커피빈스(전곡점),"경기도 연천군 전곡읍 은전로78번길 28 (,460-3 1층)",031-832-2344,38.02711803,127.0686947
"커피, 이다",경기도 연천군 전곡읍 전곡로 154 (1층),,38.02596982,127.0685108
블리스버거 연천점,경기도 연천군 군남면 청정로 2281,031-832-3863,38.02991439,127.0390535
이디아전곡역점,경기도 연천군 전곡읍 전곡로 156,031-832-0095,38.02607543,127.068469
큐호텔커피숍,경기도 파주시 탄현면 샘철길 22 (지하1층),031-945-8771,37.78874451,126.6888771
런트랙,경기도 연천군 연천읍 문화로 161,,38.10797354,127.0789917
아침해,경기도 연천군 백학면 두백로 36,031-835-7006,38.03240989,126.9135626
"꽃핀다,방","경기도 연천군 전곡읍 전곡역로 2, 1층",031-835-8820,38.02178494,127.0636715
세모카페,"경기도 연천군 군남면 군남로 417, 1층",,38.08518847,127.0190682
플랫하우스,경기도 연천군 청산면 아우라지길 57-24,,38.03700362,127.1133564
카페리,"경기도 연천군 전곡읍 밤골로 14-3, 로하스빌 102호",,38.01908942,127.0727554
플로리안 카페,경기도 연천군 전곡읍 양연로 1591-15,031-832-3586,37.98856277,127.0153156
카도쉬,"경기도 연천군 연천읍 문화로 150, 연천문화체육회관 아동 (외2필지)",031-834-0308,38.10714087,127.0797254
콩줌,경기도 연천군 군남면 군남로 568,031-833-0770,38.09771606,127.0243833
허브빌리지,경기도 연천군 왕징면 북삼로20번길 55,031-833-1811,38.0887061,127.004881
2층커피집,경기도 파주시 청석로 272 (동패동),031-947-1977,37.72614467,126.7178039
펀구공카페 야당점,경기도 파주시 하우고개길 84 (야당동),031-942-6567,37.70984121,126.7638052
커피빈스,경기도 연천군 연천읍 연천로 296-1,,38.09483197,127.0737681
GS25 전곡중앙점,경기도 연천군 전곡읍 전곡로 144-1,,38.02258764,127.0706617
가드닝 카페 온실,경기도 연천군 전곡읍 은전로91번길 26,,38.02984979,127.0693422
설빙,경기도 연천군 전곡읍 전곡로 145,031-832-6040,38.02507883,127.0686168
카페 531,경기도 연천군 전곡읍 평화로 531,,38.01781322,127.0692306
까라솔 투,"경기도 연천군 연천읍 연천로 217, 나동 1층",,38.09631655,127.0738318
트윈스,경기도 파주시 탄현면 웅지로144번길 73 (웅지세무대학 C동 구내식당 지하1층),031-941-0314,37.81875478,126.7357045
다빈카페,"경기도 연천군 청산면 청신로 93, 1층",,37.98311636,127.0692307
카페 콩피,경기도 연천군 청산면 평화로 335,,38.00183604,127.0663338
알멕스랜드,경기도 연천군 왕징면 왕산로218번길 61,,38.07310643,127.0070102
코밀카페,경기도 연천군 미산면 청정로1707번길 2,,38.05187266,127.0104648
랩도그빌,경기도 연천군 청산면 청창로200번길 33,,38.00817707,127.0882293
탐스피씨카페,"경기도 파주시 적성면 솥뒤로 30, 1층",,37.95657271,126.9168833
에그드랍(김포구래점),"경기도 김포시 김포한강9로 80, 다온프라자 1층 107호 (구래동)",,37.64412335,126.6260532
카페로맨틱코,"경기도 김포시 모담공원로 184, 2층 전체호 (운양동)",,37.64697318,126.6980263
hollys coffee(할리스커피) 김포지식산업센터점,"경기도 김포시 태장로795번길 145, 호텔아쎔 1층 일부호 (장기동)",031-997-3230,37.64041234,126.6843656
공차 파주교하점,"경기도 파주시 청석로 260, 트리플메디칼타워 1층 115호 (동패동)",,37.725103,126.7177384
우떡분식&커피,"경기도 파주시 문발로 141, 까뜨리느뮤즈 105호 일부 (문발동)",,37.70706269,126.6857546
AURA STUDIO COFFEE(오라스튜디오커피),"경기도 김포시 김포한강1로 247, 김포운양헤리움타운 3층 311호 (운양동)",,37.65426783,126.6848191
글로리아(Gloria),"경기도 파주시 교하로 581, 1,2층 (동패동)",031-949-2457,37.7071581,126.7144843
애지중지애견카페,"경기도 파주시 청암로17번길 35, 라온프라자 201호 (목동동)",031-944-2212,37.72908582,126.7361358
카페게이트 파주운정산내마을점,"경기도 파주시 청암로17번길 35, 라온프라자 102호 (목동동)",,37.72908582,126.7361358
미엘케이크(miL cake),"경기도 김포시 김포한강3로 290-16, 상가동 1층 106호 (장기동, 고창마을 이니스더원)",,37.64256179,126.657267
카르페디엠,경기도 연천군 백학면 노아로 252,031-866-1145,37.98810067,126.9460695
빽다방 김포풍무역점,"경기도 김포시 유현로238번길 31, 웅신타워 1층 114호 (풍무동)",,37.61139704,126.7328464
솔카롱,"경기도 김포시 김포한강4로 507, 1층 120호 (구래동)",,37.6461192,126.6275368
까페인연1호점,"경기도 김포시 통진읍 마송1로16번길 40-2, 김포시북부노인복지관 1층 일부호",031-984-0108,37.68372371,126.6062425
지금여기에-김포시장애인복지관 카페2호점,"경기도 김포시 김포한강2로 42, 장기도서관 4층 일부호 (장기동)",070-7327-4104,37.64179461,126.6765436
마루카페,경기도 연천군 전곡읍 선사로 456,,38.02984332,127.0726044
리오차드38(LEE ORCHARD38),"경기도 파주시 적성면 어삼로 161-5, 1층 일부, 2층전체",031-958-1615,37.99967454,126.9807389
메가엠지씨커피 금촌역점,"경기도 파주시 중앙로 330, 1층 (금촌동)",,37.76498259,126.7742823
수우스,"경기도 김포시 김포한강1로98번길 17-88, 1층 101호 (장기동)",,37.64530841,126.6731324
헤이헤이,경기도 파주시 평화로 380 (검산동),,37.774583,126.7407906
아마스빈 김포구래점,"경기도 김포시 김포한강9로 80, 105호 (구래동)",,37.64412335,126.6260532
초이카페,"경기도 파주시 하우3길 6, 동보하임 202동 102호 일부 (야당동)",,37.7187875,126.771583
메가엠지씨커피 김포운양점,"경기도 김포시 김포한강11로 288-27, 한강프라자 109호, 110호 (운양동)",,37.65380554,126.6775181
하이오커피 파주우미린점,"경기도 파주시 해올로 11, 상가2동 105호 (다율동, 해오름마을11단지 우미린 더퍼스트)",,37.73389688,126.7285487
오케키,"경기도 파주시 산내로7번길 7-2, 1층 (목동동)",,37.72265211,126.7399163
디저트달콤양,"경기도 파주시 가람로21번길 7-16, 1층 일부 (와동동)",,37.73560644,126.752224
메가엠지씨커피 운정해오름마을점,"경기도 파주시 해올1길 7, 하모니타워 108호 (다율동)",,37.7338782,126.7299861
오라니카페,"경기도 김포시 양촌읍 양곡1로56번길 21, 1층 일부호",,37.65640818,126.6240967
지조커피,"경기도 김포시 통진읍 김포대로2230번길 13-10, 1층 일부호",,37.69035871,126.598751
축복이네손모찌전문점,"경기도 김포시 김포한강1로78번길 61-44, 1층 (장기동)",031-998-4798,37.64404298,126.6714768
크로플덕오리아가씨 김포구래점,"경기도 김포시 김포한강9로12번길 97-8, 1층 102호 (구래동)",,37.63965812,126.6291734
폴라프커피,"경기도 파주시 탄현면 헤이리마을길 93-102, 1층",,37.78809894,126.69811
댄싱컵 파주운정점,"경기도 파주시 해올1길 12, SD드림스퀘어 1층 101호 (다율동)",,37.73359908,126.7295142
전곡 293,"경기도 연천군 전곡읍 전곡역로 31-5, 1동",,38.02369219,127.0688083
카페아토,"경기도 김포시 양촌읍 황금산단2로 28, 1층 13호",,37.60500842,126.6049378
카페샌도치(cafe sandochi),"경기도 김포시 고촌읍 수기로 136, 501동 115호 (캐슬앤파밀리에시티 2단지)",,37.59482587,126.7592166
타레트(ttalett),"경기도 김포시 김포한강11로140번길 105, 1층 2호 (운양동)",,37.64782566,126.6827728
오티움,"경기도 파주시 탄현면 헤이리마을길 93-127, 나동 3층",,37.78809894,126.69811
해피스버터(HAPPY'S BUTTER),"경기도 파주시 청암로 82, 근생1동 111호 (다율동, 운정신도시 푸르지오 파르세나)",,37.73528319,126.7339178
스타벅스 김포통진DT점,"경기도 김포시 통진읍 김포대로 2026, 1~2층",1522-3232,37.68304164,126.6193766
투썸플레이스 김포초당마을점,"경기도 김포시 김포한강2로 76, 프레즌스빌딩 1층 107,108,109,110호 (장기동)",,37.63927323,126.6747114
커피커피,"경기도 파주시 탄현면 방촌로 1071, 1층 4호일부",,37.82629667,126.7389363
홍당(HONGDANG),"경기도 김포시 하성면 월하로860번길 21-8, 1동 1층",,37.70328712,126.6471361
더벤티 김포장기중점,"경기도 김포시 청송로 8, 1동 105호 (장기동)",,37.64695286,126.6653177
카홀릭,"경기도 김포시 양촌읍 양곡로449번길 58, 1,2층",,37.6568508,126.6325228
고망고 김포사우점,"경기도 김포시 사우중로 78, 밀레니엄프라자 106호 (사우동)",,37.62133809,126.7209071
배달비 무료카페(BEMU),"경기도 파주시 문산읍 문산로26번길 13, 101동 1층 3-12호 (문산호수아파트)",,37.85672838,126.7829592
달리는커피 금촌로타리점,"경기도 파주시 번영로 10, 1층 (금촌동)",,37.75789719,126.7721071
Brand new day(브랜뉴데이),"경기도 김포시 하성면 하성로 270, 1층 101호",,37.69909614,126.635369
안젤라펫(Angelapet),"경기도 김포시 김포한강9로12번길 8-36, 프리지어 101호 (구래동)",,37.63965812,126.6291734
소복소복,경기도 연천군 전곡읍 선사로 401,,38.02490063,127.0732455
커피에반하다 유미어스점,"경기도 파주시 경의로 1016, 유미어스오피스텔상가 116호 (야당동)",,37.70825407,126.7594437
피오리에(FIOLIER),"경기도 파주시 경의로 1090, 704호 (야당동)",031-949-8866,37.71450879,126.7600603
커피설,"경기도 파주시 한마음1길 38, 골드시티프라자 205호 좌측 (금촌동)",,37.75696281,126.7711865
메가엠지씨커피 파주적성점,"경기도 파주시 적성면 청송로 1020, 1층 가호",,37.95408868,126.918479
이디야커피 파주경찰서점,"경기도 파주시 쇠재로 128, 103,104,105호 (금릉동)",,37.75261767,126.7778436
카페위덴,"경기도 김포시 사우로63번길 13, 위덴치아랑주식회사 1동 1층 (사우동)",,37.62023035,126.7291482
연천미라클타운 한옥카페,경기도 연천군 군남면 군중로 132,,38.13052941,127.0444607
소문난카매트앤커피,"경기도 파주시 광탄면 보광로 524, 라동 우측일부",,37.75459354,126.9093079
하늬별,"경기도 파주시 쇠재1길 25-4, 1층 일부 (금릉동)",,37.75079409,126.7790307
파머스커피(Farmers coffee),"경기도 김포시 양촌읍 해평로 126-63, 1층 일부호",,37.65694311,126.662634
카페게이트 운양역점,"경기도 김포시 김포한강1로 250, 골든타임 1층 109호 (운양동)",,37.65332676,126.6847495
메가엠지씨커피 운정가람마을점,"경기도 파주시 미래로 622, 대흥프라자 107호 (와동동)",,37.73270722,126.7509447
라피유,경기도 연천군 청산면 청연로 34,,38.03524273,127.1036288
더벤티 파주금릉점,"경기도 파주시 금빛로 24-21, 보람프라자 106호 (금촌동)",,37.75195043,126.7665697
공차 금릉역점,"경기도 파주시 금빛로 24-17, 월드프라자 1층 103호 (금촌동)",,37.75195043,126.7665697
할리스커피 김포농협본점,"경기도 김포시 홍도평로 20, 김포농협 농수축산물판매장 A동 2층 11호 (걸포동)",031-986-7932,37.63157414,126.7130041
코너커피,"경기도 김포시 김포대로 709, 퍼스트블루 111호 (풍무동)",,37.61223162,126.731849
감성커피 파주금촌점,"경기도 파주시 명동길 75, 1층 일부 (금촌동)",,37.76360798,126.7744163
이정빙수,"경기도 파주시 가람로21번길 61-25, 1층 (와동동)",,37.73560644,126.752224
초콜릿포레스트(C forest),"경기도 파주시 성재안길 40-15, 1층 일부 (당하동)",031-941-7248,37.73484562,126.7455242
카페게이트 파주금촌역점,"경기도 파주시 새꽃로 200, 1층 일부 (금촌동)",,37.76530203,126.7747797
디엠지레클리스협동조합,"경기도 연천군 장남면 장남로 270, 1층",,37.98789133,126.8473295
커피고(커피GO),"경기도 파주시 교하로159번길 33, 1층 113호 (목동동)",,37.72364274,126.7397188
커피베이 김포감정동점,"경기도 김포시 중봉로 9, 주연메디칼 1층 102호 (감정동)",,37.62331133,126.6971518
라고머스,"경기도 김포시 고촌읍 인향로24번길 72, 1층 일부호",,37.59991751,126.7680613
카페게이트파주운정가람점,"경기도 파주시 미래로 610, 운정메디컬프라자 1층 112호 (와동동)",,37.73165607,126.7514599
메가엠지씨커피 금촌로터리점,"경기도 파주시 번영로 1, 1층 일부 (금촌동)",,37.75765791,126.7729559
카페 엘오비 (CAFE LOB),"경기도 파주시 광탄면 보광로 787, 1층 일부",031-946-1559,37.7714431,126.8951515
카페우(cafewoo),"경기도 파주시 적성면 칠중7길 95, 1층일부",,37.95797271,126.9173287
메가엠지씨커피 파주야당역점,"경기도 파주시 경의로 1090, 삼융타워 114호 (야당동)",031-944-1382,37.71450879,126.7600603
카페또옴,"경기도 김포시 대곶면 약암로 889-19, 1층, 2층",031-982-8500,37.62457525,126.556964
엔제리너스 롯데시네파주운정점,"경기도 파주시 청암로17번길 17, 홈플러스 파주운정점3층 300D호 (목동동)",,37.72942152,126.7368606
하울림,"경기도 김포시 풍무로146번길 101, 풍무도서관 1층 일부호 (풍무동)",,37.60761555,126.729149
카페모모,"경기도 김포시 승가로19번길 1, 1층 일부호 (풍무동)",,37.60631697,126.7200436
소노비,"경기도 김포시 김포한강8로162번길 131, 꿈꾸는교회 지하1층 일부호 (마산동)",,37.63310241,126.648301
프롤릭,"경기도 김포시 김포한강11로140번길 80, 1층 101호 (운양동)",031-997-0731,37.64802979,126.6833976
통일촌농산물식당카페,경기도 파주시 군내면 통일촌길 37 (1층 일부),031-954-1003,37.90885745,126.7332809
보따리,"경기도 파주시 와석순환로252번길 7-30, 1층 우측일부 (목동동)",,37.71980897,126.7378637
이디야 김포하성점,"경기도 김포시 하성면 애기봉로 868, 1층 102호",,37.71963799,126.6338649
쑥먹은곰탱이,"경기도 파주시 심학산로423번길 7-33, 3층 일부 (목동동)",,37.7190733,126.7385431
카페bombom(봄봄),"경기도 김포시 모담공원로 178, 2층 (운양동)",031-983-0178,37.64723222,126.6977465
카페 블라썸,경기도 연천군 미산면 왕산로 2,,38.05490884,127.0124465
카페모리,"경기도 김포시 양촌읍 석모로 103, 1층 일부호",,37.65156348,126.6394337
나는애견인이다,"경기도 파주시 탄현면 새오리로161번길 53-54, 1층 전체",,37.79934211,126.6850101
cafe675,"경기도 김포시 북변1로 18, 1층 일부호 (북변동)",,37.62732969,126.7050739
오블라디카페,"경기도 파주시 문산읍 문현말길 113-14, 1층",031-954-1836,37.84265165,126.7681158
스위치온,"경기도 파주시 문발로 233, 은하관 1-2호 (문발동)",,37.71516574,126.6875146
메가커피 운정초롱점,"경기도 파주시 양지로 117, 예스프라자운정 103호 (동패동)",,37.70965075,126.7219191
로아디저트카페,"경기도 김포시 북변중로65번길 52, 1층 일부호 (북변동)",,37.6249137,126.710568
공차 파주운정점,"경기도 파주시 미래로 375, 삼성메디컬프라자 101호 (동패동)",,37.71140391,126.7458517
모리셔스브라운(MAURITIUS BROWN) 운정점,"경기도 파주시 청암로17번길 49, 102호 (목동동)",,37.72859613,126.7350473
빽다방 파주적성점,"경기도 파주시 적성면 청송로 1026, 1층 일부",,37.95437887,126.9191248
매머드익스프레스 김포구래점,"경기도 김포시 김포한강9로 95, 1층 111호 (구래동)",,37.6451553,126.6255903
컴포즈커피 연천 차탄리점,경기도 연천군 연천읍 문화로 109,,38.10335392,127.078054
롱블랙,"경기도 김포시 고촌읍 인향로24번길 74, 1층",,37.6000038,126.7679139
오로라2,"경기도 연천군 백학면 노아로491번길 283, 오로라동",,38.00994617,126.9515096
컴포즈커피 김포가현초교점,"경기도 김포시 김포한강2로 96, 계림프라자투 1층 102호 (장기동)",,37.63888977,126.6728213
토프레소김포고촌점,"경기도 김포시 고촌읍 신곡로29번길 35, 1층 102호 (아카데미프라자)",,37.60540375,126.7731325
카페청춘드림(다목적체육관점),"경기도 파주시 중앙로 160, 금촌다목적실내체육관 1층일부 (금릉동)",031-947-5522,37.75614052,126.785768
JJ커피솝,"경기도 연천군 전곡읍 평화로 533-29, 2층",,38.11576125,127.089958
행복한책방 파주,"경기도 파주시 가람로21번길 27-38, 1층일부 (와동동)",031-945-8922,37.73560644,126.752224
메가엠지씨커피 파주당동점,"경기도 파주시 문산읍 당동1로 43, 세원프라자 1층 103호",,37.86334263,126.7736386
투썸플레이스 파주동패점,"경기도 파주시 동서대로 640-4, 1층일부,2층전체 (동패동)",031-943-1831,37.70249705,126.7202122
카페오르,"경기도 파주시 조리읍 통일로 279, 3층 일부",,37.74138925,126.8121162
아이리스카페,"경기도 파주시 월롱면 휴암로117번길 3, 1층",031-945-6942,37.80157197,126.7811598
카페게이트,"경기도 파주시 문산읍 방촌로 1733, 용성프라자 1층 106호",,37.86741637,126.7849401
꿈목장 로컬본점,"경기도 김포시 홍도평로 20, 1층 일부호 (걸포동)",,37.63157414,126.7130041
디엠지라운지 (DMZ LOUNGE),"경기도 파주시 탄현면 새오리로161번길 90, 1층일부",,37.80039872,126.6835861
투썸플레이스 운정역점,"경기도 파주시 경의로 1250, 엠버418 111~114호 (와동동)",,37.72913208,126.7611269
가비아띠카페,"경기도 파주시 적성면 솥뒤로 21, 1층일부",,37.95590729,126.9170359
cafe dimora 카페디모라,"경기도 김포시 김포한강1로84번길 16, 1층 (장기동)",031-4727-5781,37.64517014,126.6712644
더카페,"경기도 파주시 문산읍 방촌로1294번길 3, 1층",,37.84144722,126.7527729
컴포즈커피파주운정점,"경기도 파주시 청암로17번길 31, 신우빌딩 111호 (목동동)",031-945-9979,37.72836856,126.7358551
스타벅스 파주P.아울렛 1F,"경기도 파주시 탄현면 필승로 200, 파주프리미엄아울렛 지하1층 1312호",1522-3232,37.76935123,126.6953853
(주)웅진씽크빅,경기도 파주시 회동길 20 (주)웅진씽크빅 1층 (문발동),031-956-7260,37.70453653,126.6849046
디져트39(연천전곡점),경기도 연천군 전곡읍 온골로 38-2,,38.02380219,127.0686604
무무,"경기도 파주시 미래로408번길 22, 운정프라자 1층 101호 (야당동)",,37.71406505,126.7478364
메가엠지씨커피 운정해솔마을점,"경기도 파주시 와석순환로 425, 캐슬플라자 103호 (와동동)",031-943-5580,37.72355141,126.75262
더벤티김포구래점,"경기도 김포시 김포한강9로 95, 센타프라자 113호 (구래동)",,37.6451553,126.6255903
더카페,"경기도 김포시 양촌읍 황금3로 89, 학운프라자 112호",,37.61103266,126.6187142
컴포즈커피 구래카림애비뉴점,"경기도 김포시 김포한강4로 487, 1층 1041호 (구래동, 한강신도시 반도유보라 4차)",,37.64639789,126.6295163
헤이리커피공장103,"경기도 파주시 탄현면 헤이리마을길 93-119, 1층",031-948-0103,37.78809894,126.69811
스토리카페앤스튜디오(story cafe&studio),"경기도 김포시 월곶면 애기봉로 124-46, 1층",,37.7297365,126.59364
빽다방김포구래점,"경기도 김포시 김포한강9로 80, 1층 123호 (구래동, 다온프라자)",031-989-0412,37.64412335,126.6260532
카페게이트 교하점,"경기도 파주시 청석로 256, 교하일번가빌딩 120호 (동패동)",031-949-4441,37.72470752,126.7177597
메가엠지씨커피 풍무당곡고개점,"경기도 김포시 풍무로 62, 한화프라자 1층 105호 (풍무동)",031-983-3398,37.60095762,126.7216758
제이콥(cafe jacob),"경기도 파주시 탄현면 새오리로 10, 2층 전체",,37.78705516,126.690155
커피에반하다 김포양곡휴먼시아점,"경기도 김포시 양촌읍 양곡2로30번길 51-16, 양촌타워 1층 109호",,37.6539733,126.6301987
미루카페,"경기도 김포시 통진읍 월하로 368, 가동 1층",,37.71087326,126.5964027
GS25연천로점,경기도 연천군 연천읍 연천로 284,,38.10213672,127.075263
우드터닝,"경기도 김포시 월곶면 월하로 153, 1층 일부호",,37.71367738,126.5744548
빈치하다 카페,"경기도 김포시 유현로237번길 89, 1층 전체호 (풍무동)",,37.61448807,126.7279247
만랩커피 파주운정점,"경기도 파주시 금바위로 42, 104호 (와동동)",,37.72832273,126.7600126
문화공간 카페- in,경기도 연천군 전곡읍 선사로 443,,38.02856625,127.0726268
오브스토리지(오브휴마리올라),"경기도 김포시 양촌읍 석모로16번길 98, 2층 전체호",,37.65536852,126.6470999
(주)에스디인터내셔날 나인블럭 헤이리점,"경기도 파주시 탄현면 헤이리마을길 59-6, 1층 일부",031-941-0551,37.78809894,126.69811
파주프로방스허브,"경기도 파주시 탄현면 새오리로 79-24, 1층 일부",031-943-0356,37.808712,126.6903555
마시치요,경기도 연천군 미산면 청정로 1755,,38.05527512,127.0135941
컴포즈커피 김포은여울점,"경기도 김포시 김포한강8로 173-88, 근린생활시설A동 118호 (마산동, 한강신도시 동일스위트 더파크뷰 1단지)",,37.64144019,126.6432951
오늘도난삐딱하개,"경기도 김포시 대곶면 율생중앙로52번길 37, 1층 일부호",,37.65409535,126.5838607
할머니,"경기도 파주시 책향기로 836, 아름터타워 108호 (와동동)",,37.72927091,126.7637605
더벤티 김포마송점,"경기도 김포시 통진읍 김포대로 2231, 서진프라자 103호",,37.68944548,126.5978505
달리는커피 파주운정1호점,"경기도 파주시 교하로 79, 1층 111호 (목동동)",,37.7283367,126.7334307
라운드어스,"경기도 파주시 마무리길 14, 상가동 103호 (아동동)",,37.76061673,126.7784305
펫다방 김포,"경기도 김포시 김포한강11로 288-31, 에이스프라자 203호일부 (운양동)",,37.65380554,126.6775181
라본비,"경기도 김포시 김포한강10로133번길 127, 1층 136호 (구래동)",,37.64407084,126.6181574
류애비뉴 야당점,"경기도 파주시 경의로1004번길 17, 디베뉴스타 103호 (야당동)",,37.70782586,126.760076
용커피,"경기도 김포시 김포한강1로78번길 36, 1층 101호 (장기동)",,37.64386947,126.6715179
스타벅스 김포아이앤씨점,"경기도 김포시 태장로 779, 신세계그룹 데이터센터 사무동 1층 일부호 (장기동)",1522-3232,37.63881132,126.6806254
카페게이트 금릉점,"경기도 파주시 금빛로 24-9, 조인프라자 108호 (금촌동)",,37.75195043,126.7665697
카페쏭,"경기도 김포시 하성면 월하로 914, 1~2층",,37.70582622,126.6548626
임종호커피 파주점,"경기도 파주시 탄현면 평화로 914, 1층 일부, 2층 전부",,37.78690308,126.6886875
카페지,"경기도 김포시 고촌읍 수기로 2, 오룡마을한화아파트 상가 1층 101호",031-998-3647,37.60303341,126.7667443
Cafe Remember(카페리멤버),"경기도 김포시 김포한강11로 288-37, 1층 119호 (운양동)",,37.65380554,126.6775181
가든팜,"경기도 김포시 걸포로 106, 1층 일부호 (걸포동)",,37.64083282,126.7028516
(주)커피빈코리아 김포장기DT점,"경기도 김포시 태장로 819, 1,2층 전체호 (장기동)",,37.63650094,126.6775776
11ho-sangga(11호상가),"경기도 김포시 모담공원로 53, 상가동 1층 11호 (운양동, 한강신도시 반도유보라 6차)",,37.65199255,126.6845997
더벤티 대광리점,경기도 연천군 신서면 연신로 1160,,38.1852212,127.1077238
역전다방카페,"경기도 파주시 송학1길 45-3, 1층 일부 (야당동)",,37.71346886,126.763841
날쌘카페 김포장기점,"경기도 김포시 태장로795번길 23, 김포 마스터비즈파크 1층 R138호 (장기동)",,37.6378692,126.6809027
CU 운정산내마을점,"경기도 파주시 청암로48번길 8-32, 1층 (목동동)",,37.73332898,126.7363627
썬워시 카페,"경기도 김포시 양촌읍 봉수대로 1823, 가동 1층",,37.63122953,126.6283394
메가엠지씨커피 풍무양도사거리점,"경기도 김포시 풍무로 97, 가동 101호 (풍무동)",,37.60421907,126.7218902
스타벅스 풍무역DT점,"경기도 김포시 김포대로 657, 1, 2층 전체호 (풍무동)",031-982-3721,37.61036278,126.7374953
제이슈크레(Jsucree),"경기도 파주시 탄현면 헤이리마을길 36, 2층",,37.78691456,126.6974526
카페 피오레(Cafe Piore),"경기도 김포시 김포한강11로 288-37, 헤리움 리버테라스 1층 112, 113호 (운양동)",,37.65380554,126.6775181
레드퍼피,"경기도 김포시 월곶면 김포대로 2722, 1층",,37.71157271,126.5517444
와플대학 김포사우캠퍼스,"경기도 김포시 사우중로 82, 사우프라자 1층 114호 (사우동)",031-982-3352,37.62172257,126.7211832
펠리스케이크,"경기도 김포시 김포대로 699, 드림시티 105호 (풍무동)",031-997-1474,37.61179994,126.7329143
투썸플레이스김포DT점,"경기도 김포시 김포대로 1533, 1,2층 (장기동, 1층,2층 전부)",031-984-0515,37.65947841,126.665625
컴포즈커피 운정가람마을점,"경기도 파주시 미래로602번길 3, 윤정프라자 106호 (와동동)",,37.73130963,126.7516641
(cafetree)카페트리,"경기도 김포시 하성면 월하로 737-5, 1층",,37.71151928,126.6116773
시현카페,"경기도 김포시 김포한강4로 515, 1층 109호 (구래동)",,37.64591941,126.6265235
카페나길,"경기도 연천군 전곡읍 선사로 123, 2층",,38.0073592,127.0623396
다온,"경기도 김포시 월곶면 군하로 260, 1층",,37.71564214,126.5536045
85 로스터스(Roasters),"경기도 김포시 김포한강9로12번길 7-20, 해솔리아 102호 (구래동)",031-984-1985,37.63965812,126.6291734
데미타스,"경기도 파주시 금바위로 50, 106호 (와동동)",031-937-8884,37.72902871,126.7588583
박종근 베이커리카페,"경기도 파주시 탄현면 새오리로 59-28, 1층 전부",031-946-6353,37.808712,126.6903555
월롱커피,"경기도 파주시 월롱산로 118, 2동 (야동동)",,37.78554016,126.7607878
In the butter (인더버터),"경기도 김포시 김포한강4로 521, 한강메디플라자 1층 102호 (구래동)",,37.64584159,126.6261073
라운드어스(ROUNDUS),"경기도 파주시 순못길 6-13, 1층일부 (다율동)",,37.72861563,126.7153889
과일을담다 파주점,"경기도 파주시 금정7길 29, 1층 일부 (금촌동)",070-7543-9756,37.75728326,126.7747287
미테(MITTE),"경기도 파주시 적성면 설마천로 273-55, 1,2층",,37.9379148,126.9466574
팔공티 사우점,"경기도 김포시 사우중로 93, 한빛프라자 1층 106호 (북변동)",,37.62293544,126.7213984
달꿈카페,"경기도 김포시 사우중로 1, 김포시청 지하1층 일부호 (사우동)",031-5186-4989,37.61606397,126.7143075
다올 카페,경기도 연천군 청산면 궁평로45번길 16-1,,38.0266676,127.1045985
컴포즈커피 운정한빛마을점,"경기도 파주시 와석순환로 82, 대흥프라자 108호 (야당동)",,37.7113214,126.7504593
커피덤보,"경기도 김포시 중봉1로 67, 1층 (북변동)",031-982-5755,37.62567259,126.7039532
우주라이크커피 김포구래점,"경기도 김포시 김포한강9로75번길 158, 이편한시티한강신도시 B동 105호 (구래동)",031-988-8768,37.64472416,126.6234602
무드130(mood130),"경기도 파주시 산내로104번길 8, 1층 (목동동)",,37.72755013,126.7378385
바움테라스,"경기도 파주시 소라지로 255, 2층 (송촌동)",,37.74559194,126.6917866
컴포즈커피 김포운양역점,"경기도 김포시 김포한강11로 288-19, 운양프라자 1층 101호 (운양동)",,37.65380554,126.6775181
너투커피,"경기도 김포시 양촌읍 흥신로239번길 49, 1층 일부호",,37.67662608,126.6103278
카페페블,"경기도 김포시 통진읍 서암로 112, 1층 일부호",,37.69474679,126.6004975
라둘레,"경기도 파주시 교하로 595-15, 1층 일부 (동패동)",,37.71250491,126.7006422
쥬씨 파주적성점,"경기도 파주시 적성면 칠중1길 21, 1층일부",,37.9532718,126.9187436
153COFFEE,"경기도 김포시 월곶면 군하로 187-10, 1층 일부호",,37.70919397,126.5583797
쉬베이크180℃,"경기도 파주시 맨드라미길 8-11, 1층 일부 (동패동)",,37.72011154,126.7146318
메가커피 파주시청점,"경기도 파주시 시청로 25, 광우프라자 1층 106호 (금촌동)",,37.75916164,126.7762656
카페박석:뜰,"경기도 파주시 탄현면 동오리길 135-48, 1동 1,2층, 2동 1층",,37.83734738,126.7390506
더 리틀 쏘해피,"경기도 김포시 영터길 33, 103호 (마산동)",,37.63364337,126.6436516
wood cafe(우드카페),"경기도 김포시 대곶면 대명항로 492-5, 지하1층",,37.64869112,126.5785318
월드라인컴퍼니(주),"경기도 김포시 양촌읍 양곡2로60번길 68-46, 아녜스빌 1층 101호",031-998-8442,37.6567894,126.6292548
스타벅스 김포현대아울렛3층점,"경기도 김포시 고촌읍 아라육로152번길 100, 현대프리미엄아울렛 1동 3층",,37.59723685,126.7852336
달리는커피,"경기도 파주시 문산읍 방촌로 1719-74, 1층 107호",,37.81874169,126.7224131
포리얼 (for real),"경기도 김포시 영터길 69, 103호 (마산동)",,37.63385711,126.645396
그린블럭,"경기도 김포시 양촌읍 석모로 14-15, 1,2층",,37.65301058,126.6429413
지파운데이션 나눔가게&커피,"경기도 김포시 김포한강11로255번길 85, 썬셋타워 101호 (운양동)",,37.65740366,126.6786297
cafe rain(카페레인),"경기도 김포시 김포한강10로133번길 82, 103호 (구래동)",,37.64201624,126.6203029
카페요새,"경기도 김포시 김포한강11로 160, 전원마을월드4단지아파트 107호 (운양동)",,37.64730057,126.679538
카페그리메,경기도 연천군 군남면 삼왕로 142,,38.07906511,127.0319478
미니체험카페,경기도 연천군 전곡읍 온골로 18,,38.0228776,127.0696871
배배꼬,"경기도 파주시 경의로 1030, 헤리움 1층 115~116호 (야당동)",,37.70936185,126.7593326
메가엠지씨커피 파주LCD점,"경기도 파주시 월롱면 엘씨디로241번길 8-25, 102호",,37.80948777,126.7576792
데이인(dAY In),"경기도 파주시 금릉역로 186, 2층 202호 (금촌동)",,37.76076127,126.7661305
카페모네,"경기도 김포시 김포대로 1430, 103호 (운양동, 한강신도시리버에일린의뜰)",,37.65337795,126.6734283
미학커피,경기도 연천군 미산면 청정로755번길 104,,38.04307495,126.9361408
미담(米담),"경기도 파주시 한빛로 20, 상가1동 109호 (야당동, 롯데캐슬 파크타운 Ⅱ)",,37.71049104,126.7555236
스타벅스 김포걸포점,"경기도 김포시 걸포2로 83, 161~167호 (걸포동, 한강메트로자이1단지)",,37.6331164,126.7010503
크로체,"경기도 김포시 김포한강1로78번길 32-45, 102호 (장기동)",,37.64404298,126.6714768
바이츠카페,"경기도 김포시 김포한강8로 416, 406호 (구래동)",070-5227-3068,37.64280685,126.6227753
MORRO COFFEE(모로커피),"경기도 김포시 양촌읍 황금3로 89, 학운프라자 120,121호",,37.61103266,126.6187142
투데이 커피,"경기도 김포시 고촌읍 장차로 23, 길훈아파트 상가 102호",,37.60409355,126.7705321
찬달제과,"경기도 김포시 통진읍 김포대로2250번길 23-14, 소망마을제상가동 1층 101호",,37.69140162,126.5968317
커피너스,경기도 연천군 연천읍 연천로252번길 3,,38.09937554,127.0747912
메가커피 파주경찰서점,"경기도 파주시 쇠재2길 4, 1층일부 (금릉동)",,37.75284714,126.7778865
스윗먼스(SWEET MONTH),"경기도 파주시 문산읍 방촌로 1695-45, 102-2호",,37.81874169,126.7224131
Boratte(보라떼),"경기도 김포시 양촌읍 양곡2로30번길 51-15, 1층 일부호",,37.6539733,126.6301987
크리미(Creamy),"경기도 김포시 김포한강4로 130-7, 2층 201호 (장기동)",,37.65151619,126.6514586
오월cafe(카페),"경기도 김포시 대곶면 대명항로 247-1, 1층 일부호",031-988-4966,37.64869112,126.5785318
커피월드,"경기도 김포시 태장로 789, 1층 142호 (장기동)",,37.63816878,126.6801412
메가엠지씨커피 파주연풍삼거리점,"경기도 파주시 파주읍 술이홀로 477, 1층 2호",,37.82932923,126.8400934
발도스커피 구래역점,"경기도 김포시 김포한강4로 487, 판매시설동 1층 1031호 (구래동, 한강신도시 반도유보라 4차)",,37.64639789,126.6295163
경인 커피머신수리 카페지원서비스,"경기도 김포시 관순로26번길 50, 1동 1층 102호 (사우동, 예가지움3차)",,37.62126166,126.7121542
메가엠지씨커피 운정이마트점,"경기도 파주시 미래로 371, 씨티타워 109호 (동패동)",031-943-7859,37.71109414,126.7458457
이디야 장기제일점,"경기도 김포시 태장로795번길 23, 김포 마스터비즈파크 1층 R108, R109호 (장기동)",,37.6378692,126.6809027
마임하임카페(MAIMHAIMCAFE),"경기도 파주시 문산읍 당동2로 95, 1층",,37.86797751,126.7741794
CAFE도,"경기도 김포시 김포한강1로78번길 6-9, 1층 (장기동)",,37.64404298,126.6714768
할리스커피 김포한강생태공원점,"경기도 김포시 김포한강11로 452, 1,2층 (운양동)",031-996-2000,37.65370699,126.6982626
쥬와,"경기도 김포시 김포한강11로 288-37, 110호 (운양동)",,37.65380554,126.6775181
카페 우먼,경기도 연천군 전곡읍 은전로86번길 83-6,,38.02645692,127.0699373
던킨도너츠 파주임진각점,"경기도 파주시 문산읍 임진각로 148-73, 14동 2층 일부",,37.88866503,126.7492897
컴포즈커피(운정이마트점),"경기도 파주시 미래로 375, 삼성메디컬 프라자 108호 (동패동)",,37.71140391,126.7458517
메가엠지씨커피김포호수초점,"경기도 김포시 김포한강4로420번길 88, 110호 (구래동)",031-986-7225,37.65064515,126.6332214
커피(COFFEE) 하루,"경기도 김포시 봉화로182번길 42, 산호아파트 상가동 1층 109호 (북변동)",,37.62909072,126.7038017
스카이랩커피,"경기도 김포시 양촌읍 양곡3로1번길 74, 1층",,37.65536072,126.6298274
그루터기,"경기도 파주시 숲속노을로 265, 토우프라자 606호 (문발동)",,37.72413583,126.7112016
디플랫,"경기도 파주시 회동길 446, 1층 (문발동)",070-4155-0303,37.72023916,126.6945845
츄카츄카,"경기도 김포시 월곶면 용강로 19, 1층",,37.72086938,126.5572899
할리스커피 김포시청점,"경기도 김포시 김포대로 847, 중앙프라자 105, 204호 (사우동)",,37.61969658,126.7196475
커피에반하다김포감정점,"경기도 김포시 중봉1로 17, 1층 102호 (감정동)",031-988-8869,37.62333173,126.6993867
카페 에스쁘아 중앙도서관점,"경기도 파주시 쇠재로 33, 파주시립중앙도서관 5층 (금촌동)",031-949-3620,37.75001951,126.7707148
포비든플레이스,"경기도 파주시 군내면 적십자로 139, 1층 일부",,37.8954467,126.7322689
카페239,"경기도 파주시 탄현면 새오리로 239, 1층",,37.80392566,126.6888153
드루와(D.ruwa),"경기도 김포시 김포한강7로22번길 174-21, 101호 (마산동)",031-989-8122,37.64087795,126.6361757
정성을담아 김포장기점,"경기도 김포시 김포한강1로78번길 6-13, 101호 (장기동)",,37.64404298,126.6714768
COFFEE ZIP(커피집),"경기도 김포시 김포한강9로76번길 63, 104호 (구래동)",,37.64538208,126.6268132
캐디로,"경기도 김포시 통진읍 동을산로143번길 73, 1층 전체호",,37.70344974,126.6241584
스타벅스 풍무사거리DT점,"경기도 김포시 풍무로 137, 1~3층 전체호 (풍무동)",1522-3232,37.6078263,126.7227901
컴포즈커피 김포사우점,"경기도 김포시 사우중로 82, 사우프라자 1층 117~119호 (사우동)",,37.62172257,126.7211832
cafe안녕하루,"경기도 파주시 탄현면 검산로519번길 48-28, 1층",,37.80279009,126.7270831
메가엠지씨커피 파주한빛마을점,"경기도 파주시 와석순환로 72, 홍원프라자 1층101호 (야당동)",,37.71064475,126.7512603
해동1950,"경기도 김포시 북변중로 53, 1층 일부호 (북변동)",,37.62604,126.7106314
메가엠지씨커피 김포전원마을점,"경기도 김포시 김포한강11로 133, 중앙프라자 1층 101호 (운양동)",,37.64576542,126.6813809
공차 파주금촌점,"경기도 파주시 중앙로 318-1, 1층 (금촌동)",,37.75377699,126.7852067
도르레,"경기도 김포시 김포대로 841, 제우스프라자 108호 (사우동)",,37.61953666,126.7200287
주식회사 더블유카워시 김포점,"경기도 김포시 양촌읍 김포한강10로 260, 1층 일부호",,37.65048225,126.6187286
컵오브커피 문산사거리점,"경기도 파주시 문산읍 통일로 1700, 나동 1층",,37.85925444,126.7898525
준커피(JUN coffee),"경기도 김포시 돌문로 92-1, 1층 일부호 (사우동)",,37.61980876,126.7168978
아띠공방,"경기도 파주시 쇠재개울길 62-6, 1층 (금릉동)",031-949-2555,37.7503731,126.7800077
좋은소나무(fine pine),"경기도 파주시 조리읍 장곡로 104, 1동 1층 일부",,37.74987382,126.8436969
카페 이니스,"경기도 김포시 김포한강3로 290-18, 고창마을이니스더원 810동 1층 101호 (장기동)",,37.64256179,126.657267
영롱디저트,"경기도 김포시 풍무로146번길 32, 107호 (풍무동)",,37.60751603,126.7252302
카페 로아,"경기도 김포시 고촌읍 풍굴로92번길 5, 1층",,37.61277802,126.7576574
홍카페,"경기도 김포시 통진읍 대곶북로 282, 105호",,37.6708252,126.5776767
이디야커피 김포통진점,"경기도 김포시 통진읍 조강로 82, 1층 일부호",,37.69257711,126.5978064
메가엠지씨커피 김포은여울점,"경기도 김포시 김포한강8로 173-88, 근린생활시설 A동 111호 (마산동, 한강신도시 동일스위트 더파크뷰 1단지)",031-981-9991,37.64144019,126.6432951
더벤티 초롱꽃마을점,"경기도 파주시 초롱꽃로 130, B동 지2층 B-B212호 (동패동, 파주운정신도시 디에트르 더 퍼스트)",,37.71097273,126.7195525
카페 몽슈슈 김포고촌점,"경기도 김포시 고촌읍 김포대로 337, 102호",031-988-0789,37.60070254,126.770365
오늘도 마음애-김포시장애인복지관 카페 4호점,"경기도 김포시 김포한강7로22번길 174-6, 마산도서관 3층 일부호 (마산동)",,37.64087795,126.6361757
더벤티 운정역점,"경기도 파주시 와석순환로515번길 61, 송림메디컬프라자 103호 (와동동)",,37.72698193,126.7631882
카페샘,"경기도 김포시 김포한강2로 142, 초당마을주공아파트 상가동 101호 (장기동)",031-984-0966,37.64118139,126.6685532
컴포즈커피 김포고촌보름초점,"경기도 김포시 고촌읍 수기로 109, 111호",,37.59384607,126.7639539
봉명동내커피,"경기도 김포시 김포한강4로 507, 123호 (구래동)",,37.6461192,126.6275368
죽림다원,"경기도 파주시 광탄면 보광로 761-58, 1층",,37.78945981,126.8673358
달리는커피 금름점,"경기도 파주시 금빛로 12, 삼성프라자 109호 (금촌동)",,37.75113247,126.7672212
등원리 7-4 부동산카페,"경기도 파주시 조리읍 등원로91번길 5, 2동 1층",,37.76152365,126.8092318
앳튠,"경기도 파주시 문산읍 당동1로 39-27, 1층",,37.8643592,126.7723963
그리고 소풍,"경기도 김포시 월곶면 문수산로 242, 1층 일부호",,37.74957158,126.5356633
진정커피,"경기도 파주시 교하로159번길 21, 104호 (목동동)",,37.72321823,126.7389991
지파운데이션 나눔가게&커피,"경기도 김포시 김포한강7로 93, 월드에비뉴주차빌딩 1층 108호 (구래동)",031-986-2052,37.64570722,126.6278049
데이 데이(DAY DAY),"경기도 연천군 백학면 청정로 186, 3호",,38.00202633,126.9181049
CR(씨알)커피 강화대교점,"경기도 김포시 월곶면 김포대로 2994, 2층",031-997-7193,37.72801539,126.5346451
데니스커피(김포구래점),"경기도 김포시 김포한강8로 420, 에이스프라자 103호 (구래동)",,37.64269744,126.6222019
하이오커피 파주교하점,"경기도 파주시 청석로 264, 101호 (동패동)",,37.72558371,126.7182868
카테나치오,"경기도 김포시 고촌읍 태리로 261-18, 1층 101호",,37.59955779,126.7508864
탐앤탐스 교하심학산점,"경기도 파주시 산남로231번길 17-1, 2,3층 (산남동)",031-943-7203,37.6997608,126.7080233
카페게이트 김포호수초점,"경기도 김포시 김포한강4로420번길 98, 율곡스퀘어 한강리더스 111호 (구래동)",,37.65057005,126.6327122
카페모임(Cafe Moim),"경기도 김포시 사우중로3번길 13-12, 1층 104호 (사우동)",,37.61671517,126.7147422
와드커피 김포장기점,"경기도 김포시 김포한강1로 55, 이솔빌딩 104-1호 (장기동)",,37.64344188,126.6681409
제이제곱에프앤비(J²F&B),"경기도 김포시 김포한강9로 121, 1동 1층 101 일부호 (구래동)",,37.64756671,126.6248613
디저트39 파주다율점,"경기도 파주시 청암로 75, 상상메디컬프라자 109호 (다율동)",,37.73482197,126.7330358
글로드커피,"경기도 김포시 봉화로 17-23, 102 일부호 (사우동)",,37.62290594,126.7088088
더좋은날디저트,"경기도 파주시 청암로17번길 39, 110호 (목동동)",,37.7293806,126.7358504
바빈스커피 김포풍무점,"경기도 김포시 풍무1로 67, 1층 102호 (풍무동)",,37.61074085,126.7322489
봉명동내커피 파주운정점,"경기도 파주시 산내로7번길 25-5, 1층 일부 (목동동)",,37.72265211,126.7399163
하이오커피 운정한빛마을점,"경기도 파주시 와석순환로 82, 대흥프라자 102호 (야당동)",,37.7113214,126.7504593
컴포즈커피 파주운정초롱초교점,"경기도 파주시 양지로 123, 진영프라자 101호 (동패동)",,37.70967349,126.7226236
cafe(카페)쉼,"경기도 김포시 통진읍 김포대로 2096-33, 1층 일부호",,37.66173531,126.6638307
카페홈즈 김포구래점,"경기도 김포시 김포한강9로75번길 158, 이편한세상시티한강신도시 A동 1층 104호 (구래동)",,37.64472416,126.6234602
달달해(DALDALHAE),"경기도 김포시 김포한강1로 129, 상가동 1층 107호 (장기동, 김포한강신도시 범양레우스라세느)",,37.64968637,126.6717083
아트살롱파주(크레커스),"경기도 파주시 돌곶이길 131, 1층 일부, 2층 전체 (서패동)",,37.71263233,126.694714
자유로멍놀러와 애견테마파크,"경기도 파주시 탄현면 자유로 3810-107, 1층",,37.81807143,126.6864912
소리천카페,"경기도 파주시 소리천로 71, 1,2층 (와동동)",,37.71911172,126.7624884
메가엠지씨커피 김포마송사거리점,"경기도 김포시 통진읍 조강로 75, 1층 전체호",,37.69194751,126.5980979
파란만잔 파주운정점,"경기도 파주시 경의로1240번길 14-5, 송림로데오프라자 108,109호 (와동동)",,37.72804405,126.7624119
카페 슬로,"경기도 파주시 와석순환로 500, 유비파크 C동 1층 (와동동)",,37.72288181,126.7600325
이가커피,"경기도 김포시 양촌읍 양곡2로60번길 65, 1층 전체호",,37.65784979,126.6301807
카페 37.5,"경기도 김포시 모담공원로 180, 1동 2층 전체호 (운양동)",,37.64712367,126.6978942
(달콤한선택)Sweet_pick_up,"경기도 파주시 와석순환로 87, 206호 (야당동, 한빛마을6단지)",,37.70877229,126.7495282
"카페,소신","경기도 김포시 양촌읍 황금1로 76, 양촌카리스프라자 119(일부),120(전부)호",,37.6139896,126.6195496
카페1.5도,경기도 연천군 전곡읍 은전로 75-24,,38.02785461,127.0662062
주식회사인그래인,경기도 김포시 월곶면 비석동로27번길 140,031-987-0330,37.70719695,126.5648913
디저트39 파주운정산내점,"경기도 파주시 청암로17번길 59, 209, 210호 (목동동)",,37.72859524,126.7341331
카페르고 본점,"경기도 김포시 김포한강9로75번길 10, 8층 804호 (구래동)",,37.64372504,126.6250929
108street(108스트리트),"경기도 김포시 김포한강4로 8, 라베니체마치에비뉴4 2층 222호 (장기동)",,37.63949322,126.6785809
올리브앤피스,"경기도 김포시 북변중로65번길 15, 1층 전체호 (북변동)",,37.62630217,126.7100037
티트로,"경기도 파주시 가재울로94번길 50, 1층 일부 (목동동)",,37.73049884,126.7471268
장단콩카페,"경기도 파주시 파주읍 가마울길 50-16, 2층일부",031-954-1236,37.81925396,126.8259999
커피팩토리 운정,"경기도 파주시 청암로48번길 16-13, 1층 (목동동)",,37.73332898,126.7363627
모모타코&캔카페,"경기도 김포시 유현로33번길 73, 근린생활시설동 1층 103-1호 (풍무동, 김포 풍무 꿈에그린 더 포레듀 4단지)",,37.60050982,126.7249005
투썸플레이스 김포통진점,"경기도 김포시 통진읍 김포대로 2234, 1층 전체호",,37.69025384,126.5981166
메가엠지씨커피 김포마송공원점,"경기도 김포시 통진읍 마송1로84번길 90, 1층 102호",,37.68856084,126.5972745
이디야(EDIYA) 파주시청점,"경기도 파주시 금정로 41, 1층일부 (금촌동)",,37.75869697,126.7752493
하이오커피 파주산내점,"경기도 파주시 청암로17번길 27, 103호 (목동동)",031-935-4755,37.72883451,126.7355601
커피파머,"경기도 김포시 김포한강4로 8, 라베니체4차 1층 125호 (장기동)",,37.63949322,126.6785809
파스쿠찌 김포우리병원1층,"경기도 김포시 감암로 11, 김포우리병원 신관동 1층 일부호 (걸포동)",,37.63299811,126.7105568
파스쿠찌 김포우리병원2층,"경기도 김포시 감암로 11, 김포우리병원 신관동 2층 일부호 (걸포동)",,37.63299811,126.7105568
다정원,"경기도 파주시 문산읍 문산로26번길 13, 101상가동 1층 2-15호 (문산호수아파트)",,37.85672838,126.7829592
카페숲:sup(cafe숲:sup),"경기도 파주시 탄현면 헤이리마을길 93-108, 2층",031-944-0214,37.78809894,126.69811
엠앤에스(주),"경기도 파주시 광탄면 혜음로 995, 1동 일부호",,37.77230966,126.8494396
서다,"경기도 연천군 청산면 학담로 92, 1층",,37.99705821,127.0723237
926 베이글(926 BAGEL),"경기도 파주시 송학1길 83, 101호 (야당동)",,37.71332436,126.7630835
파하르커피(pahar coffee),"경기도 파주시 파주읍 충현로 43-35, 2층",,37.85451489,126.7999323
메가후르츠,"경기도 파주시 문산읍 문향로67번길 2, 1층 일부",,37.85814353,126.7850367
와이키키커피전문점,"경기도 파주시 와석순환로172번길 7-33, 106호 일부 (동패동)",,37.71458492,126.7417673
퐁주르,"경기도 김포시 걸포1로 40, 1층 105호 (걸포동, 한강파크뷰 우방아이유쉘)",,37.63518749,126.7070128
커피리,"경기도 김포시 북변1로16번길 19-31, 1층 일부호 (북변동)",070-4453-3210,37.62814156,126.7042095
플로리안카페,경기도 김포시 사우중로 8 (사우동),031-981-3858,37.61617567,126.7167274
플럼라인,"경기도 파주시 문발로 165, 플럼라인 1층 (문발동)",,37.70940882,126.6853503
메가엠지씨커피 운정힐스테이트점,"경기도 파주시 교하로 100, 940동 105호 (목동동, 힐스테이트 운정)",,37.72397679,126.7351753
헐크워시 파주점,"경기도 파주시 청석로 395, 1층 (다율동)",,37.73658477,126.7178951
메가엠지씨커피 파주교하점,"경기도 파주시 청석로 264, 1층 102호 (동패동)",031-945-8884,37.72558371,126.7182868
워시스퀘어,"경기도 파주시 경의로 974, 1층 전부 (야당동)",031-948-5287,37.7038156,126.7600171
커피에반하다(엘지로점),"경기도 파주시 월롱면 엘지로 348, 1층일부(101호)",031-949-4427,37.81535084,126.7624571
어바웃레스트,"경기도 파주시 평화로 370-17, 1층 (검산동)",,37.772565,126.7288126
이디야,"경기도 파주시 조리읍 통일로 43, 1층일부",,37.73115763,126.8354089
CAFE K,경기도 연천군 연천읍 연천역로 14-1,031-834-3636,38.10112126,127.0780891
효담원,"경기도 김포시 양촌읍 오니산로 217-1, 1층 일부호",,37.66449935,126.6103639
브런치 알라,"경기도 연천군 전곡읍 음터길 6, 2층",,38.02825317,127.0559923
세라비한옥카페,경기도 연천군 군남면 군중로 132,,38.13052941,127.0444607
카프커피로스터스,"경기도 김포시 양촌읍 양곡2로60번길 28-28, 1층 102호",,37.6567894,126.6292548
더벤티 문산점,"경기도 파주시 문산읍 문향로 30, 1동 1층 4호",031-953-3008,37.85471681,126.7864023
플레이스(PLACE),"경기도 파주시 금빛로 27, 광장프라자 114호 일부 (금촌동)",031-946-0149,37.75225852,126.7662766
코너스톤(corner stone),"경기도 김포시 김포한강11로255번길 69, ㈜DT 1층 (운양동)",,37.65692154,126.6779338
달꿈카페 양촌점,"경기도 김포시 양촌읍 양곡3로1번길 94, 1층 일부호",,37.65498643,126.6287594
공차(김포사우역점),"경기도 김포시 사우중로 78, 밀레니엄프라자 108호, 109호 (사우동)",031-988-3090,37.62133809,126.7209071
막스시오카페,"경기도 파주시 돌곶이길 116, 1층 (서패동)",,37.71369938,126.6948651
셀렉토 파주산내점,"경기도 파주시 교하로 75, 신운정프라자3 104호 (목동동)",,37.72855617,126.7332272
투썸플레이스김포신곡점,"경기도 김포시 고촌읍 수기로 115, 108,204,205호",031-992-7777,37.59347182,126.7636061
카페휴리스(cafe huriss),"경기도 김포시 대곶면 대명항로 337, 1층 일부호",,37.64723776,126.5843762
아지트(AZIT),"경기도 파주시 법원읍 술이홀로 913, 1층",,37.85198216,126.8752769
서울커피 파주점,"경기도 파주시 문발로 284, 롯데프리미엄아울렛 B동 1층 일부 (문발동)",,37.71809262,126.6925491
컴포즈커피(파주교하점),"경기도 파주시 청석로 264, 1층 107호 (동패동)",,37.72558371,126.7182868
이디야커피 광탄점,"경기도 파주시 광탄면 혜음로 1138, 1층 일부",,37.78277143,126.8466913
MONTCAFE(몬트),"경기도 김포시 김포한강8로148번길 7, 1층 102호 (마산동)",031-998-1764,37.63540985,126.6433867
애플팜페,경기도 연천군 군남면 진상19길 41-36,031-833-4369,38.07061779,127.0143178
오늘도마카롱,"경기도 김포시 김포한강9로 79, 1층 108일부호 (구래동)",,37.64406887,126.6253819
메가엠지씨커피 파주법원사거리점,"경기도 파주시 법원읍 술이홀로 876, 1층",,37.84905314,126.8728926
단골커피,"경기도 파주시 교하로 476, 1층 일부 (동패동)",,37.70491154,126.7262281
디저트 39 김포구래점,"경기도 김포시 김포한강9로75번길 180, 1층 119호 (구래동, 두원타워)",031-986-9440,37.64491617,126.6244803
만랩커피 김포테라비즈타워점,"경기도 김포시 태장로 751, 테라비즈타워 1층 129,131호 (장기동)",,37.64075229,126.6830576
투썸플레이스 연천전곡점,경기도 연천군 전곡읍 전곡로 185,,38.02840687,127.0667013
나무스터디 까페,경기도 연천군 전곡읍 은전로91번길 134 (늘푸른마을4차),031-833-9384,38.03346761,127.0698468
카페게이트 파주운정이마트점,"경기도 파주시 미래로 377, 운정스퀘어 111호 (동패동)",031-946-8939,37.7117619,126.7458661
카페게이트 김포초당마을점,"경기도 김포시 김포한강2로 100, 비호뉴팰리스 1동 1층 104호 (장기동)",,37.63902242,126.6725715
디어봄(Dear봄),"경기도 김포시 태장로 765, 금광테크노밸리 지식산업센터 1층 103, 129호 (장기동)",,37.63984493,126.6822615
샐프레소,"경기도 김포시 중봉1로 85-11, 1층 일부호 (북변동)",,37.6248608,126.702626
느낌이좋아,"경기도 김포시 김포한강1로97번길 32-35, 102호 (장기동)",,37.64894936,126.6707702
실공장1998&나무와,"경기도 파주시 탄현면 법흥로 90, 2동 1층 일부(2호)",070-4610-2386,37.77592752,126.7060972
뉴블레스,"경기도 김포시 풍무1로 61, 대우프라자 1층 105호 (풍무동)",031-998-1530,37.61086264,126.7318792
컴포즈커피 김포풍무역오앤타워점,"경기도 김포시 유현로238번길 26, 106호 (풍무동)",,37.61114423,126.732132
피규어카페,"경기도 김포시 대곶면 약암로 867, 1층 일부호",,37.6318271,126.5528917
카페세로,"경기도 김포시 김포한강9로 95, 101호 (구래동)",,37.6451553,126.6255903
포트레이커피,"경기도 파주시 금빛로 24-21, 보람프라자 3층 303,304호 (금촌동)",,37.75195043,126.7665697
투썸플레이스 김포마산점,"경기도 김포시 김포한강8로 153, 가람프라자 102,103,108호 (마산동)",,37.63622635,126.6427725
포트캔커피 야당점,"경기도 파주시 경의로 1108, 월드타워7차 101호 (야당동)",070-8691-2588,37.71626436,126.7602545
아스텔,"경기도 파주시 독암길 87, 1,2층 (금릉동)",,37.75880484,126.7836405
카페길,"경기도 파주시 파평면 장마루로 88, 1층",,37.93065217,126.8337872
어반그로브(URBAN GROVE),"경기도 파주시 재두루미길 68, 101호 (신촌동)",031-955-1555,37.72864596,126.6903882
즐거운찻집,"경기도 파주시 중앙로 328, 엠에이치타워 6층 604-1호 (금촌동)",,37.76487936,126.7745263
메가엠지씨커피 파주주내삼거리점,"경기도 파주시 파주읍 우계로 65, 1층 일부",,37.83263009,126.8171403
카페개러지 김포점,"경기도 김포시 양촌읍 김포한강4로 288, 나동 1층",,37.65214159,126.6515318
메가엠지씨커피 김포시청점,"경기도 김포시 돌문로 48, 한솔프라자 105,106 일부호 (사우동)",,37.61941456,126.7180546
읍천리382 금촌점,"경기도 파주시 새꽃로 25, 로얄프라자 106,107호 (금촌동)",,37.75221159,126.7683353
컴포즈커피 파주팜스프링점,"경기도 파주시 송화로 11, 팜스프링아파트 상가동 107호 (아동동)",,37.77188842,126.7771431
청이랑디저트랑,"경기도 김포시 김포한강2로23번길 10, 라베니체마치에비뉴Ⅰ 제지하1층 제B119호 (장기동)",031-984-8281,37.64208225,126.678406
디저트39 김포라베니체점,"경기도 김포시 태장로 820-26, 라베니체마치에비뉴8 1층 116호 (장기동)",,37.63715313,126.7164406
메가엠지씨커피 김포신곡점,"경기도 김포시 고촌읍 수기로 109, 1층 116호",,37.59384607,126.7639539
원더커피(WONDER COFFEE),"경기도 파주시 해올로 20, 해오름마을12단지 휴아림 근린생활시설 107호 (다율동)",,37.73566171,126.7298882
카페9번길(Nine Road),"경기도 김포시 풍무로9번길 30, 1층 (풍무동)",,37.59765567,126.7198444
우리,"경기도 파주시 문산읍 독산로31번길 39, 파주고등학교,문산동중학교",,37.85922282,126.7806655
컴포즈커피 파주운정중앙점,"경기도 파주시 경의로1240번길 19, 월드타워15 106호 (와동동)",,37.72885387,126.762249
카페리첸,"경기도 김포시 양촌읍 황금4로 99, 1층 101일부호",,37.61015944,126.6009217
카페266,"경기도 파주시 법원읍 자운서원로 266, 1층 일부",,37.8666484,126.8616682
카페오롯,"경기도 김포시 태장로 823, 104호 (장기동)",031-996-7734,37.63542665,126.6805753
마롱리면사무소,"경기도 파주시 파평면 장승배기로 376-1, D동 1층일부, E동 전체",,37.88335979,126.8149474
젤라또로플,"경기도 파주시 미래로 369-27, 102호 (동패동)",,37.72069943,126.7481306
카페크레모아,경기도 연천군 연천읍 연천로 292,,38.10282919,127.0753588
스튜디오161C.P,"경기도 파주시 탄현면 새오리로161번길 13-29, 3층",,37.79934211,126.6850101
느린여름,"경기도 파주시 가재울로 99-6, 1층 (목동동)",,37.7316036,126.7423798
연금술사작업실협동조합,"경기도 파주시 파주읍 연풍5길 51-1, 1층 일부",031-953-6003,37.82846674,126.8384318
달리는커피(김포구래점),"경기도 김포시 김포한강9로12번길 8-3, 1동 1층 101호 (구래동)",,37.63965812,126.6291734
인하우스(In House),"경기도 파주시 안능안길 365, 1동 1층 (상지석동)",,37.73349948,126.7767349
데일리프룻 (김포풍무점),"경기도 김포시 풍무로 168, 넘버원리치안 118호 (풍무동)",,37.61015154,126.7251653
오리정카페,"경기도 김포시 월곶면 군하로 110, 1층",,37.70379409,126.5606647
수목원카페 베이커리,"경기도 파주시 파평면 장승배기로 392, 관광휴게시설 방문자센터1층일부",,37.89831144,126.8228627
홈즈카페몰,"경기도 파주시 탄현로 144-63, 상가동 1층 101호 (야당동, 자연에가3)",,37.69865033,126.7686757
온더레일,"경기도 파주시 문산읍 임진각로 25, 1층 전부호",,37.88742808,126.7573075
보보(BoBo),"경기도 파주시 청암로 50, 7202동 117호 (목동동, 운정 화성파크드림 시그니처)",,37.73349381,126.7352557
카페 이스터에그,"경기도 파주시 회동길 325-6, 101호 (서패동)",,37.71443475,126.6898552
아가페(AGAFE) 크로플,경기도 연천군 연천읍 연천로260번길 7,,38.10016859,127.0752485
달콤숲,"경기도 김포시 김포한강11로140번길 105, 103호 (운양동)",,37.64782566,126.6827728
크로플덕 오리아가씨 김포장기점,"경기도 김포시 김포한강1로98번길 13, 101 일부호 (장기동)",,37.64613138,126.6720014
메가엠지씨커피 파주선유산단점,"경기도 파주시 파주읍 우계로 338, 1층 102호",,37.85274554,126.805105
씨유 운정애플점,"경기도 파주시 경의로 1218, 월드타워12차 116호 (와동동)",,37.72607284,126.7614419
로스터킴,"경기도 김포시 양촌읍 김포한강4로369번길 83, 2층",031-984-1111,37.64722819,126.6432408
담다,"경기도 김포시 김포한강8로148번길 55, 1층 101호 (마산동)",,37.6356178,126.6452713
(주)헤이리엠,"경기도 파주시 탄현면 헤이리마을길 23, 1층 일부호",,37.78789469,126.69646
아레볼,"경기도 파주시 소라지로 309-12, 1동 1~3층, 2동 1층 (송촌동)",031-949-5678,37.75243279,126.6909977
테그42 파주적성점,"경기도 파주시 적성면 청송로 1063, 1층일부",,37.95622897,126.9227949
크로플각 문산점,"경기도 파주시 문산읍 독서울1길 4, 1층 일부",,37.86548293,126.8044172
투썸플레이스 이마트김포점,"경기도 김포시 김포대로 715, 트레이더스 김포점 1층 (풍무동)",,37.61253777,126.7309004
로드카페,"경기도 파주시 적성면 어삼로 30-1, 1층",,37.99967454,126.9807389
쿼드커피&아이엠도넛 김포장기점,"경기도 김포시 김포한강2로 100, 비호뉴팰리스 101호 (장기동)",,37.63902242,126.6725715
산티아고(SANTIAGO),"경기도 파주시 문산읍 방촌로 1675-22, 뚱발프라자 1층 106호",,37.81874169,126.7224131
카페더숨,"경기도 김포시 김포한강8로218번길 24, 1층 109, 110호 (마산동)",031-981-1259,37.64164572,126.6447648
메가엠지씨 파주신촌산단점,"경기도 파주시 지목로 133, 1동 105호 (신촌동)",031-941-5976,37.7301661,126.7036516
스타벅스 김포마산역점,"경기도 김포시 김포한강8로 172, 엠파워프라자 1동 1층 107~111호 (마산동)",,37.63748416,126.6444264
카페엘린,"경기도 김포시 통진읍 마송1로 74, 김포마송 LH 4단지 아파트 근린생활시설2동 103호",,37.6879085,126.6007888
아리아1968,"경기도 파주시 조리읍 등원로391번길 40, 영산수련원 1,2층",031-934-5555,37.77733845,126.8360533
골드카페,"경기도 파주시 탄현면 평화로 565, A동 1층 일부호",,37.77230361,126.7216933
NTO BAKE HOUSE(앤티오베이크하우스),"경기도 김포시 김포한강7로22번길 174-100, 1층 전체호 (마산동)",,37.64087795,126.6361757
타카플레이카페 파주운정점,"경기도 파주시 해올2길 2, 태산더블유타워 409호, 410호 일부 (다율동)",,37.73407584,126.7304838
빽다방 파주해오름마을점,"경기도 파주시 해올2길 2, 105호 (다율동)",,37.73407584,126.7304838
매머드 익스프레스 파주 운정 목동점,"경기도 파주시 심학산로423번길 7-37, 애플프라자 102호 (목동동)",,37.7190733,126.7385431
카페피콜로,"경기도 김포시 김포한강1로 81, 1층 103호 (장기동)",,37.64544684,126.6698481
아임카페,"경기도 김포시 초당로16번길 114-2, 1층 103호 (장기동)",,37.63942023,126.674568
하늘카페,"경기도 김포시 유현로 19, 402동 203호 (풍무동, 유현마을신동아아파트)",,37.59754115,126.7246302
카페요아정 김포라베니체점,"경기도 김포시 태장로 820-26, 라베니체8차 111호 (장기동)",,37.63715313,126.7164406
커피 파는집,경기도 연천군 청산면 청창로 717,,38.02344286,127.1356126
사랑의힐링카페,"경기도 김포시 대곶면 율생중앙로36번길 7-19, 1층 2호",,37.65110438,126.585113
마크빈 베이커리카페,"경기도 파주시 청암로 75, 상상메디컬프라자 201,202호 (다율동)",,37.73482197,126.7330358
룰루랄라,"경기도 김포시 김포한강8로 127, A동 407호 (마산동, 한강신도시 동일스위트 더파크뷰 2단지)",,37.63379836,126.6403618
히얼(HERE),"경기도 김포시 김포한강2로 292, 근린생활시설동 1층 107호 (장기동, 한강 현대성우오스타)",,37.64866254,126.6635075
프로방스 공방,"경기도 파주시 탄현면 새오리로 77, 프로방스 차동",,37.79114489,126.6850282
오멜,"경기도 파주시 경의로 985-3, 지하1층 일부 (야당동)",,37.74069905,126.7533334
코너커피 장기점,"경기도 김포시 김포한강2로 229, E동 103(일부)호 (장기동, 한강호반베르디움)",,37.6478019,126.6608866
카페림,"경기도 김포시 양도로30번길 11, 104호 (풍무동, 양도마을 상가2동)",031-982-7075,37.60600699,126.7261292
베러댄와플풍무점,"경기도 김포시 풍무로69번길 30, 1층 101호 (풍무동, 그린시티)",031-998-4897,37.60239978,126.7201332
카페엔에이치(cafe nh),"경기도 김포시 고촌읍 장곡로3번길 28, 1층 일부호",,37.60575419,126.7530915
플로라,"경기도 김포시 김포한강11로 454, 2층 (운양동)",031-981-1204,37.65359758,126.6984626
바늘꽃,"경기도 김포시 솔터로 22, 301동 2층 220호 (구래동, 메트로타워 예미지)",031-981-7757,37.64542922,126.6308576
카페1번가,"경기도 김포시 대곶면 대명항로 296, 1층 일부호",1522-9522,37.65046122,126.5877228
카페153,"경기도 김포시 통진읍 율마로300번길 153, 나동 1층",,37.68206513,126.6034517
블랑무스,"경기도 김포시 초당로16번길 86-4, 1동 1층 일부호 (장기동)",070-7326-4486,37.63942023,126.674568
웰리스커피,"경기도 김포시 감정로 42, 신안실크밸리1차아파트 상가동 128동 지하1층 103호 (감정동)",031-998-8334,37.61974721,126.7007162
책속의커피,"경기도 김포시 사우중로 79, 사우테마프라자2 지하1층 일부호 (북변동)",,37.6218613,126.7205638
오가다,"경기도 김포시 김포한강2로 41, 지하1층 일부호 (장기동, 롯데마트김포한강점)",,37.64127017,126.6776017
커피앤드,"경기도 김포시 풍년로 28, 1동 1층 (사우동, 일부)",031-997-4517,37.62269465,126.7252992
커피스토아,"경기도 김포시 대곶면 율마로 7, 106호",,37.65349429,126.5907574
카페미니미,"경기도 김포시 김포한강1로98번길 17-27, 1층 101호 (장기동)",,37.64530841,126.6731324
Dewy Coffee (듀이커피),"경기도 김포시 김포한강11로 288-48, 1층 101호 (운양동, 한신더휴테라스8)",,37.65380554,126.6775181
카페진정성(본점),"경기도 김포시 하성면 하성로 660, 1층",031-986-5520,37.73142962,126.6288378
오슈가(OH SUGAR),"경기도 김포시 중봉로 1-1, 1층 113호 (감정동, 중봉마을 신안실크밸리)",,37.62746239,126.698369
원카페,"경기도 김포시 월곶면 고양로115번길 142, 2층 일부호",031-987-1862,37.69015753,126.5512774
그라찌에 김포대학교점,"경기도 김포시 월곶면 김포대학로 81, B동 1층 (김포대학)",02-338-7241,37.72805348,126.5443513
로블랜드투써즈,"경기도 김포시 사우로 23, 1층 101호 (사우동)",070-8221-8002,37.62105673,126.7241688
커피에반하다 김포법원점,경기도 김포시 봉화로 14-4 (사우동),031-998-5365,37.62290594,126.7088088
공차 김포구래점,"경기도 김포시 김포한강7로 71, 1층 (구래동, 이마트구래점)",031-996-6439,37.64433898,126.6282862
폴바셋현대프리미엄아울렛김포점,"경기도 김포시 고촌읍 아라육로152번길 100, 1층 101호 (현대프리미엄아울렛)",031-8048-2101,37.59723685,126.7852336
감성공간,"경기도 김포시 태장로 820, 1층 106호 (장기동)",031-997-2087,37.63688182,126.6769987
고디바김포점,"경기도 김포시 고촌읍 아라육로152번길 100, 1층 251호 (현대프리미엄아울렛)",,37.59723685,126.7852336
이디야커피 김포마산점,"경기도 김포시 김포한강8로 163, 104호 (마산동, 스퀘어빌딩)",,37.63702387,126.6433899
(주)에이쓰리바우트,"경기도 김포시 고촌읍 아라육로182번길 50, 1층 B112호 (국민차매매단지(공항점) B동)",,37.59603787,126.7831456
더 벤티(The Venti),"경기도 김포시 김포한강2로 41, 1층 (장기동, 롯데마트 김포한강점)",,37.64127017,126.6776017
민들레와달팽이,"경기도 김포시 양촌읍 양곡2로60번길 32, 1층",,37.65662716,126.6290914
사랑해(思朗海),"경기도 김포시 고촌읍 수기로 67-39, 상가동 1층 103호 (수기마을힐스테이트2단지)",,37.59648106,126.7654254
카페로뎀,"경기도 김포시 김포한강2로 222, 3층 301호 (장기동, 대영메디칼아카데미)",031-989-9179,37.64538601,126.6610119
커피에 반하다,"경기도 김포시 사우중로73번길 30 (북변동, 황금프라자 101호,102호)",031-985-3128,37.62225211,126.7204738
공차김포현대아울렛점,"경기도 김포시 고촌읍 아라육로152번길 100, 3층 515호 (현대프리미엄아울렛)",031-8048-2515,37.59723685,126.7852336
스무디킹김포현대아울렛점,"경기도 김포시 고촌읍 아라육로152번길 100, 1층 168호 (현대프리미엄아울렛)",031-8048-2168,37.59723685,126.7852336
(주)커피빈코리아현대프리미엄아울렛김포점,"경기도 김포시 고촌읍 아라육로152번길 100, 3층 618호 (현대프리미엄아울렛)",031-8048-2618,37.59723685,126.7852336
빌로우 현대프리미엄 아울렛 김포점,"경기도 김포시 고촌읍 아라육로152번길 100, 3층 511호 (현대프리미엄아울렛)",031-3444-5000,37.59723685,126.7852336
들길따라,"경기도 김포시 하성면 석평로420번길 23, 1층",031-989-6674,37.74704962,126.6510981
해잊을779,경기도 김포시 운양로 88-35 (운양동),,37.6593761,126.6765603
스타벅스김포이마트,"경기도 김포시 김포한강7로 71 (구래동, 김포이마트내)",1522-3232,37.64433898,126.6282862
(주)공차코리아김포풍무점,"경기도 김포시 풍무로 76, 1층 106호 (풍무동, 오성프라자 )",031-983-5129,37.60242703,126.7219792
구스타프 커피,"경기도 김포시 김포한강11로 312, 1층 127호 (운양동, 리앤포레2차)",,37.6555684,126.6840442
스타벅스김포감정DT,"경기도 김포시 중봉로 27 (감정동, 1,2층 전체)",031-987-3418,37.62485168,126.6965668
빨간커피하우스,"경기도 김포시 월곶면 오리정로 107-37, 1층",031-998-4691,37.69922766,126.5570614
카페로뎀,"경기도 김포시 북변중로23번길 12, 1층 일부호 (북변동, 김포중앙교회)",031-983-1004,37.62374265,126.7112861
빽다방 김포한강 CGV점,"경기도 김포시 김포한강11로 288-32, 1층 117호 (운양동, 골든스퀘어 )",031-997-4556,37.65380554,126.6775181
빽다방김포장기쌍용점,"경기도 김포시 김포한강2로23번길 50, 1층 111호 (장기동, 베니스빌딩)",031-988-4563,37.64102447,126.679718
쉴가커피,"경기도 김포시 고촌읍 고송로 20, 1층 일부호",031-983-9167,37.60468834,126.7688916
한지와다향,"경기도 김포시 양촌읍 양곡2로80번길 34, 1층 104호 (희영아파트상가동)",,37.6576867,126.6282568
로사(Rosa),"경기도 김포시 고촌읍 은행영사정로5번길 16, 101호",,37.60108272,126.7716934
로코블랙,"경기도 김포시 김포한강2로 362, 1층 109호 (장기동, 청송마을중흥에스-클래스)",031-984-8390,37.65093665,126.6667259
스타벅스 김포운양점,"경기도 김포시 김포한강11로 288-32 (운양동, 110,111,201,202호)",031-989-4922,37.65380554,126.6775181
까페컵,경기도 김포시 김포한강6로 47 (장기동),,37.64768339,126.6555585
투썸플레이스김포양촌점,"경기도 김포시 양촌읍 양곡2로 5-7, 1동 1,2층",031-986-1030,37.65749423,126.6270812
꽃이되는시간,"경기도 김포시 사우중로11번길 7, 1층 101호 (사우동, 초원빌딩)",031-981-2494,37.61654156,126.7161662
이디야커피,"경기도 김포시 김포한강2로23번길 10 (장기동, 라베니체 마치 에비뉴 지하1층)",031-986-7269,37.64208225,126.678406
커피하우스,"경기도 김포시 하성면 봉성로 219, 1층",031-984-7194,37.69325928,126.6543041
커피카페스타,"경기도 김포시 사우중로73번길 38, 103호 (북변동, 김포프라자)",031-984-7706,37.62253669,126.7206838
커피에반하다 김포풍무점,"경기도 김포시 풍무로69번길 16, 1층 108호 (풍무동, 세명빌딩)",031-987-5633,37.60224819,126.7207199
느티까페,경기도 김포시 월곶면 오리정로 74,,37.70013012,126.557891
워시존카페(washzone cafe),"경기도 김포시 양촌읍 대곶남로 697-1, 1,2층 일부호",031-987-1655,37.6263504,126.5895355
빽다방김포사우공원점,"경기도 김포시 돌문로 50, 106호 (사우동, 청운펠리스)",031-988-0304,37.61955158,126.7177834
MORE BAKE(모어베이크),"경기도 김포시 사우중로 17, 1층 (사우동)",031-985-3816,37.61711901,126.7169161
하울림,"경기도 김포시 김포한강11로 342, 경기도김포교육지원청 1층 (운양동)",,37.65525569,126.6868582
메가엠지씨커피김포구래역점,"경기도 김포시 김포한강4로 487, 판매시설동 1층 1063호 (구래동, 한강신도시 반도유보라 4차)",,37.64639789,126.6295163
던킨도너츠김포구래점,"경기도 김포시 김포한강9로75번길 180, 1층 114,115호 (구래동, 두원타워)",,37.64491617,126.6244803
카페르고,"경기도 김포시 김포한강3로 283, 뉴고려병원 1층 일부호 (장기동)",,37.64095689,126.6602294
아이러브퍼피,"경기도 김포시 김포한강11로 398, 2층 201호 (운양동)",031-908-7650,37.65310896,126.6925917
메가커피김포초당마을점,"경기도 김포시 김포한강2로 88, 고은프라자 1동 1층 101호 (장기동)",,37.63880943,126.6734804
만랩커피 김포풍무점,"경기도 김포시 양도로19번길 23, 행복한타워 1층 107호 (풍무동)",031-981-4180,37.6085623,126.7250164
불리피싱 바다낚시터,"경기도 김포시 대곶면 대곶서로 283-25, 1층 일부호",031-986-2150,37.63434956,126.5776851
카페선물더프레즌트(the present),"경기도 김포시 양촌읍 유현삭시로 329-21, 1층",,37.63114137,126.6128608
C27(씨27),"경기도 김포시 고촌읍 아라육로152번길 97, 현대프리미엄아울렛타워존 E동 4층",031-8048-2870,37.59791606,126.7839246
놀스로드(NORTH ROAD),"경기도 파주시 운정4길 190, 1층 일부 (상지석동)",,37.71621008,126.7736766
블랙 커스텀 로스터리,"경기도 연천군 연천읍 샘골길 74-22, 1층",,38.08383753,127.0837531
카페담길,"경기도 파주시 송학말길 34-22, 가동 1층 (야당동)",070-4155-8701,37.70713136,126.7615688
메가엠지씨커피 김포풍무역점,"경기도 김포시 유현로 242, 1층 105호 (풍무동)",031-982-0505,37.61191522,126.7315455
오스피셔스,"경기도 파주시 송학1길 113, 라비앙 상가01호 (야당동)",,37.71387357,126.7638397
GAJANIA(가자니아),"경기도 파주시 경의로 1068, 삼융프라자 105호 (야당동)",031-957-7530,37.71258531,126.7596661
오슬로우,경기도 연천군 연천읍 연천역로 4,031-834-0045,38.10120747,127.075331
카페샘,"경기도 파주시 금정4길 37, 1층 일부 (금촌동)",,37.75729934,126.7782673
카페희다 파주야당점,"경기도 파주시 심학산로 628, 케이힐스 111호 (야당동)",,37.71650073,126.7614753
투썸플레이스 김포장기점,"경기도 김포시 김포한강1로 77-4, 1동 1층 일부호 (장기동)",,37.65230516,126.6796092
YAWNING COFFEE(야닝커피),"경기도 김포시 김포한강7로22번길 174-17, 1층 일부호 (마산동)",,37.64087795,126.6361757
하루한알,"경기도 김포시 김포한강1로97번길 32-5, 1동 1층 101호 (장기동)",,37.64894936,126.6707702
37.5 시그니처 김포점,"경기도 김포시 모담공원로 180, 1동 1층 전체호 (운양동)",,37.64712367,126.6978942
운율,"경기도 파주시 금정로 35, 1층 일부 (금촌동)",,37.75827036,126.7755776
비즈라운지(Biz Lounge),"경기도 파주시 산업단지길 76, ASE.KOREA 1동 1층일부 (문발동)",031-940-0765,37.72866214,126.7131662
이디야 파주운정호수공원점,"경기도 파주시 가온로 172, 1층 일부 (와동동)",,37.71969105,126.7514358
포레스트,"경기도 파주시 돌곶이길 129-1, 1,2층 (서패동)",,37.71457219,126.6956098
모모당,"경기도 김포시 김포한강2로24번길 116-40, 1층 (장기동)",,37.6454759,126.6756145
카페게이트 김포풍무역점,"경기도 김포시 유현로238번길 26, 오앤타워 1동 1층 102호 (풍무동)",031-984-8284,37.61114423,126.732132
에코앤그린,"경기도 파주시 광탄면 파주로 1706, 2동일부",,37.79220868,126.839285
팔공티 홈플러스파주운정점,"경기도 파주시 청암로17번길 17, 홈플러스 파주운정점 지하1층 일부 (목동동)",,37.72942152,126.7368606
더벤티 파주봉일천점,"경기도 파주시 조리읍 통일로 320, 1층 일부",031-944-0913,37.74440782,126.8093433
스타벅스 김포석모DT점,"경기도 김포시 양촌읍 김포한강4로 301, 1,2층",,37.65112415,126.6498996
코코부코,"경기도 김포시 김포한강2로23번길 74, 1층 115호 (장기동)",,37.6391777,126.6790117
미래커피,"경기도 김포시 김포한강2로24번길 116-21, 1층 일부호 (장기동)",,37.6454759,126.6756145
필라델피아,"경기도 연천군 전곡읍 양원로268번길 58-1, 1층",,37.97002138,127.0292354
cafe커피연구소,"경기도 김포시 김포한강4로 118, 1층 106호 (장기동)",,37.64469719,126.6685188
메주꽃카페,"경기도 파주시 탄현면 새오리로339번길 5-8, 1층 일부",,37.81853573,126.6927624
레터비,"경기도 파주시 탄현면 요풍길 85-21, 1층",,37.78508526,126.6832276
코피발리(KOPIBALI),"경기도 파주시 와석순환로192번길 14-8, 1층 일부 (동패동)",,37.7157329,126.740314
할리스커피 파주운정역점,"경기도 파주시 경의로1240번길 37-1, 명품프라자3차 101,102,103,201,202호 (와동동)",,37.72804405,126.7624119
투썸플레이스(전원마을점),"경기도 김포시 김포한강11로 139-33, C&C 빌딩 1층 일부호 (운양동)",,37.65380554,126.6775181
코트야드 누누(Courtyard NUNU),"경기도 연천군 전곡읍 은대성로 92, 1층",,38.02366277,127.0624437
카페귀천인헤이리,"경기도 파주시 탄현면 헤이리마을길 29, 1층",,37.78747147,126.6971812
비바 베이글,"경기도 김포시 태장로 765, 금강테크노밸리 지식산업센터 1층 130호 (장기동)",,37.63984493,126.6822615
메가엠지씨커피 김포양곡점,"경기도 김포시 양촌읍 양곡1로56번길 79, 1층 101,102호",,37.65557712,126.6268763
플레이카페,"경기도 김포시 통진읍 서암로 221, 1층 일부호",,37.70336692,126.6059375
오프리쉬,"경기도 파주시 문산읍 임진나루길 190-1, 190-3 1층 전체",070-4187-8806,37.88490663,126.7925732
온도(ON DO),경기도 연천군 전곡읍 전은길 36,,38.03326004,127.0722324
CAFE R(카페알),"경기도 김포시 양촌읍 학운산단3로25번길 13-22, 1층 전체호",,37.60574203,126.593275
바트커피(Vatt coffee),"경기도 파주시 번뛰기길 16-20, 1층 좌측 일부 (야당동)",,37.71009796,126.7699454
범산목장 프리미엄카페,"경기도 김포시 김포한강11로 139-21, 준앤준빌딩 1층 101-1호 (운양동)",,37.65380554,126.6775181
버드리 김포,"경기도 김포시 장릉1로 16, 4층 일부호 (풍무동)",,37.60923351,126.7227703
메가엠지씨커피 김포향산신도시점,"경기도 김포시 고촌읍 상미4로 1, 1층 101호",,37.61846032,126.747578
더벤티 파주운정점,"경기도 파주시 미래로 369-71, 동방프라자 104호 (동패동)",031-942-0320,37.72069943,126.7481306
매머드익스프레스 파주운정호수점,"경기도 파주시 가온로 182, 1층 일부 (와동동)",,37.71993028,126.7526035
컴포즈커피 김포태장로점,"경기도 김포시 태장로 820, 엠프라자 1층 112호 (장기동)",031-998-1393,37.63688182,126.6769987
카페도피성,"경기도 김포시 통진읍 마송로 65-61, 가동 1층",,37.6853824,126.5959099
메가엠지씨커피 김포운유초교점,"경기도 김포시 김포한강4로 176, 현대프라자 1동 1층 115, 116호 (장기동)",,37.64775044,126.6629247
무드인무어,"경기도 파주시 숲속노을로 60, 상가동 3호 (동패동, 초롱꽃마을10단지)",,37.70899049,126.7196634
산머루농원 캠핑장,"경기도 파주시 적성면 윗배우니길 441-42, 1층 일부",031-958-4558,37.96616621,126.9539392
몽쁘띠꺄도,"경기도 김포시 풍무로146번길 50, 다훈가 1층 103호 (풍무동)",,37.60756207,126.726587
마실,"경기도 파주시 월롱면 정문로 333, 1층 일부",,37.78870194,126.814495
cake gooum(케이크구움),"경기도 김포시 유현로237번길 85, 주건축물제1동 1층 (풍무동)",,37.61429733,126.7275706
더벤티 파주교하점,"경기도 파주시 책향기로 423, 두손비채Ⅰ 137-1호 (동패동)",,37.72492304,126.7189297
베이크위크(BAKE WEEK),"경기도 김포시 고촌읍 수기로 136, 501동 1층 107호 (캐슬앤파밀리에시티 2단지)",,37.59482587,126.7592166
카페청춘드림 린카페점,"경기도 파주시 해올로 11, 1층 105호 (다율동, 해오름마을11단지 우미린 더퍼스트)",,37.73389688,126.7285487
마담(Madam),"경기도 파주시 운정역길 144, 1층 (상지석동)",,37.73300573,126.7749246
스타벅스 파주문산DT점,"경기도 파주시 파주읍 통일로 1555, 1,2층",1522-3232,37.84646376,126.7891085
모두(MODOO),"경기도 김포시 김포한강8로 173-28, 제상가비동 제지1층 제비109호 (마산동, 한강신도시 반도유보라3차)",,37.64144019,126.6432951
관절타임,경기도 김포시 양촌읍 황금1로 225,,37.62539516,126.6106097
아담하다 김포점,"경기도 김포시 김포한강8로148번길 80, 1동 1층 102호 (마산동)",,37.63474438,126.6465301
파스쿠찌 김포DT점,"경기도 김포시 김포대로 1135, 1,2층 (감정동)",,37.63365664,126.6955574
오모나,경기도 연천군 청산면 청창로 469,,38.02371035,127.1089146
후구케이크,"경기도 김포시 통진읍 서암로6번길 11-5, 102호",,37.68560429,126.5969819
별다방,경기도 연천군 전곡읍 은전로78번길 12,031-835-2999,38.02780889,127.0683387
그래도-김포시장애인복지관 카페3호점,"경기도 김포시 통진읍 조강로 132, 김포시통진도서관 1층 일부호",031-996-0750,37.6939537,126.5920346
달리는커피 전곡점,경기도 연천군 전곡읍 온골로 40-1,,38.02380219,127.0686604
한탄강 지오 카페,경기도 연천군 연천읍 현문로 583,,38.0671745,127.1255687
고품격커피공장,"경기도 파주시 심학산로 628, 케이힐스 1층 116호 (야당동)",,37.71650073,126.7614753
빽다방(운정아이파크점),"경기도 파주시 심학산로 384, 상가1동 8호 (동패동, 운정신도시 IPARK)",,37.71721304,126.7367102
촘초밀,"경기도 김포시 유현로238번길 47, 웰컴시티빌딩 1층 102호, 103호 (풍무동)",,37.61096225,126.7336521
달보드레,"경기도 파주시 청암로17번길 63, 103호 (목동동)",,37.72813299,126.7341056
감성커피 김포양곡점,"경기도 김포시 양촌읍 양곡4로197번길 11, 김포양곡 곡촌마을 5단지 상가동 103호",,37.66027854,126.6302916
금파1832,"경기도 김포시 금파로 183-2, 4층 (사우동)",,37.62373588,126.728318
카페인시작,"경기도 파주시 월롱면 통일로642번길 67, 1동 1층,2동 1층",,37.76919079,126.7964843
더 벤티 연천역점,"경기도 연천군 연천읍 연천로 245, 1층",,38.09885246,127.0742292
폴바셋 김포구래DT점,"경기도 김포시 양촌읍 김포한강4로 374, 1,2층",1899-8829,37.65035426,126.6416157
이디야 운정가람점,"경기도 파주시 가람로 71, 명품프라자 102호 (와동동)",,37.73506853,126.7576277
감성커피 파주운정점,"경기도 파주시 청암로17번길 45, 2층 201호 (목동동)",,37.72906677,126.7347128
채움별과,"경기도 파주시 동패로63번길 43, 1층 일부 (동패동)",,37.71085532,126.7370237
달리는커피 사우점,"경기도 김포시 사우중로73번길 24, 선일프라자 106호 (북변동)",,37.62201164,126.7202845
에쁠비플러스,"경기도 김포시 고촌읍 풍곡로 77, 2층",,37.61161722,126.7602717
메가엠지씨커피 김포금빛초점,"경기도 김포시 태장로 823, 자이에비뉴1동 1층 118, 119호 (장기동)",,37.63542665,126.6805753
지심채,"경기도 파주시 아동로 22, 장안아파트3차 D동 101호 (금촌동)",,37.7647646,126.777001
카페마린,"경기도 김포시 통진읍 율마로384번길 77, 101호",0507-1411-4502,37.68366793,126.6012265
마인카페,"경기도 김포시 하성면 애기봉로 802, A-102호",,37.71949914,126.6261103
유어쿠키(your cookie),"경기도 김포시 통진읍 율마로 339-26, 1층 102호",,37.67258175,126.5983912
트리플에이,"경기도 김포시 김포한강8로 382, 고은메디타워 106호 (구래동)",,37.64355588,126.6266123
디저트39 파주야당점,"경기도 파주시 소리천로 25, 유은타워7차 140,141호 (야당동)",,37.71485283,126.7614609
띵커바이트(Think a Bite),"경기도 파주시 문산읍 문향로17번길 10, 1층 일부",,37.85382281,126.7856626
메가엠지씨커피 김포풍무중점,"경기도 김포시 풍무로68번길 44, 1층 106호 (풍무동)",,37.60050366,126.7263214
플로랄 플레이버(Floral Flavor),"경기도 김포시 김포한강2로104번길 62, 두현프라자 104호 (장기동)",,37.63952461,126.6749452
덕포진한옥마을 란 까페,"경기도 김포시 대곶면 대곶로119번길 272-8, 1층 전체호",,37.65858466,126.5435722
운정무드인무어,"경기도 파주시 별하람로 53, 근린생활시설-2동 107호 (당하동, 별하람마을4단지)",,37.74198533,126.7616391
기억되는날,"경기도 파주시 동패로63번길 48, 102호 (동패동)",,37.71099491,126.737402
스타벅스 파주가람점,"경기도 파주시 가람로 89, 1층 (와동동)",,37.73593589,126.7598687
고막리정미소 Our old Mill(아워올드밀),"경기도 김포시 월곶면 용강로 28, 1층 전체호",,37.72207617,126.5580424
컴포즈커피 김포고창마을점,"경기도 김포시 김포한강2로 220, 그린프라자 1층 102호 (장기동)",,37.64522196,126.6612986
북카페 새록,"경기도 김포시 김포한강11로 312, 2층 216호 (운양동)",,37.6555684,126.6840442
더벤티 운정반석프라자점,"경기도 파주시 청석로 115, 1층 118호 (동패동)",,37.71269108,126.7204331
"CAFE,HELLO(카페,헬로우)","경기도 김포시 고촌읍 태리로 289, 1층 106호",,37.59292821,126.764351
소울메이티(SOULMATEA),"경기도 파주시 초롱꽃로 17, 초롱꽃마을3단지 근린생활시설동 106호 (동패동)",,37.71444135,126.7077818
카페에스쁘아 광탄도서관점,"경기도 파주시 광탄면 심궁로 23, 1층",031-949-3620,37.78008784,126.8532138
탐앤탐스 운정해오름마을점,"경기도 파주시 해올2길 12, 104,105,106호 (다율동)",,37.73386189,126.7311687
컴포즈커피 김포시청점,"경기도 김포시 돌문로 50, 청운펠리스 104호 (사우동)",,37.61955158,126.7177834
봄,"경기도 파주시 하우고개길 95, 1층 일부 (야당동)",,37.71002679,126.7646097
율스커피(Yul′s coffee),"경기도 연천군 전곡읍 전곡로161번길 9, 101호 (영도플라자)",,38.02620513,127.0672737
cafe(카페)도토리,"경기도 김포시 대곶면 대곶북로 389, 나동 1층 전체호",,37.67863422,126.5730763
카페마음29,"경기도 파주시 마음밭길 29, 1층 일부호 (금촌동)",,37.76673735,126.7701107
하이오커피 운정센트럴푸르지오점,"경기도 파주시 심학산로 385, 근린생활시설1동 109호 (목동동, 운정신도시 센트럴 푸르지오)",,37.72035691,126.7361558
컴포즈커피 파주문산자유시장점,"경기도 파주시 문산읍 문향로 72-1, 문산 터미널 타워 1층 107호",,37.85839604,126.7857174
하이오커피 김포구래역점,"경기도 김포시 김포한강9로 73, 센트럴프라자 1동 1층 115호 (구래동)",,37.64334966,126.6255098
컴포즈커피 파주광탄점,"경기도 파주시 광탄면 혜음로 1124, 1층일부",,37.781786,126.847418
비스토조(vistoso),"경기도 파주시 교하로 969, 1층 일부 (신촌동)",,37.73203548,126.7090614
쿠키하임,"경기도 파주시 순못길 122-20, 1층 일부 (다율동)",031-918-8878,37.72861563,126.7153889
카페 사월오일,"경기도 파주시 시청로 123-1, 1층 101호 (아동동)",,37.76772126,126.7795202
오하나태리,"경기도 김포시 고촌읍 인향로244번길 27, 1층 일부호",,37.58274335,126.7535558
사파리쉼터,"경기도 파주시 탄현면 헤이리마을길 93-75, 헤이리더스텝바람(B)동 B230호",,37.78809894,126.69811
CAFE HANULSO(카페하늘소) 김포,"경기도 김포시 감정로 85, 상가동 1층 103호 (감정동, 김포 센트럴 헤센 2단지)",,37.61653799,126.7040367
INSIDE Coffee Roasters(인사이드 커피 로스터스),"경기도 김포시 초당로61번길 6, 1층 103호 (장기동)",,37.64474506,126.6738937
호랑이엔카페,"경기도 김포시 양촌읍 석모1로189번길 55, 2동 1층 일부호",,37.66129908,126.646157
커피-샵,"경기도 김포시 통진읍 서암로6번길 11-16, 1층 101호",,37.68560429,126.5969819
메머드익스프레스 김포나비초점,"경기도 김포시 김포한강9로 30, 1층 105호 (구래동)",,37.63952169,126.6271663
노아스로스팅 김포포레스트점,"경기도 김포시 하성면 애기봉로 893, 1,2층",,37.72078981,126.6364052
퍼피힐(PUPPY HILL),"경기도 파주시 탄현면 헤이리로 289-31, 1층 전체",,37.79987784,126.6988321
카페시스터쿠키,"경기도 김포시 태장로 808, 송호프라자 1층 103호 (장기동)",070-4044-5059,37.63758544,126.677839
촉촉베이커리 앤 카페,"경기도 파주시 가람로21번길 47, 1층 (와동동)",031-944-0110,37.7362169,126.7519926
뉴플레이스 운정점,"경기도 파주시 가온로 200, 근린생활시설동 122호 (와동동, 해솔마을8단지 운정 아이파크 더 테라스)",,37.72062657,126.7536425
고영주택,"경기도 김포시 대곶면 종생로 10-3, 1층",,37.64618095,126.5981428
배터리프랜즈,"경기도 김포시 양촌읍 황금로 4, 2동 1층",,37.61981434,126.6327392
벌크커피 김포학운점(Bulk coffee gimpo hakun),"경기도 김포시 양촌읍 황금1로80번길 55, 뉴테크산업지식센터 1층 일부호",,37.61515831,126.6221726
메가엠지씨커피 파주당동중앙점,"경기도 파주시 문산읍 당동2로 11-5, 104호",031-953-2425,37.86835408,126.7789139
키핏,"경기도 김포시 김포한강8로 158, 서서타워 104호 (마산동)",,37.63624662,126.6435762
카페 어울림,"경기도 연천군 전곡읍 전영로 11, 연천군 종합 복지관",,38.03050609,127.0670571
에클레시아,"경기도 파주시 회동길 480, 아트팩토리엔제이에프 A동 107호 (문발동)",,37.72123446,126.6946563
카페프라임(자운점),"경기도 파주시 법원읍 자운서원로 204, 자운서원 부속동 1층",,37.86613553,126.8709854
이십이쩜이(22.e),"경기도 파주시 가람로21번길 27-3, 1층 101호 (와동동)",,37.73560644,126.752224
G470,"경기도 김포시 통진읍 월하로 470, 1층 101호",,37.71105208,126.6081756
담세커피,"경기도 김포시 양촌읍 황금로23번길 30-110, 1층",,37.61361033,126.628043
브레디노,"경기도 김포시 풍년로 11, 풍년마을삼보아파트 상가동 지1층 비01호 (사우동)",,37.62370006,126.7239468
리로드(RELOAD),"경기도 파주시 광탄면 보광로 864, 1층전체",,37.77397851,126.8872576
감성커피 김포학운점,"경기도 김포시 양촌읍 황금3로7번길 85, 가동 102호",,37.61128028,126.6195878
소풍농월,"경기도 파주시 문산읍 방촌로 1779-40, 1동, 2동 전체",070-7766-1779,37.81874169,126.7224131
파스쿠치 파주문산DI점,"경기도 파주시 문산읍 우계로 424, 101호",,37.85673433,126.7974748
반김,"경기도 파주시 돌곶이길 74-29, 나동 일부 1층 (서패동)",,37.71457219,126.6956098
위드 커피 베이커리,"경기도 파주시 문산읍 문향로 17, 1,2층",,37.85342836,126.786052
커피전파사,경기도 연천군 연천읍 연신로494번길 2,,38.13326286,127.0793345
까페 더 스튜디오,"경기도 파주시 하지석길 119, 1층일부 (하지석동)",,37.75826125,126.7435557
디쎄베이커리,"경기도 김포시 김포한강2로 41, 에비뉴동 1층 B-5호 (장기동, e편한세상 캐널시티)",,37.64127017,126.6776017
더벤티 김포풍무역점,"경기도 김포시 김포대로 699, 드림시티 1층 110호 (풍무동)",,37.61179994,126.7329143
채우다,"경기도 파주시 쇠재로 122, 1층 102호 (금릉동)",,37.75208854,126.7778496
포이티,"경기도 김포시 허산길 50, LH아파트 상가동 102호 (장기동)",,37.63700551,126.6655775
호두카페,"경기도 김포시 대곶면 대명항1로 98, 대명항수산물타운 B동 1층 1012호",,37.63994276,126.5434357
와이블랙 김포구래점,"경기도 김포시 김포한강9로 36, 한강노블레스 Ⅱ 1층 105호 (구래동)",,37.64020789,126.6271973
피스오퍼링(PEACE OFFERING),"경기도 김포시 김포한강8로 410, 스타프라자 5층 502호 (구래동)",,37.64299915,126.6236296
와이블랙 안강점,"경기도 김포시 김포한강9로75번길 132, 김포 안강 럭스나인 1층 117호 (구래동)",,37.6443791,126.6219724
어큠커피,"경기도 김포시 통진읍 서암로 274, 가동 1~2층",,37.70534719,126.611128
아틀리에피다,"경기도 파주시 가람로21번길 25-31, 1층 일부 (와동동)",,37.73560644,126.752224
듀카페(DU cafe),"경기도 파주시 법원읍 술이홀로 786, 1층 일부",,37.84560481,126.8643844
카페(Cafe)뮬,"경기도 파주시 와석순환로 70, 신운정프라자2 107호 (야당동)",,37.71049836,126.7514818
미다과,"경기도 파주시 문산읍 통일로 1677, 문산장례식장 근린생활시설동 2층 일부호",,37.85850763,126.7886392
레트로카페 제2공단,"경기도 파주시 탄현면 새오리로 17, 2층 전체",,37.78683327,126.6890345
아페시스,"경기도 김포시 김포한강1로97번길 32-3, 1층 102호 (장기동)",,37.64894936,126.6707702
크로플각,"경기도 김포시 풍무로 180, 1층 108호 (풍무동, 풍무 아도니스의 꿈 I)",,37.61106322,126.7251921
읍천리382 운양,"경기도 김포시 김포한강11로140번길 82, 1층 101호 (운양동)",,37.64817369,126.6834682
Stained Sanctuary(스테인드 생츄어리),"경기도 김포시 김포한강1로84번길 22, 1층 일부호 (장기동)",,37.64509419,126.6715559
아지트,"경기도 파주시 쇠재안길 29, 102호 (금릉동)",,37.75188806,126.7788912
논밭커피,"경기도 김포시 하성면 하성로 638, 1층 일부호",,37.7293617,126.628572
Heaven(헤븐),"경기도 김포시 김포한강1로 77-17, 1동 1층 102호 (장기동)",,37.65230516,126.6796092
카페엣,"경기도 파주시 와석순환로192번길 35, 1층 (동패동)",,37.71528215,126.7411341
밀크로지 김포풍무점,"경기도 김포시 양도로19번길 31-1, 205 일부호 (풍무동)",,37.60798285,126.7249275
메가엠지씨커피 김포라베니체점,"경기도 김포시 김포한강2로23번길 72, 라베니체 마치에비뉴2차 1층 129호 (장기동)",,37.64021581,126.6796759
탐앤탐스 김포운양역점,"경기도 김포시 김포한강1로 240, 라비드퐁네프 블루동 1,2층 119,120,212,213호 (운양동)",,37.65283505,126.6844302
피이알(PER),"경기도 김포시 김포한강1로97번길 22, 1층 (장기동)",,37.64726397,126.6704385
크로앙쥬,"경기도 파주시 경의로 1114, 에펠타워 112호 (야당동)",,37.7166199,126.7603961
제뉴어리팩트(January Fact),"경기도 김포시 김포한강1로98번길 17-35, 1층 102호 (장기동)",,37.64530841,126.6731324
컴포즈커피 파주운정아이파크점,"경기도 파주시 심학산로 384, 상가2동 31호 (동패동, 운정신도시 IPARK)",031-945-2032,37.71721304,126.7367102
너에게마카롱운정점,"경기도 파주시 가람로21번길 52-20, 일부 1층 (와동동)",070-7543-8310,37.73560644,126.752224
베이리프커피(연천전곡점),경기도 연천군 전곡읍 은전로78번길 61,031-833-3337,38.02554373,127.069808
빽다방 김포사우점,"경기도 김포시 사우중로 79, 사우테마프라자2 1층 103호 (북변동)",,37.6218613,126.7205638
트리플에이커피 김포양곡점,"경기도 김포시 양촌읍 양곡2로60번길 43, 티타워 1층 116~117호",,37.65710568,126.6294968
모을집,"경기도 김포시 통진읍 마송2로104번길 28, 지하1층",,37.6858905,126.5919176
메가엠지씨커피 김포북변점,"경기도 김포시 북변1로16번길 47, 오른쪽일부호 (북변동)",,37.62887047,126.7033175
은빛카페,경기도 김포시 월곶면 애기봉로 35,,37.71811102,126.5569858
스프링코,"경기도 김포시 통진읍 검암1로 10, 2층",,37.69630556,126.5886297
쥬씨 고촌점,"경기도 김포시 고촌읍 김포대로 333, 1층 일부호",,37.60044288,126.7706942
오케이(OK)존,"경기도 김포시 양촌읍 김포대로 1569, 1층 (일부)",031-985-5670,37.66159795,126.662961
쏠카페(SSOL CAFE),"경기도 김포시 김포한강3로 287, 가동 1층 102-B호 (장기동)",031-985-9701,37.64137619,126.6598182
원룸(1ROOM),"경기도 김포시 감정로 21, 1층 (감정동)",,37.62146009,126.70012
투썸플레이스 김포풍무점,경기도 김포시 풍무로 83 (풍무동),,37.60304248,126.7213998
할리스김포운양점,"경기도 김포시 김포한강11로255번길 15, 104호 (운양동, 김포한강 이랜드 타운힐스)",,37.65478395,126.6768713
디저트39,"경기도 김포시 김포한강11로 300, 에비뉴파크 1층 105호 (운양동)",,37.6554342,126.6824516
카페본어게인,"경기도 김포시 대곶면 대명항로 357-1, 1층 일부호",031-981-6966,37.64869112,126.5785318
디저트카페메이,"경기도 김포시 김포대로 827, 1층 104호 일부호 (사우동)",,37.61877858,126.7214819
카페게이트김포사우점,"경기도 김포시 사우중로73번길 30, 1층 110호 (북변동, 황금프라자)",,37.62225211,126.7204738
까페인연 2호점,"경기도 김포시 김포한강8로 198-3, 김포생활체육관 1층 일부호 (마산동)",031-981-1225,37.64144019,126.6432951
지브릭커피,"경기도 김포시 월곶면 김포대로 2559, 다동 2층",031-987-0713,37.70317,126.5670002
이디야커피 김포구래점,"경기도 김포시 김포한강8로 378, 114,115호 (구래동, 웅신프라자)",,37.64365868,126.6270102
만랩커피 김포구래점,"경기도 김포시 김포한강9로76번길 47, 폴리프라자 1층 105호 (구래동)",,37.64483393,126.6271302
커피에반하다 양촌산업단지,"경기도 김포시 양촌읍 황금1로80번길 39, 대성디자인포장센타 1층 107호",,37.61501133,126.6215461
카페상상,"경기도 김포시 초당로16번길 86-6, 101호 (장기동)",,37.63942023,126.674568
BY SEASON(바이시즌),"경기도 김포시 장릉1로 3 (풍무동, 1,2층 전체)",,37.60820289,126.7232398
달콤커피 김포구래지구점,"경기도 김포시 김포한강9로 90, 1층 106호 (구래동, 성현프라자)",,37.64464684,126.6261476
쉼이있는,경기도 김포시 대곶면 황금1로 352,070-7380-7400,37.63515317,126.6050325
산티아고엘라커피,"경기도 김포시 통진읍 서암로 254, 1층",031-989-7328,37.70434172,126.6089253
르와조,"경기도 김포시 김포한강8로148번길 125, 1층 (마산동)",031-997-6428,37.63368051,126.6486144
JUICY(쥬시),"경기도 김포시 김포한강2로23번길 72, 119호 (장기동, 라베니체마치에비뉴 2)",,37.64021581,126.6796759
달달콩커피,"경기도 김포시 통진읍 김포대로2244번길 20, 1층 110호",031-981-5297,37.69092964,126.5976089
씨제이프레시웨이 쉴낙원김포점,"경기도 김포시 승가로58번길 7, 김포 쉴낙원 1층 일부호 (풍무동)",031-981-7526,37.60715598,126.7154147
약암홍염천관광커피숍,경기도 김포시 대곶면 약암로 965-7,031-989-7000,37.62457525,126.556964
커피식스 쥬스식스 김포운양점,"경기도 김포시 김포한강1로 247, 103호 (운양동, 김포헤리움타운)",031-4147-7266,37.65426783,126.6848191
보나이,"경기도 김포시 김포한강11로140번길 60, 1층 (운양동)",,37.64739999,126.6837958
둔둔(doondoon),"경기도 김포시 초당로61번길 36, 1층 103호 (장기동)",,37.6454594,126.6724778
카페아프리카,"경기도 김포시 청송로 26, 2층 206호 (장기동)",031-988-6679,37.64776141,126.6666902
스타벅스 김포장기커낼점,"경기도 김포시 김포한강2로 41, 에비뉴동 1층 C-5,6,7,8호 (장기동, e편한세상 캐널시티)",1522-3232,37.64127017,126.6776017
빈슈에뜨,"경기도 김포시 김포한강9로75번길 24, 골드문프라자 9층 901호 (구래동)",031-982-0536,37.64353824,126.6241208
빽다방 김포장기역점,"경기도 김포시 김포한강1로51번길 28, 레드클로버 105호 (장기동)",031-997-4777,37.64414435,126.667048
삶을 디자인하다 커피숍,"경기도 김포시 통진읍 김포대로2250번길 23-4, 1층",,37.69140162,126.5968317
핸즈커피 장기점,"경기도 김포시 김포한강4로 211-22, 1층 (장기동)",031-997-7770,37.65151619,126.6514586
집김밥 밖에커피,"경기도 김포시 고촌읍 고송로 7, 1층 101,102호 (김포고촌우방아이유쉘 제상가동)",,37.60437966,126.7675615
메리가든,"경기도 김포시 대곶면 대곶로20번길 115-34, 지하1층",,37.65102012,126.5558126
스타벅스김포풍무DT,"경기도 김포시 풍무로 45-1, 1층 (풍무동)",031-998-6728,37.60639467,126.7224611
펠리체코리아,"경기도 김포시 김포한강9로115번길 11, 2층 201호 (구래동, 그랑프라자(일부호))",031-988-4206,37.64665275,126.6245495
공차김포장기점,"경기도 김포시 김포한강1로51번길 28, 1동 101호 (장기동, 레드클로버)",031-985-5786,37.64414435,126.667048
컴포즈커피 김포구래점,"경기도 김포시 김포한강9로75번길 10, 서경프라자 1층 103호 (구래동)",,37.64372504,126.6250929
낯선커피,"경기도 김포시 초당로61번길 20-11, 1층 102호 (장기동)",031-988-7786,37.64517022,126.6726877
도로시 니버스,경기도 김포시 장릉1로 13 (풍무동),,37.60915836,126.7222316
투썸플레이스사우점,"경기도 김포시 돌문로 50-12, 1층 102호 (사우동, 프리랜서오피스텔)",031-989-8990,37.61980876,126.7168978
스타카페,"경기도 김포시 월곶면 비석동로27번길 156, 2층",031-981-5781,37.70677714,126.5638527
아리수호텔커피숍,"경기도 김포시 태장로795번길 123, 1층 (장기동)",031-988-2507,37.63901757,126.6839101
커피에반하다(고촌점),"경기도 김포시 고촌읍 은행영사정로23번길 39, 1층 일부호",031-998-0761,37.60331514,126.7716212
아미띠에,"경기도 김포시 김포대로 831, 2층 201호 (사우동, 서울메디컬센터)",,37.61899761,126.7210615
메가엠지씨커피 김포사우점,"경기도 김포시 사우중로 78, 1층 107호 (사우동, 밀레니엄프라자)",070-8804-3435,37.62133809,126.7209071
더벤티김포사우점,"경기도 김포시 사우중로 88, 105호 (사우동, 신영프라자)",031-996-8145,37.62215213,126.7215165
클라이맥스커피(climax coffee),"경기도 김포시 김포한강4로135번길 11, 골든프라자 108호 (장기동)",031-987-4889,37.64471842,126.6663332
투썸플레이스풍무트레이더스점,"경기도 김포시 김포대로 715, 트레이더스 김포점 1층 (풍무동)",,37.61253777,126.7309004
다오,"경기도 김포시 양촌읍 양곡로 539, 나동 1층",031-981-9521,37.65483841,126.6233337
지금이순간,"경기도 김포시 하성면 금포로 1921, A동 204호",,37.69781177,126.6620946
마크커피(Mark coffee),"경기도 김포시 김포한강11로255번길 149, 1층 113호 (운양동, 풍경마을 한라비발디 근린생활시설)",031-998-0192,37.65926179,126.682103
사각사각,"경기도 김포시 김포한강8로 386, 1층 113,114 일부호 (구래동, 센트럴프라자2)",031-985-8914,37.6434874,126.626184
카페774,"경기도 김포시 통진읍 담터로 85-3, 1층",,37.69468671,126.5967699
젤리네하우스,"경기도 김포시 월곶면 용강로 47, 1층",,37.72327545,126.5574202
그레텔,"경기도 김포시 통진읍 서암로 69, 1층",,37.69150009,126.5983882
커피에반하다 김포학운점,"경기도 김포시 양촌읍 학운산단3로25번길 14-2, 1층 101호 일부호",,37.60574203,126.593275
우리동네커피집,"경기도 김포시 양촌읍 양곡1로 51, 1층",031-988-8632,37.65524178,126.6232222
까페감동,"경기도 김포시 돌문로 91, 1층 (사우동)",031-983-2277,37.62140416,126.7135834
달리다 꿈,경기도 김포시 중봉로58번길 78 (감정동),031-984-9121,37.62382438,126.6994891
커피에반하다,"경기도 김포시 김포한강1로51번길 20, 1동 1층 115호 (장기동, 산타마리아)",031-988-9288,37.64397243,126.6673625
김포시종합사회복지관,경기도 김포시 사우중로 100 (사우동),031-989-8271,37.62305345,126.7223085
비바체,경기도 김포시 감암로 11 (걸포동),031-998-2255,37.63299811,126.7105568
로블랜드트라니아,"경기도 김포시 고촌읍 인향로24번길 20, 1층 101호",031-986-8002,37.59838436,126.7701657
스타벅스김포장기점,"경기도 김포시 김포한강4로 117, 1층 102, 103, 104, 105호 (장기동, 홍우프라자)",031-998-7586,37.64417435,126.667974
커피프레,"경기도 김포시 풍무로 59, 1층 104호 (풍무동, 대화빌딩)",,37.60104797,126.7209436
카페글렌,경기도 김포시 대곶면 대명항1로92번길 8,,37.64030611,126.5436899
투썸플레이스김포운양점,"경기도 김포시 김포한강11로 288-19, 운양프라자 112, 113, 207, 208호 (운양동)",031-981-4550,37.65380554,126.6775181
민J(민제이),"경기도 김포시 중구로 21, 1층 103호 (북변동)",031-983-6828,37.62325448,126.711832
카페그남자,"경기도 김포시 초당로16번길 130-3, 1층 105호 (장기동)",070-7393-2793,37.63942023,126.674568
메가엠지씨커피 김포하성점,"경기도 김포시 하성면 애기봉로 848-1, 2층",,37.7297365,126.59364
D cafe(디카페),"경기도 김포시 초당로61번길 20-3, 1층 (장기동)",031-998-0615,37.64517022,126.6726877
카페노이,"경기도 김포시 김포한강8로174번길 6, 1층 103호 (마산동)",,37.63748071,126.6448366
이디야커피김포장기동점,"경기도 김포시 김포한강1로51번길 18, 101,202호 (장기동)",031-981-4530,37.64395097,126.6676743
할리스커피골드벨리점,"경기도 김포시 양촌읍 황금로109번길 27, 1층 122,123,124,125호",031-998-7233,37.61763747,126.6221781
투썸플레이스 김포고촌점,"경기도 김포시 고촌읍 장차로 3 (1층일부,2층전체)",031-989-4604,37.60271587,126.7698021
드롭탑김포풍무점,"경기도 김포시 유현로 52, 1층 106~108호 (풍무동)",031-989-8756,37.5968015,126.727764
카페대명항,"경기도 김포시 대곶면 대명항1로92번길 39-24, 1층",031-984-1638,37.64125247,126.5417761
스타벅스김포시청점,"경기도 김포시 사우중로 35, 1층 (사우동)",031-985-6745,37.61842507,126.7179311
이디야김포풍년마을점,"경기도 김포시 사우중로 89 (북변동,명승프라자 1층)",031-983-0043,37.62269147,126.721213
망고식스김포점,"경기도 김포시 김포대로1473번길 12, 라동 101호 (장기동, 페스티벌스타)",031-984-8001,37.65498265,126.668668
서초앞카페,"경기도 김포시 봉화로 180, 1층 (북변동)",,37.62806625,126.7019569
이디야 운양점,"경기도 김포시 김포한강11로 288-5, 1층 112호 (운양동, 한강베네치아상가)",031-981-2688,37.65380554,126.6775181
히숍카페,"경기도 김포시 김포한강11로 288-19, 9층 901호 (운양동, 운양프라자)",,37.65380554,126.6775181
미스터커피,"경기도 김포시 풍무로 105, 105,106호 (풍무동,풍무프라자)",031-984-5100,37.60484645,126.7218625
설빙김포시청점,"경기도 김포시 사우중로 48, 204호 (사우동, 드림월드프라자)",,37.6190938,126.7191454
보름산미술관카페,경기도 김포시 고촌읍 수기로 100-78,031-985-0005,37.59648106,126.7654254
투썸플레이스 김포홈플러스점,"경기도 김포시 중봉로 14, 2층 (감정동)",,37.62384745,126.6986085
Kim's호두과자카페(cafe),"경기도 김포시 양촌읍 김포대로1759번길 134-37, 1층",031-987-5933,37.66837089,126.6404821
파스쿠찌김포사우점,"경기도 김포시 김포대로 841, 1층 109,110호 (사우동, 제우스프라자)",031-985-8497,37.61953666,126.7200287
카페Z,"경기도 김포시 대곶면 대명항로 316, 1층",031-988-2331,37.64931833,126.5858195
카페베네,"경기도 김포시 돌문로 50-6 (사우동,외1필지 두손프라자 108,109,110호)",031-998-6234,37.61980876,126.7168978
이디야커피,"경기도 김포시 고촌읍 김포대로 340, 1층 109호 (김포뉴시티)",031-997-9558,37.60128633,126.7708041
골든빈스,"경기도 김포시 양촌읍 양곡3로1번길 109-8, 1층",031-988-7650,37.65480293,126.6303754
엘이디스퀘어카페(LED스퀘어cafe),"경기도 파주시 회동길 521, 1층 일부 (문발동)",070-4393-7828,37.72318028,126.6928513
오라모멘토,"경기도 김포시 김포한강6로 31-119, 2층 (마산동)",031-987-7474,37.65636546,126.663572
빽다방 문산당동점,"경기도 파주시 문산읍 방촌로 1725, 좋은빌딩3 107호",,37.86676649,126.7847297
스테이블(stable),"경기도 김포시 김포한강8로148번길 32, 1층 101호 (마산동)",,37.63555074,126.6440972
이디야 김포풍무역점,"경기도 김포시 유현로238번길 31, 웅신타워 1층 104, 105호 (풍무동)",,37.61139704,126.7328464
커피에 반하다 풍무도서관점,"경기도 김포시 풍무로146번길 52-16, 1,2층 (풍무동)",031-983-1012,37.6076945,126.7266203
힐링카페-FILLMIND,"경기도 파주시 지목로131번길 90, 1층 (신촌동)",031-943-9856,37.73137331,126.6990629
토브커피,"경기도 김포시 풍무로146번길 14, YJ프라자 102호~103호 (풍무동)",,37.60718406,126.7241668
데이오브스윗,"경기도 김포시 김포한강1로78번길 32-13, 1층 (장기동)",,37.64404298,126.6714768
디저트 몰리,"경기도 연천군 연천읍 연천로42번길 41-33, 1층",,38.08483343,127.0776823
정원예술학교 디자인드바이(designed by) 피사로의 시간,"경기도 파주시 탄현면 헤이리마을길 59-117, 1층",,37.78809894,126.69811
더건강해,"경기도 김포시 모담공원로 53, 상가동 1층 18호 (운양동, 한강신도시 반도유보라 6차)",,37.65199255,126.6845997
카페랑샌드위치,"경기도 파주시 시청로 85, 상가동 201호 (아동동, 신안실크밸리2차 아파트)",,37.76295593,126.7806565
팔공티 홈플러스김포점,"경기도 김포시 중봉로 14, 지하1층 일부호 (감정동)",,37.62384745,126.6986085
메가엠지씨커피 김포마산점,"경기도 김포시 김포한강8로 158, 서서타워 106,107호 (마산동)",,37.63624662,126.6435762
하이테이블,"경기도 김포시 김포한강9로75번길 38, 맥스타워 104,202호 (구래동)",,37.64360668,126.6234319
위어스커피컴퍼니,"경기도 김포시 김포한강4로212번길 56, 1층 102호 (장기동)",,37.65125021,126.6615428
카페그래밀,"경기도 파주시 광탄면 보광로 815, 1층",031-942-2182,37.77254903,126.8923562
이디야커피 운유초교점,"경기도 김포시 김포한강2로 232, 한강노블레스 1층 106호 (장기동)",,37.64559057,126.660712
스타벅스 파주운정이마트점,"경기도 파주시 한울로 123, 이마트운정점 1층 (동패동)",1522-3232,37.7103887,126.7451023
팍스디엠지,"경기도 파주시 탄현면 새오리로 130, 팍스디엠지 1,2층",031-945-0946,37.7954255,126.6873205
자랑하개,경기도 김포시 대곶면 대명항로 574,031-988-0881,37.6468374,126.5573623
만개커피,"경기도 김포시 김포한강8로194번길 167, 102일부호 (마산동)",,37.6339873,126.6442567
메가엠지씨커피운정아이파크점,"경기도 파주시 심학산로 384, 상가 1동 21호 (동패동, 운정신도시 IPARK)",,37.71721304,126.7367102
COMPOSE COFFEE 김포풍무점,"경기도 김포시 풍무로 73, 퍼플오션프라자 1층 111호 (풍무동)",,37.60210011,126.7211586
빽다방야당역점,"경기도 파주시 경의로 1074, 삼융시네마 1층 111호 (야당동)",,37.71315708,126.759892
스쿨존(SCHOOL ZONE),"경기도 파주시 동산3길 38-5, 1층 일부 (금촌동)",,37.76011764,126.7695706
우주라이크 커피,경기도 연천군 연천읍 연천로 248,,38.09905514,127.0747019
카페맹글,"경기도 김포시 풍무로96번길 11, 한양프라자 3층 (풍무동)",,37.60458832,126.7226699
메가엠지씨 파주광탄점,"경기도 파주시 광탄면 혜음로 1127, 1층",,37.78174678,126.8471855
BAKOS(바코스),"경기도 김포시 김포한강1로 274, 1층 101호 (운양동)",,37.6527171,126.6872017
산보,"경기도 김포시 고촌읍 풍굴로92번길 38-6, 1층",,37.61618054,126.758553
요거프레소 김포 파인스타메디컬점,"경기도 김포시 걸포2로 21, 파인스타S3 107호 (걸포동)",031-982-4191,37.63249501,126.704889
Roasters cafe soy(로스터스카페소이),"경기도 김포시 김포한강1로98번길 17-72, 1층 101호 (장기동)",,37.64530841,126.6731324
카페북앤프레스,"경기도 파주시 문발로 203, 1층 (문발동)",031-955-0084,37.71262039,126.6865563
화창한 서점,"경기도 김포시 풍무로208번길 15, 1층 (사우동)",,37.6137881,126.7262123
프렌즈에듀 스칸디아트랩,"경기도 파주시 교하로 1097-26, 1동 (다율동)",,37.71250491,126.7006422
이디야 김포걸포메트로자이점,"경기도 김포시 걸포2로 49, 1층 106호 (걸포동)",,37.6346053,126.7025574
소담카페,"경기도 김포시 양촌읍 양곡3로 129, 상가동 1층 104호 (양곡휴먼시아 곡촌마을)",,37.66171369,126.6358791
페어리스토리,"경기도 파주시 파평면 청송로 596, 1층",,37.94006281,126.8748844
달리는커피 김포고촌점,"경기도 김포시 고촌읍 수기로 67-53, 상가동 1층 101-2호 (수기마을힐스테이트2단지)",,37.59648106,126.7654254
빽다방 김포풍무사거리점,"경기도 김포시 풍무로 112, 미산빌딩 1층 104호 (풍무동)",,37.60551509,126.7227144
빠삐케이크,"경기도 파주시 가람로21번길 27-40, 1층 일부 (와동동)",,37.73560644,126.752224
더라운드픽업커피,"경기도 파주시 금정28길 20, 103호 (금촌동)",,37.76378493,126.7730552
셜록카페,"경기도 김포시 금포로1491번길 42, 2층 205호 (운양동)",070-7576-3598,37.66612984,126.6727409
꽃피는방앗간,"경기도 파주시 문산읍 문향로 103, 1층",,37.86060229,126.7873578
프시케,"경기도 파주시 조리읍 통일로 324, 104,202호",,37.74465109,126.8090753
카페플랫빈,"경기도 김포시 사우중로73번길 16, 영프라자 1층 104-2호 (북변동)",,37.62172692,126.720091
브릭루즈,"경기도 파주시 지목로 143, 2동 1층 일부 (신촌동)",031-923-7333,37.73045029,126.7047021
디저트39 풍무점,"경기도 김포시 유현로238번길 31, 웅신타워 118호 (풍무동)",,37.61139704,126.7328464
cafe79,"경기도 파주시 문산읍 방촌로 1675-34, 104호",,37.81874169,126.7224131
커피공장103 대동리점,"경기도 파주시 탄현면 새오리로339번길 79-42, 1층",,37.81853573,126.6927624
카페그랑블루,경기도 연천군 전곡읍 양연로 1557,,38.01866516,127.0645964
OOZY COFFEE(우지커피) 김포구래점,"경기도 김포시 김포한강9로75번길 180, 1층 120호 (구래동, 두원타워)",,37.64491617,126.6244803
컴포즈커피 김포마송공원점,"경기도 김포시 통진읍 서암로6번길 19-20, 1층",,37.68560429,126.5969819
THEA(테아),"경기도 김포시 대곶면 대명항로 372, 1층",,37.64894688,126.5802192
고촌문고 책마루,"경기도 김포시 고촌읍 태리로 287, SJ메디컬타워 2층 203 일부호",,37.59308778,126.7641288
더그레이,"경기도 김포시 김포한강11로 442, 2층 (운양동)",,37.65374012,126.6974778
일상,"경기도 파주시 평화로 368, 1층 104호 (검산동)",,37.77405483,126.7420947
카페람주,"경기도 파주시 조리읍 대원로 24, 나동 1층 107호",,37.72691983,126.8191205
파스쿠찌 김포운양 DI점,"경기도 김포시 모담공원로167번길 109, 1,2층 (운양동)",031-985-8088,37.64703522,126.6985742
포트캔 커피 운정점,"경기도 파주시 경의로1240번길 15, 107호 (와동동)",,37.72864104,126.7618774
카페로,"경기도 김포시 풍무로 33, 당곡마을현대아파트 상가동 2층 203호 (풍무동)",,37.59868021,126.7203141
Positive Space 566(포지티브스페이스566),"경기도 김포시 검단로 910, 1,2,3층 101~105,201~202,301~302호 (감정동)",,37.6202731,126.6979175
앤드리버,"경기도 연천군 미산면 왕산로28번길 16, 2층",,38.05692341,127.0139419
짝짝쓰,"경기도 파주시 광탄면 기산로 33, 1층",,37.77327738,126.9024012
브라운베이글 운정점,"경기도 파주시 청암로17번길 59, 206호 일부 (목동동)",,37.72859524,126.7341331
투썸플레이스구래역점,"경기도 김포시 김포한강7로 93, 월드에비뉴주차빌딩 156,157,158호 (구래동)",,37.64570722,126.6278049
컴포즈커피 파주부흥점,"경기도 파주시 광탄면 부흥로 131, 107호 일부 1층",,37.80635081,126.8636892
207피트 파주본점(207 FEET),"경기도 파주시 조리읍 새능안길 32, 1층일부,2층전체",,37.73726242,126.7958903
카페인중독 연천전곡점,"경기도 연천군 전곡읍 은전로 18, 2동",,38.02523413,127.063024
커스텀커피 더하우스 김포,"경기도 김포시 양촌읍 김포한강4로 279-82, 2층 일부호",,37.65151619,126.6514586
컴포즈커피 운정산내마을점,"경기도 파주시 교하로159번길 33, 목동프라자 106호 (목동동)",,37.72364274,126.7397188
트윗젤 현대아울렛김포점-행사,"경기도 김포시 고촌읍 아라육로152번길 100, 현대프리미엄아울렛 1층 이스트존 광장앞 부스2번",,37.59723685,126.7852336
더벤티 김포디원시티점,"경기도 김포시 김포한강10로133번길 107, 1층 107호 (구래동)",,37.64273788,126.6186423
컴포즈커피 김포디원시티점,"경기도 김포시 김포한강10로133번길 107, 디원시티시그니처 지식산업센터 1층 102호 (구래동)",,37.64273788,126.6186423
비아티프 김포걸포점,"경기도 김포시 걸포2로 83, 파인스타동 148~149호 (걸포동, 한강메트로자이1단지)",,37.6331164,126.7010503
오쉐르카페,"경기도 파주시 송화로 73-75, 다동 1층일부 (금촌동)",031-942-8221,37.77559741,126.7757158
살롱드노엘라,"경기도 파주시 교하로 167, 1층 일부 (목동동)",,37.7220704,126.739287
백억커피(운정점),"경기도 파주시 청암로17번길 61, 112호 (목동동)",,37.72835133,126.7345219
랑디,"경기도 파주시 가람로21번길 30, 1층 일부 (와동동)",,37.73535431,126.7524197
카페11,"경기도 파주시 탄현면 웅지로144번길 73, 웅지세무대학 D(기숙사동-2)동 1층",,37.81875478,126.7357045
더벤티 운정해오름마을점,"경기도 파주시 청암로 82, 근생1동 123호 (다율동, 운정신도시 푸르지오 파르세나)",,37.73528319,126.7339178
크로로카페,"경기도 김포시 풍무로 168, 1층 114호 (풍무동)",,37.61015154,126.7251653
써스티(SUSTY),"경기도 파주시 초롱꽃로 17, 초롱꽃마을3단지 근린생활시설 104호 (동패동)",,37.71444135,126.7077818
커피프랜즈,"경기도 김포시 금포로 1517, 가동 1층 101호 (운양동)",031-982-0511,37.66720036,126.6729639
킥애스 파주산내점,"경기도 파주시 청암로17번길 39, 111호 (목동동)",,37.7293806,126.7358504
커피이십센치(광탄점),"경기도 파주시 광탄면 부흥로 218, 4동 1층",,37.80195281,126.871826
하이오커피 파주운정점,"경기도 파주시 가온로 200, 운정아이파크 더 테라스 근린생활시설동 101호 (와동동)",,37.72062657,126.7536425
지유갤러리,"경기도 파주시 탄현면 헤이리마을길 93-140, GU 갤러리 1층",031-945-7746,37.78809894,126.69811
컴포즈커피 파주운정초롱꽃마을점,"경기도 파주시 초롱꽃로 133-3, 운정퍼스트타워 101호 (동패동)",,37.7117518,126.712557
11층카페,"경기도 김포시 김포한강8로 382, 고은메디타워동 11층 1105호 (구래동)",,37.64355588,126.6266123
상두그레이,"경기도 김포시 양촌읍 김포한강8로 100-51, 외 1필지",,37.64144019,126.6432951
학운리cafe(카페),"경기도 김포시 양촌읍 황금로274번길 10, 골든프라자 1동 1층 107호",,37.61293036,126.6049216
LG디스플레이 파주R&D동,"경기도 파주시 월롱면 엘지로 245, R&D동 15층",031-933-4803,37.81588522,126.7568181
LG디스플레이 파주A3동,"경기도 파주시 월롱면 엘지로 245, 파주LCD산업단지 A3동 2층",031-933-0142,37.81588522,126.7568181
윈썸(winsome),"경기도 김포시 김포한강1로 129, 1층 106호 (장기동, 김포한강신도시 범양레우스라세느)",,37.64968637,126.6717083
카페서울,"경기도 김포시 대곶면 대명항1로92번길 22, 1층 4호",041-533-4540,37.64010339,126.5428515
이디야 운양역골든타임점,"경기도 김포시 김포한강1로 250, 골든타임 1층 124~125호 (운양동)",,37.65332676,126.6847495
우주라이크 카페,"경기도 김포시 태장로 808, 송호프라자 1층 111호 (장기동)",,37.63758544,126.677839
놀면묘하냥 고양이카페,"경기도 파주시 가람로21번길 26-16, 1층 (와동동)",,37.73560644,126.752224
012크로플,"경기도 파주시 가재울로93번길 25-12, 1층 일부 (목동동)",070-8299-1171,37.73157704,126.7471316
카페빅(Cafe Big),"경기도 파주시 문발로 140, 점프존상가 106호 (문발동)",,37.70700536,126.6865554
마시또,"경기도 파주시 월롱면 은행나무길 128, 1층일부",,37.79664898,126.7893817
노아북카페,"경기도 파주시 가람로21번길 27-19, 1층 일부 (와동동)",,37.73560644,126.752224
더벤티 운정더테라스점,"경기도 파주시 가온로 200, 근린생활시설동 109호 (와동동)",070-8287-1050,37.72062657,126.7536425
다룸,"경기도 김포시 김포한강1로 238, 라비드퐁네프 레드동 2층 201 일부호 (운양동)",,37.65276939,126.6834311
우디움 김포아트홀점,"경기도 김포시 돌문로 26, 김포아트홀 2층 일부호 (사우동)",,37.61893049,126.7201495
행복뜨락,"경기도 파주시 쇠재로 140, 파주경찰서 2층일부호 (금릉동)",,37.75371473,126.7787748
이디야 개성인삼농협연천점,"경기도 연천군 전곡읍 평화로 701, 개성인삼농협연천지소 1층",,38.03262442,127.0638411
설고단 본점,"경기도 김포시 고촌읍 김포대로319번길 13-4, 1층1호, 2층 1,2호",,37.59396629,126.7679217
컴포즈커피 파주해오름마을점,"경기도 파주시 해올2길 16, 103호 (다율동)",,37.73405521,126.7317513
컴포즈커피 파주봉일천시장점,"경기도 파주시 조리읍 봉천로 45, 1층일부",,37.74365565,126.8066648
카페게이트 (운정역점),"경기도 파주시 와석순환로515번길 91, 112호 (와동동)",,37.72826503,126.7636082
컴포즈커피 파주갈현점,"경기도 파주시 탄현면 평화로 584, 가동 1층 2호",,37.77359077,126.7201898
하우스텐커피 금촌로타리점,"경기도 파주시 번영로 20, INO프라자 1층 110호 (금촌동)",,37.75804153,126.7710912
텐퍼센트커피 김포고촌점,"경기도 김포시 고촌읍 태리로 287, SJ메디컬타워 1층 105호",,37.59308778,126.7641288
더벤티 김포감정점,"경기도 김포시 중봉1로 12, 이삼메디칼센타 1층 103호 (감정동)",,37.62230506,126.6996701
Ravic(라빅),"경기도 김포시 양촌읍 모산로 17, 1,2동 1층",,37.65136579,126.6576032
토브카페,"경기도 파주시 조리읍 뇌조로 123, 1층 일부",,37.75415788,126.8158477
이안로스터리,"경기도 김포시 승가로76번길 77, C동 1층 일부호 (풍무동)",,37.60962736,126.7149172
삼호주유소(주)카페308지점,경기도 연천군 전곡읍 양연로402번길 5,,37.94296272,127.0036628
마당갤러리카페,"경기도 김포시 고촌읍 인향로210번길 34-17, 2층 일부호",031-985-7277,37.58591386,126.7546404
프랑켄,"경기도 김포시 대곶면 초원로 84, 1층 일부호",,37.65445324,126.5968638
더벤티 김포지식산업센터점,"경기도 김포시 태장로 741, 경동미르웰시티 1층 129호 (장기동)",,37.64122398,126.6839414
커피101스트릿 마산동일스위트점,"경기도 김포시 김포한강8로 173-88, B동 110호 (마산동, 한강신도시 동일스위트 더파크뷰 1단지)",,37.64144019,126.6432951
Cafe Demuja(데무자),"경기도 김포시 솔터로 22, 301동 판매시설동 2층 277호 (구래동, 메트로타워 예미지)",,37.64542922,126.6308576
레드파이프,"경기도 파주시 지목로 17-7, 레드파이프 지하1층~2층 (신촌동)",,37.72649845,126.7004099
카페스테이션(cafe station) 야당역점,"경기도 파주시 동서대로 640-11, 1층 일부 (동패동)",,37.70249705,126.7202122
컴포즈커피 파주금릉점,"경기도 파주시 금빛로 24-22, 굿닥터스빌딩 105호 (금촌동)",,37.75195043,126.7665697
포레스트멍,"경기도 파주시 장명산길 174-26, 1층 일부호 (오도동)",,37.74783524,126.7303728
이층커피 당동점,"경기도 파주시 문산읍 방촌로 1719-10, 와우시티에이동 114호",,37.81874169,126.7224131
썬샤인,"경기도 파주시 파평면 청송로 550, 6동 1층",,37.93777383,126.8703414
용미리커피,"경기도 파주시 광탄면 장지산로31번길 193, 1층 일부",,37.74085816,126.8862123
카페게이트파주야당점,"경기도 파주시 경의로1004번길 17, 디베뉴스타 1층 101호 (야당동)",,37.70782586,126.760076
카페게이트 김포운양베네치아,"경기도 김포시 김포한강11로 288-5, 한강베네치아 119호 (운양동)",,37.65380554,126.6775181
55갤런-카페,"경기도 김포시 양촌읍 김포대로 1619, 2층",031-988-2536,37.66250907,126.657692
카페드엘르,"경기도 김포시 통진읍 가현로 48, 1층 일부호",,37.66887471,126.5832829
핑크바케스파주점,"경기도 파주시 심학산로423번길 7-20, 1층 (목동동)",,37.7190733,126.7385431
주(JU),"경기도 파주시 조리읍 뇌조로171번길 68-39, 1층",,37.75704228,126.8241381
엔틱카페,"경기도 파주시 광탄면 기산로 10, 1층일부",,37.77144946,126.9014848
멜티브라운(Melty Brown),"경기도 파주시 번영로 54, 백금빌딩 102호 (금촌동)",,37.75792718,126.7670818
"사계, 머문","경기도 김포시 통진읍 검암2로 45, 가동 1층",,37.70326663,126.5971603
하삼동커피 김포구래점,"경기도 김포시 김포한강8로 396, 지오타워 1층 103호 (구래동)",,37.64327632,126.6251107
힐링뜰,"경기도 파주시 교하로681번길 74, 1층 (동패동)",031-944-1545,37.70735287,126.7012372
킨(KIN)라탄,"경기도 파주시 지목로 22, 해물뚝배기 2층 201호 (문발동)",,37.72564462,126.6938239
발도스커피 김포장기점,"경기도 김포시 김포한강2로 80, 베스트프라자 1층 105호 (장기동)",,37.63896985,126.6743136
Avenue 41th(애비뉴41),"경기도 김포시 김포한강10로133번길 126, 김포The럭스나인 오피스텔 A동 1층 141호 (구래동)",,37.64390398,126.6193834
빨콩 야당점,"경기도 파주시 경의로 1108, 106호 (야당동)",,37.71626436,126.7602545
핑크프렌즈츄러스카페,"경기도 김포시 양도로 9, 나린플레이스 104호 (풍무동)",031-982-1415,37.60667461,126.7239609
뉴욕쟁이 디저트,"경기도 김포시 태장로 765, 금광테크노밸리 지식산업센터 1층 113호 (장기동)",031-991-3252,37.63984493,126.6822615
할리스커피 김포디원시티점,"경기도 김포시 김포한강10로133번길 127, 디원시티 지식산업센터 B110, B111, B112,호 (구래동)",031-8035-1750,37.64407084,126.6181574
지커피,"경기도 김포시 대곶면 대명항1로 104, 대명항 수산물타운 A동 1층 1005호",,37.63954596,126.543038
책방짙은,"경기도 김포시 김포한강2로 76, 프레즌스빌딩 402호 (장기동)",,37.63927323,126.6747114
지에스25 야당금강점,"경기도 파주시 경의로 1046, 1층 103호 일부 (야당동)",,37.71065866,126.7593506
카페헤이슬,"경기도 파주시 월롱산로 15, 2동 1층 (야동동)",031-945-4797,37.77816512,126.7666963
나리cafe',"경기도 김포시 돌문로 99, 나리병원 1층 일부호 (사우동)",,37.62191696,126.7128247
스타벅스 파주산내점,"경기도 파주시 청암로17번길 29, B02호,101A호,103호 (목동동)",,37.72865362,126.7356908
우주통진고 사회적협동조합(cafe 우주),"경기도 김포시 통진읍 김포대로 2165, 통진고등학교 경영정보관 2층 일부호",031-987-0127,37.68585311,126.6021476
커피만드는남자,"경기도 김포시 하성면 하성로 270, 1층 101호",,37.69909614,126.635369
아메리칸머슬커피,"경기도 파주시 탄현면 방촌로 1085, 2동 1층",,37.82742472,126.7398988
마시그래이 김포걸포점,"경기도 김포시 걸포2로 35, 걸포프라자 1동 1층 102호 (걸포동)",,37.63359575,126.7033815
The봄,"경기도 김포시 양촌읍 석모로 57, 나동 1층",,37.65274354,126.6439599
커피를마시다,"경기도 김포시 김포한강9로75번길 142, 태림더끌리움1차 1층 108호 (구래동)",,37.64451031,126.6225143
모비해(MOVIHAE),"경기도 파주시 문산읍 문향로 69-9, 1층",,37.85839604,126.7857174
세컨피기하우스,"경기도 김포시 월곶면 김포대로2918번길 25, 1층",,37.72222795,126.5380818
셀렉토커피운정지식산업센터점,"경기도 파주시 가람로116번길 107, 운정한강듀클래스 1층 106,107호 (와동동)",,37.73269428,126.7667257
YUP BUTTER(얍버터),"경기도 김포시 풍무로68번길 39, 제123(상가)동 지하1층 101-1호 (풍무동, 한화유로메트로아파트)",,37.6018428,126.7226189
메리어디저트(marry a dessert),"경기도 김포시 봉화로 11, 1층 101호 (사우동)",,37.61807155,126.7162896
컴포즈커피 파주야당점,"경기도 파주시 경의로 1074, 삼융시네마 109호 (야당동)",,37.71315708,126.759892
꿀단지디저트,"경기도 김포시 김포한강1로 266, H-city 1층 106호 (운양동)",070-8803-1515,37.65296636,126.6865725
호텔 M-TOWER(엠타워)카페,"경기도 김포시 김포한강9로75번길 38, 9층 903 일부호 (구래동)",031-983-1723,37.64360668,126.6234319
아이키친,"경기도 파주시 와석순환로192번길 14-70, 1층 (동패동)",,37.7157329,126.740314
다운데어,"경기도 파주시 탄현면 헤이리마을길 55-34, 1층",070-7767-5588,37.78809894,126.69811
카페게이트 김포전원로점,"경기도 김포시 전원로 11, 가든프라자 1층 104호 (운양동)",,37.64547168,126.6811711
와이블랙 금릉점,"경기도 파주시 새꽃로 13, 파르테논프라자 104호 (금촌동)",,37.75120469,126.7683467
컴포즈커피 파주와동점,"경기도 파주시 가람로 55, 로얄프라자 102호 (와동동)",,37.73469712,126.756299
빅핸드(Big hand),"경기도 파주시 탄현면 헤이리마을길 55-45, 1층 일부 1층",,37.78809894,126.69811
"카페, 빛나","경기도 파주시 탄현면 평화로 725, 1층 일부",,37.77922738,126.7068567
더스토리(헤이리사막),"경기도 파주시 탄현면 헤이리마을길 93-123, 헤이리더스텝노을(E)동114호",,37.78809894,126.69811
Cafe 수,"경기도 김포시 청송로 35, 청송마을현대3단지아파트 상가동 2층 202호 (장기동)",,37.64870734,126.6673912
카페게이트 김포풍무중학교점,"경기도 김포시 유현로33번길 76, 1층 102호 (풍무동)",,37.60022815,126.7261732
Street 8(스트릿에잇),"경기도 김포시 김포한강8로 173-88, 근린생활시설A동 1층 113호 (마산동, 한강신도시 동일스위트 더파크뷰 1단지)",,37.64144019,126.6432951
브라노로스터리앤초코랩,"경기도 파주시 청암로48번길 16-17, 1층 (목동동)",,37.73332898,126.7363627
메가엠지씨커피 김포풍무점,"경기도 김포시 풍무로146번길 18, 1층 123호 (풍무동)",,37.60744137,126.7243141
더 파스칼,"경기도 김포시 김포한강8로 169, 1층 107호 (마산동)",031-981-6011,37.63761452,126.6438564
메가엠지씨커피 구래신도시점,"경기도 김포시 김포한강9로75번길 180, 122호 (구래동, 두원타워)",,37.64491617,126.6244803
나인커피로스터스 김포본점,"경기도 김포시 사우로9번길 4, 1층 (사우동)",070-8801-9517,37.6212772,126.7228983
corn=r koffee(코너커피),"경기도 김포시 김포한강1로 227, 광장프라자 1층 114호 (운양동)",,37.65415244,126.6825742
카페크렘,"경기도 파주시 가람로21번길 61-30, 1층 일부 (와동동)",,37.73560644,126.752224
스타벅스김포구래점,"경기도 김포시 김포한강4로 487, 1085,1086,1098,2083호 (구래동, 한강신도시 반도유보라 4차)",,37.64639789,126.6295163
메가엠지씨커피,"경기도 김포시 김포한강1로51번길 28, 레드클로버 1층 103호 (장기동)",,37.64414435,126.667048
도라산 전망대 카페,"경기도 파주시 장단면 제3땅굴로 308, 2층 일부 [*미고시]",,37.91096994,126.7060315
102커피,"경기도 김포시 통진읍 김포대로 2214, 1층 102호 일부호",070-4711-6230,37.68958293,126.6001707
카페그리닝 김포풍무점,"경기도 김포시 풍무로 176, 서래메디컬프라자 1층 108호 (풍무동)",,37.61073233,126.7251735
로타리카페 운정점,"경기도 파주시 가재울로 97, 101호 (목동동)",,37.73104146,126.7477442
봄길,"경기도 김포시 월곶면 포내로123번길 51, 나동 상가동 1층 전체호",,37.72216555,126.5277878
모모,"경기도 파주시 경의로 1100, 연세프라자 109호 (야당동)",,37.71531706,126.7601558
트리플에이커피 김포걸포점,"경기도 김포시 걸포로 32, 대경빌딩 1동 1층 101호 (걸포동)",,37.63475246,126.7066365
카페 쿡키스,"경기도 김포시 태장로 741, 경동미르웰시티 2층 204호 (장기동)",,37.64122398,126.6839414
요거프레소 운정와동점,"경기도 파주시 가람로116번길 85, 진양프라자 104호 (와동동)",,37.73387585,126.7655201
달콩스 케이크,"경기도 김포시 전원로 40, 전원마을월드2단지아파트 상가동 2층 203호 (운양동)",,37.64698509,126.6841299
후르츠바스켓,"경기도 파주시 숲속노을로 150, 근린생활시설동 101호 (동패동, 초롱꽃마을 파밀리에 7단지)",,37.71540962,126.7141763
파스쿠찌 김포풍무역점,"경기도 김포시 유현로 232, 에버리치 빌딩 1, 2층 107, 108, 204, 205호 (풍무동)",,37.61117689,126.7311223
스타벅스 김포구래DT점,"경기도 김포시 양촌읍 봉수대로 1871, 1층 전체호",1522-3232,37.63482056,126.6277092
가월카페,"경기도 파주시 적성면 관고개길 81, 2층",,37.97442584,126.9154218
더까페 월드타워9차운정지점,"경기도 파주시 와석순환로 507, 월드타워9 115호 (와동동)",,37.72458314,126.7619106
메가엠지씨커피 김포솔터마을점,"경기도 김포시 김포한강8로 333, 상가2동 1층 102,103호 (마산동, 김포한강엘에이치솔터마을3단지)",,37.64333098,126.6316527
커피쿡 해솔마을점,"경기도 파주시 가온로 27, 월드메르디앙1차아파트 상가동 104호 (목동동)",,37.72704046,126.7429978
메가엠지씨커피 운정산내마을점,"경기도 파주시 심학산로423번길 7-29, 103호 (목동동)",,37.7190733,126.7385431
발도스커피 풍무점,"경기도 김포시 풍무2로 12, 에비뉴1 1층 102호 (풍무동)",,37.6075251,126.726184
샛대광길13 카페,경기도 연천군 신서면 샛대광길 13,,38.19457223,127.1177077
과일이야기,"경기도 김포시 걸포2로 74, 상가2동 1층 108호 (걸포동, 한강메트로자이2단지)",,37.63683909,126.7006622
올록블록,"경기도 김포시 김포한강8로162번길 7, 서현프라자 3층 301호 (마산동)",,37.63662014,126.6441649
DEEP BLACK(딥블랙),"경기도 김포시 김포한강4로 12, 라베니체마치에비뉴5 2층 203호 (장기동)",,37.64051529,126.6788766
카페게이트 운정해오름점,"경기도 파주시 해올2길 16, 공감빌딩 122호 (다율동)",,37.73405521,126.7317513
메가엠지씨커피 파주운정가람점,"경기도 파주시 가람로 65, 102호 (와동동)",,37.73492848,126.7571234
달리는 달팽이 책방 카페,"경기도 연천군 전곡읍 은전로77번길 34, 국인원룸 1층 103호",,38.02982691,127.0679498
더 바운더리 커피로스터스,"경기도 파주시 월롱면 통일로 766, 1층 3호일부",070-4665-0014,37.77749442,126.7890022
montcorne(몽코른),"경기도 김포시 초당로16번길 114-3, 풀하우스 1동 1층 101호 (장기동)",,37.63942023,126.674568
이마트24 운정홈플러스점,"경기도 파주시 청암로17번길 33, 1층 110호 (목동동)",,37.72866371,126.736416
담소,"경기도 파주시 탄현면 엘씨디로241번길 35, 1층 104호",,37.81016575,126.7580745
카페인중독 김포G타워 장기점,"경기도 김포시 태장로 755, 김포 한강신도시 GTower지식산업센터 1층 111호 (장기동)",,37.64030888,126.6825096
프나온,"경기도 김포시 초당로61번길 25, 1동 1층 101호 (장기동)",,37.64496966,126.672718
매머드 익스프레스 파주운정역점,"경기도 파주시 경의로1240번길 15, 114,115호 (와동동)",,37.72864104,126.7618774
언니네 정원,"경기도 파주시 송학1길 139, 1층 일부 (야당동)",,37.7147164,126.7638213
"오늘도,카페일리터 풍무아라점","경기도 김포시 풍무로69번길 30, 그린씨티 1층 102호 (풍무동, 그린씨티)",,37.60239978,126.7201332
트리플에이커피,"경기도 김포시 대곶면 율생로 7, 1층 일부호",,37.65254192,126.5902527
메가엠지씨커피 파주문발점,"경기도 파주시 숲속노을로 275, 103호 (문발동)",,37.72504431,126.7108472
더벤티 김포양곡점,"경기도 김포시 양촌읍 양곡2로80번길 68, 101호",,37.65790477,126.630793
카페게이트 김포구래역점,"경기도 김포시 김포한강9로 95, 센타프라자 1층 103호 (구래동)",,37.6451553,126.6255903
카페봄봄 파주금릉점,"경기도 파주시 금빛로 24-17, 월드프라자 1층 106호 (금촌동)",,37.75195043,126.7665697
디디에,"경기도 파주시 금릉역로 166-1, 1층,2층 (금촌동)",,37.75338409,126.7650478
퀼트쥬니어,"경기도 파주시 쇠재1길 38, 1층 (금릉동)",,37.75065834,126.7799064
레브어,"경기도 파주시 숲속노을로 322-9, 1층 (문발동)",,37.715402,126.713377
더벤티 커피,"경기도 김포시 풍무2로 31, 1층 101호 (풍무동)",,37.6092859,126.7257197
메가엠지씨커피 김포디원시티점,"경기도 김포시 김포한강10로133번길 127, 디원시티 지식산업센터 1층 B106호 (구래동)",,37.64407084,126.6181574
손씨(sonsy),"경기도 파주시 운정역길 385, 지하1층 일부 (야당동)",,37.72500934,126.7684452
메가엠지씨커피 고촌수기마을점,"경기도 김포시 고촌읍 인향로24번길 62, 1층",,37.59964887,126.7684028
카페1498,"경기도 파주시 파주읍 통일로 1498, 1층 2호",,37.84158505,126.7908973
스트리트 아지트,"경기도 김포시 양촌읍 대곶검단로 742-28, 다동 1층 일부호",,37.61974049,126.5887454
카페 드 플레르,"경기도 파주시 송학1길 135-30, 104호 (야당동, 어반하임)",,37.71346886,126.763841
허니비커피 파주운정점,"경기도 파주시 가람로116번길 107-12, 운정아르젠 L06호 (와동동)",,37.73354223,126.7654325
달콤한 축복,"경기도 파주시 가람로21번길 61-29, 1층 일부 (와동동)",,37.73560644,126.752224
컴포즈커피 김포나비초점,"경기도 김포시 김포한강9로 40, 104호 (구래동)",,37.64052584,126.6271102
넓은여울 전망대 카페,"경기도 파주시 광탄면 기산로 313, 전망대 3층 일부",,37.77305388,126.9278325
레이크뷰,"경기도 파주시 광탄면 기산로 313, 관리동 1층일부",,37.77305388,126.9278325
카밍 카페,"경기도 파주시 소라지로 311, 1층 일부호 (송촌동)",,37.74952333,126.6889173
커뮤니티 가든,"경기도 파주시 지목로 5, 1층 (신촌동)",,37.72609006,126.6921646
차앤송(Cha&Song),"경기도 파주시 조리읍 장진천길 338, 1층",,37.73174392,126.804847
투썸플레이스 금촌로타리점,"경기도 파주시 번영로 2, 본가 1층 (금촌동)",031-944-3008,37.75793345,126.7729244
윤랩커피,"경기도 파주시 탄현면 성동로 7-26, 1동 1호",,37.77936263,126.6903427
느루(Nroo),"경기도 파주시 탄현면 평화로 885-18, 산내음 1층 일부호",,37.772565,126.7288126
카페인(CAFE IN),"경기도 파주시 문산읍 우계로457번길 33, 1동 1층일부",031-954-5562,37.85851675,126.7915825
더착한커피 문산터미널점,"경기도 파주시 문산읍 문향로 79-1, 1층",,37.85839604,126.7857174
오하라커피,"경기도 파주시 법원읍 가좌울길 187-12, 1동",031-958-0053,37.85998884,126.8632023
커피지애 금촌점,"경기도 파주시 황골로 26, 101호 (금촌동, 대영장미 상가)",,37.75503824,126.771456
스타벅스커피 파주운정점,"경기도 파주시 와석순환로 135, 1.2층 109,204호 (동패동, 신한프라자)",031-945-2751,37.71203731,126.7444817
행운커피숍,경기도 파주시 문산읍 봉미로6번길 6,,37.86143574,126.7874483
커피·쿠키(Coffee·Cookies),"경기도 파주시 천정구로 124 (당하동, 1층 일부)",,37.74650774,126.752074
투썸플레이스 파주교하점,"경기도 파주시 청석로 264 (동패동, 108호,109호,111호)",,37.72558371,126.7182868
커피에반하다,"경기도 파주시 문산읍 문향로 52-1, 1층 101호 (우리들빌딩)",031-954-1221,37.85839604,126.7857174
리마(LIMA),경기도 파주시 탄현면 사슴벌레로 28 (1층 일부),,37.77542513,126.7027127
더커피에반하다,"경기도 파주시 탄현면 헤이리마을길 59-93, 2층",,37.78809894,126.69811
디브로스,"경기도 파주시 쇠재1길 43 (금릉동, 1층 일부)",,37.75090732,126.7802198
시나브로,"경기도 파주시 가람로 70, 상가동 101호 (와동동, 가람마을4단지 한양수자인)",031-946-4241,37.73465466,126.7583889
카페 문라이트(cafe moonlight),"경기도 파주시 문산읍 문향로17번길 15-1, 1층 일부",,37.85402104,126.7846847
이디야 봉일천점,경기도 파주시 조리읍 봉천로 34-1 (1층),,37.744654,126.8046887
EDIYA(이디야),"경기도 파주시 금빛로 24, 1층 111호 (금촌동, 우평프라자)",,37.75198853,126.7668832
커피발전소 in 교하,"경기도 파주시 꽃아마길 37, 1층 일부 (문발동)",,37.71941405,126.7079192
빈트리,"경기도 파주시 청석로 305 (다율동,센타프라자2 106호)",031-941-7478,37.72930645,126.7174306
카페존(CAFE ZONE),"경기도 파주시 조리읍 고봉로 1016, 201동 102호, 103호 (동문아파트)",031-941-7850,37.74199294,126.8079499
파주지혜의숲 파스쿠찌,"경기도 파주시 회동길 145 (문발동, 아시아출판문화정보센터)",031-955-0099,37.70854964,126.6868336
1층커피,"경기도 파주시 새꽃로 13, 103호 (금촌동,파르테논프라자)",,37.75120469,126.7683467
커피에반하다 운정한울마을점,"경기도 파주시 한울로 67, 107호 (동패동, 아름터프라자)",031-947-4147,37.71088355,126.739144
커피에반하다,"경기도 파주시 시민회관길 13-19 (금촌동,(1층))",070-8748-3522,37.7582787,126.7804371
소금항아리,경기도 파주시 탄현면 헤이리마을길 76-67,031-957-0325,37.78809894,126.69811
A카페,"경기도 파주시 와석순환로 135 (동패동, 신한프라자 803-1호)",031-973-9511,37.71203731,126.7444817
카페아띠,경기도 파주시 법원읍 사임당로 878 (1층 일부),031-958-5520,37.84826069,126.8782919
칼라디소토,"경기도 파주시 탄현면 헤이리마을길 59-138, 1층",,37.78809894,126.69811
휘카페,"경기도 파주시 책향기숲길 14, 1층 (문발동, 일부)",031-947-1080,37.71856148,126.7099317
카페 브레쏘(BRESSO),"경기도 파주시 금정4길 9, 1층 (금촌동)",,37.75664562,126.7767493
이디야커피 문산당동중앙점,"경기도 파주시 문산읍 당동1로 39-4, 1층",031-953-3732,37.8643592,126.7723963
(주)커피빈코리아 파주운정홈플러스점,"경기도 파주시 청암로17번길 17, 101호 (목동동, 파주운정F3-8복합시설)",031-949-1408,37.72942152,126.7368606
뮤엠교육까페,경기도 파주시 회동길 506 (문발동),031-935-5750,37.72296128,126.69397
마장호수,"경기도 파주시 광탄면 기산로 259, 1층",031-941-0858,37.77288786,126.9252811
메가커피,"경기도 파주시 금빛로 24-10, 105호 (금촌동, 센타프라자)",,37.75195043,126.7665697
B형상점,"경기도 파주시 책향기숲길 63 (동패동, 1층 일부)",,37.71928128,126.7154093
오이페(OIP),"경기도 파주시 탄현면 헤이리마을길 93-45, 1층 일부",031-942-0950,37.78809894,126.69811
바람의숨결,"경기도 파주시 탄현면 요풍길 68-34, 1층",1644-7775,37.78508526,126.6832276
카페 콩,"경기도 파주시 시청로 25, 105호 (금촌동, 광우프라자)",070-4239-7919,37.75916164,126.7762656
위드유커피,"경기도 파주시 순못길 114-2, 1층 (다율동)",,37.72861563,126.7153889
카페 오스페이스,"경기도 파주시 교하로 1064, 2층 일부 (다율동)",031-941-0048,37.73684556,126.7175414
프라임하우스,경기도 파주시 쇠재안길 32 (금릉동),070-4146-4067,37.75210937,126.7789121
이디야커피 금촌역점,"경기도 파주시 새꽃로 197, 1층 (금촌동)",031-941-6499,37.76555511,126.774352
투썸플레이스 파주운정점,"경기도 파주시 미래로 375, 삼성메디컬 프라자 삼성메디컬프라자 102호,103호 (동패동)",031-943-2388,37.71140391,126.7458517
이디야,경기도 파주시 청석로 260 (동패동),,37.725103,126.7177384
투썸플레이스 파주봉일천점,"경기도 파주시 조리읍 통일로 348, 1층 (일부)",031-945-9585,37.746095,126.8070916
이디야커피 야당역점,"경기도 파주시 경의로 1080, 103호 (야당동, 명동프라자)",,37.71381086,126.7599526
이디야 파주목동점,"경기도 파주시 와석순환로252번길 12, 1층 (목동동)",,37.71967317,126.737572
카페일개미,"경기도 파주시 청암로17번길 39, 106호 (목동동)",,37.7293806,126.7358504
커피에반하다 한빛마을점,"경기도 파주시 와석순환로 61, 103호 (야당동, 주출입구상가동)",,37.7088137,126.7537041
아미가원두,"경기도 파주시 동서대로 700, 2층 (야당동)",,37.70606358,126.7549181
정다운카페,경기도 파주시 월롱면 엘씨디로 201 (정다운마을 복지동 2층),070-7510-7869,37.80857095,126.7614702
이디야커피(파주운정점),"경기도 파주시 와석순환로 78, 1층 107호 (야당동, 한강프라자)",,37.71103897,126.7508101
커피에반하다(금촌역점),"경기도 파주시 새꽃로 200, 1층 (금촌동)",,37.76530203,126.7747797
뻭다방 금릉역점,"경기도 파주시 금빛로 24, 105호 (금촌동, 우평프라자)",,37.75198853,126.7668832
이노카페,"경기도 파주시 문산읍 휴암로 570, 215호 (LG이노텍 복지동)",,37.83971728,126.7823416
(주)베네피아,"경기도 파주시 문발로 129 (문발동, 1층 일부)",070-4354-8152,37.70613509,126.6862422
테라리움,"경기도 파주시 탄현면 방촌로 1184, 1층",,37.8351541,126.7447656
투썸플레이스(파주시청사거리점),"경기도 파주시 중앙로 256, B101,101,201호 (금촌동)",031-947-3932,37.75911519,126.7783362
커피 플러스,"경기도 파주시 파주읍 성현로 45-2, 1층 일부",,37.85478704,126.8102036
카페루시카토 프로방스점,"경기도 파주시 탄현면 새오리로 77, 라동 1,2층",031-941-0898,37.79114489,126.6850282
커피에 반하다,경기도 파주시 조리읍 봉천로 35 (1층 일부),031-945-6880,37.7435441,126.8077585
도서출판 돌베개,"경기도 파주시 회동길 77-20, 1층 (문발동)",031-955-5025,37.71443475,126.6898552
북카페눈,"경기도 파주시 회동길 125-11, 1층 (문발동)",031-955-7620,37.71443475,126.6898552
스타벅스 파주P.아울렛 3F,"경기도 파주시 탄현면 필승로 200, 파주프리미엄아울렛 3층 1312호",031-8071-7389,37.76935123,126.6953853
힐링카페,"경기도 파주시 파평면 파평산로363번길 32-9, 2동 1층 (동화힐링캠프)",031-952-2002,37.89257593,126.8420369
케이탑푸드(동패점),"경기도 파주시 책향기로 419 (동패동, 302호일부)",,37.7245713,126.7181777
캘리수다방,"경기도 파주시 탄현면 헤이리마을길 59-142, 101호",,37.78809894,126.69811
메가커피 운정신도시 1호점,"경기도 파주시 청암로17번길 53, 114호 (목동동)",,37.72818253,126.7352236
커피에 반하다 가람마을지산점,"경기도 파주시 가온로 243, 지1층 102호 (와동동, 가람마을10단지 동양엔파트 월드메르디앙 501동)",070-7786-4145,37.72536339,126.7533724
눈내리는커피콩(눈콩),"경기도 파주시 금정28길 33, 2층 (금촌동, 일부)",031-939-8828,37.76434957,126.7738126
카페게이트,"경기도 파주시 심학산로 417, 골든타워 102호 (목동동)",,37.71852009,126.7380497
북하우스파랑,"경기도 파주시 회동길 337-16, 1층 101호 (서패동, 일부)",031-955-9112,37.71443475,126.6898552
커피 플로리안,"경기도 파주시 조리읍 통일로 329, 1일부층",,37.74462598,126.8081495
디얼루어카페,"경기도 파주시 와석순환로 415 (와동동, 운정행복센터 1층 일부)",,37.72410397,126.7515033
모퉁이,경기도 파주시 독암길 10 (금릉동),,37.75527057,126.7824847
카페34,"경기도 파주시 광탄면 큰여울길 34, 1층",031-947-4344,37.77978256,126.8486313
이디야(가람마을점),"경기도 파주시 가람로 6, 108호 (와동동, 월드타워)",031-949-8538,37.73328356,126.7510234
북카페블루박스,"경기도 파주시 문발로 240-21, 1층 (문발동)",031-955-7414,37.71553305,126.6880175
안단테153,"경기도 파주시 시민회관길 15, 1,2층 (금촌동)",,37.75896417,126.7792895
스타벅스 파주금릉역,"경기도 파주시 금릉역로 84, 1층 (금촌동, 청원센트럴타워 108호,109호,110호,111호)",031-947-8692,37.75215454,126.7659571
카페베네 금촌로타리점,"경기도 파주시 번영로 11, 1층 (금촌동)",,37.75755437,126.7717801
THE AVE. COFFEE(더 에브 커피),"경기도 파주시 문산읍 선유울3길 58, 1층",,37.86390664,126.7984409
더치by쿠쿠오나,"경기도 파주시 탄현면 새오리로 79-41, 거동",,37.808712,126.6903555
커피베이 홈플러스문산점,"경기도 파주시 문산읍 방촌로 1759, 홈플러스 2층",,37.86973322,126.7850259
TK스토리박스,"경기도 파주시 문발로 435, 202호 (신촌동)",,37.73143281,126.6913052
프리즘,경기도 파주시 쌀뚜기길 22-22 (문발동),031-949-1930,37.7226468,126.6984641
파주감악산 까페,"경기도 파주시 적성면 적성산단로 38, 1층 (일부)",031-959-0700,37.96929853,126.9062502
아이노스출판단지점,"경기도 파주시 문발로 142, 기역동 1층 101호 (문발동)",,37.7071895,126.6864456
커피복음,"경기도 파주시 문산읍 문향로 33, 1층 나동 일부",,37.85488567,126.7857673
하트찹쌀꽈배기,"경기도 파주시 문산읍 문향로 33, 나동 1층",,37.85488567,126.7857673
김영사북카페 행복한마음,"경기도 파주시 문발로 197, 2층 (문발동)",031-955-3155,37.71208653,126.6863742
피스피스,"경기도 파주시 와석순환로192번길 14-46, 1층 일부 (동패동)",,37.7157329,126.740314
공차 롯데시네마 파주운정점,"경기도 파주시 청암로17번길 17, 홈플러스 파주운정점 3층 300B호 (목동동)",,37.72942152,126.7368606
허브마을,"경기도 파주시 송학말길 65, 가동 (야당동)",,37.70693414,126.7615721
시카고 커피,"경기도 파주시 파주읍 우계로 44, 1층",,37.83075513,126.8162232
커피팜,"경기도 파주시 시청로 190, 2층 (아동동)",,37.77069465,126.778001
커피공장,"경기도 파주시 책향기로 277, 107호 (문발동)",,37.72022317,126.7113023
미메시스 아트뮤지엄 카페,"경기도 파주시 문발로 253, 1층 (문발동)",031-955-4100,37.71664923,126.6890972
이디야커피(파주운정몰점),"경기도 파주시 한울로 123, 이마트운정점 1층 (동패동)",031-947-5640,37.7103887,126.7451023
카페 에스쁘아 교하도서관점,"경기도 파주시 숲속노을로 256, 교하도서관 3층 일부 (동패동)",031-941-3614,37.72332017,126.712302
카페이음,"경기도 파주시 교하로 910 (문발동, 해오름스퀘어 102호)",031-947-3798,37.72744042,126.7055262
cafe&갤러리펫,"경기도 파주시 상지석길 404-3, 1층 101호 (상지석동)",,37.72982981,126.7849587
파크80,"경기도 파주시 직지길 522, 1층 (문발동)",070-7516-1600,37.71719719,126.689335
이디야커피(문산점),"경기도 파주시 문산읍 문향로 70, 2층",031-952-2837,37.85795658,126.7854806
더카페,"경기도 파주시 당하길 10, 1층 (당하동, 이마트내)",,37.74713507,126.7508296
빽다방 파주운정산내점,"경기도 파주시 청암로17번길 25, 102호 (목동동, 운정블루)",,37.7290509,126.7353109
카페위,경기도 파주시 후곡로 19 (금촌동),,37.75574508,126.7739012
이디야 문산당동점,"경기도 파주시 문산읍 방촌로 1719-62, 101호 (와우노블씨티)",031-953-0211,37.81874169,126.7224131
커피와,"경기도 파주시 미래로602번길 35, 102호 (와동동, 라이프프라자)",,37.73211463,126.7517857
마이달링커피(my DALing coffee),"경기도 파주시 회동길 455-3, 1층 (문발동)",031-8071-8689,37.71443475,126.6898552
대교트라움벨트카페,"경기도 파주시 회동길 342, B동 1층 (서패동)",031-940-3942,37.71570046,126.6923436
팩트커피,"경기도 파주시 조리읍 파주로 1473, 1층",031-947-9111,37.77376584,126.8331461
DMZ카페,"경기도 파주시 군내면 통일촌길 220, 2층",,37.90630562,126.7311812
카페청춘드림,경기도 파주시 가나무로 130 (1층 일부) (금릉동),031-943-0731,37.75384482,126.7798278
메가커피(봉일천점),"경기도 파주시 조리읍 봉천로 34, 1층 일부",031-941-0511,37.74376751,126.8080739
아이스타일(I.Style),"경기도 파주시 회동길 160, 1층 일부 (문발동)",031-943-0754,37.70925038,126.6875339
설기랑커피랑,"경기도 파주시 가람로21번길 51-28, 101호 일부호 (와동동)",,37.73560644,126.752224
카페 제이콥,"경기도 파주시 경의로 1114 (야당동, 에펠타워 901호 일부)",,37.7166199,126.7603961
할리스커피 파주야당역점,"경기도 파주시 경의로 1042, 더진빌딩 110호,204호,205호 (야당동)",,37.71041853,126.7598267
카페에세이(Cafe Essay),"경기도 파주시 중앙로 219, 1층 일부 (금촌동)",,37.75596032,126.7798493
아트모션,"경기도 파주시 탄현면 헤이리마을길 93-99, 1층",,37.78809894,126.69811
사랑해카페,"경기도 파주시 한마음1길 39-10, 1층 (금촌동)",031-944-3330,37.75654909,126.7708604
커피마인,"경기도 파주시 가람로21번길 61-23, 101호 (와동동)",,37.73560644,126.752224
클럽하우스,"경기도 파주시 소라지로 66, 유니온골프랜드 1층 (연다산동)",,37.73485872,126.7042336
누어아인,경기도 파주시 조리읍 문원길 217-3 (2동),031-942-4597,37.72599867,126.8133917
개성가는길,"경기도 파주시 탄현면 새오리로339번길 79-3, 1층",,37.81853573,126.6927624
렛츠커피(Let's Coffee),"경기도 파주시 문산읍 문향로 106, 1층 일부",,37.86063312,126.7878697
위드어스(with us),"경기도 파주시 가람로21번길 25-16, 1층 일부 (와동동)",,37.73560644,126.752224
카페 깐또(CAFE CANTO),"경기도 파주시 책향기로 757, 가람마을2단지휴먼시아아파트 상가동 1층 106호 (와동동)",,37.73051308,126.7548077
허브공방 현,"경기도 파주시 조리읍 대원로 13-13, 1층 일부",,37.73570634,126.8030851
메가커피,"경기도 파주시 문산읍 문향로67번길 2, 중앙빌딩 1층 일부",031-943-3344,37.85814353,126.7850367
파운 커피(paun coffee),"경기도 파주시 와석순환로192번길 20, 1층 (동패동)",,37.71553997,126.7403398
카페 지 스튜디오,"경기도 파주시 산남로195번길 25, 1동 1층 (산남동)",,37.69816087,126.7047761
(주)커피빈코리아 파주DT점,"경기도 파주시 문발로 131, 1층 (문발동)",031-8070-0028,37.70632449,126.6862138
이디야 파주엘씨디로점,경기도 파주시 탄현면 엘씨디로241번길 20,,37.81093887,126.7570733
카페희(Hee),"경기도 파주시 파주읍 술이홀로 427, 1층 전면 좌측",,37.82960325,126.8344431
요거프레소 운정호수점,"경기도 파주시 가온로 176, 1층 일부, 2층 일부 (와동동)",031-943-6267,37.7197555,126.7519623
(주)누리달 woodcafe,"경기도 파주시 월롱면 아동로 176, 1층 일부",031-949-5894,37.77460138,126.7889214
커피꼴랑 문산중앙점,"경기도 파주시 문산읍 문산로 40, 1층일부",,37.85727033,126.7836639
카페다조은,경기도 파주시 문산읍 방촌로 1644 (1층 일부),,37.86118107,126.7789012
스타벅스 파주금촌역점,"경기도 파주시 문화로 109, 1층 일부 (금촌동)",,37.76389622,126.774243
도피오커피 오두산전망대점,경기도 파주시 탄현면 필승로 369 (오두산 전망대 4층일부),,37.77306926,126.67709
글로우 오브 선셋,경기도 파주시 탄현면 약산로 23 (1층일부),,37.76862698,126.7008846
아이갓에브리씽(I got everything) 파주시청점,"경기도 파주시 시청로 50, 파주시청 나동(종합민원실) 1층 (아동동)",,37.76002867,126.7799199
백금당,"경기도 파주시 가람로21번길 61-9, 1층 (와동동)",,37.73560644,126.752224
스타벅스 파주야당역,"경기도 파주시 경의로 1066, 102, 202호 (야당동)",031-948-3558,37.71229424,126.7596404
빽다방 파주금촌1호점,"경기도 파주시 문화로 102, 1층 일부 (금촌동)",031-948-3358,37.76339569,126.7748275
카페 블레스 (Cafe Bless),"경기도 파주시 광탄면 혜음로 1056-1, 1층,2층일부",,37.77286799,126.8504327
뉴시즌커피,"경기도 파주시 지목로 76, 1층 101호 (문발동)",,37.72585656,126.6996141
도서출판낮잠이후,경기도 파주시 회동길 219 (1층 일부) (문발동),,37.71182157,126.6876682
메리요거트(merry yogurt),"경기도 김포시 봉화로167번길 6-16, 1층 101-2호 (감정동, 리치빌)",,37.62598657,126.7011261
카페모음,"경기도 파주시 회동길 530-20, 1층 일부 (문발동)",031-930-6600,37.71443475,126.6898552
더 벤티 연천전곡점,"경기도 연천군 전곡읍 온골로 59, 1층",031-835-2626,38.02617378,127.0677465
미도아,"경기도 김포시 김포대로 707, 104호 (풍무동)",,37.61213539,126.732168
세븐일레븐 펜타스타점,"경기도 김포시 태장로795번길 111, 펜타스타 관광호텔 1층 일부호 (장기동)",031-982-5555,37.63864947,126.6835556
투썸플레이스 파주운정산내점,"경기도 파주시 청암로17번길 67, 엠디프라자 110,111,112호 (목동동)",,37.72884605,126.7336017
미미쓰카페,"경기도 김포시 양촌읍 양곡2로30번길 35, 1층",,37.65393895,126.6293309
투썸플레이스 김포학운점,"경기도 김포시 양촌읍 황금로109번길 1, G-프라자 1층 111,112,113,114호",031-986-8885,37.61857129,126.6217122
가드너스,"경기도 파주시 탄현면 헤이리마을길 59-52, 1층 전부",031-944-9997,37.78809894,126.69811
메가커피 대광리점,경기도 연천군 신서면 연신로 1158,031-834-9559,38.1850556,127.1076389
달프롱,"경기도 김포시 김포한강9로 116, B동 1층 106호 (구래동, 한강신도시 반도유보라 5차)",,37.64746135,126.6258434
핸더빈,"경기도 김포시 통진읍 율마로384번길 88, 1층 일부호",,37.68425678,126.6009526
롤더문(ROLL THE MOON),"경기도 파주시 가람로21번길 31, 101호 (와동동)",,37.73543774,126.7520794
하이오커피 운정가람마을점,"경기도 파주시 미래로 620, 해솔프라자 109호 (와동동)",,37.73242499,126.7510946
홀톤커피,"경기도 파주시 경의로1004번길 37, 1층 105호 (야당동)",,37.70976396,126.759818
셀렉토커피 운정호수공원점,"경기도 파주시 가온로 170, 센트럴파크프라자 106,107호 (와동동)",,37.71968213,126.7510922
카페CCC(씨씨씨),"경기도 김포시 고촌읍 상미1로 7, 나동 B116호 (힐스테이트 리버시티 2단지)",,37.62182721,126.7471127
세라젬웰카페 파주운정점,"경기도 파주시 청암로17번길 53, 월드타워2 102,103,104호 (목동동)",041-523-2550,37.72818253,126.7352236
베이크세일,"경기도 파주시 가람로116번길 107, 운정한강듀클래스 123호 (와동동)",,37.73269428,126.7667257
오곰커피,"경기도 김포시 태장로 741, 경동미르웰시티 1층 144, 145호 (장기동)",,37.64122398,126.6839414
하삼동커피 김포사우점,"경기도 김포시 사우중로 45, 김포코아센타 1층 110호 (사우동)",,37.61923021,126.7185035
컴포즈커피 금촌로터리점,"경기도 파주시 후곡로 2, 1층 일부 (금촌동)",,37.75740458,126.7731555
아마스빈 김포풍무점,"경기도 김포시 풍무로69번길 16, 세명빌딩 1층 104호 (풍무동)",031-989-6621,37.60224819,126.7207199
느루,"경기도 파주시 경의로 1821, 한마음크리닉센터 101호 일부 (아동동)",,37.7683437,126.7772975
메가엠지씨커피 김포나비초점,"경기도 김포시 김포한강9로 32, 골든씨티 1층 104, 105호 (구래동)",031-984-2449,37.63975009,126.6271956
엔제리너스 김포통진점,"경기도 김포시 통진읍 김포대로 2238, 1층",031-989-1682,37.69038368,126.5976971
월롱커피,"경기도 파주시 월롱면 엘지로 109, 2동1층,3동1층",,37.80618347,126.7844022
오알커피(OR COFFEE),"경기도 파주시 송학1길 126, 1,2층 (야당동)",031-947-1025,37.71455577,126.7642815
스타벅스 파주야당DT점,"경기도 파주시 경의로 966, 1,2층전체 (야당동)",1522-3232,37.70344115,126.759662
노아스코너(Noah's Corner),경기도 김포시 김포한강11로140번길 95 (운양동),,37.64820377,126.6829278
빽다방(김포마산점),"경기도 김포시 김포한강8로162번길 10, 한강프라자 103호 (마산동)",,37.63630376,126.6439695
COMPOSE COFFEE(컴포즈커피),"경기도 김포시 김포한강4로 117, 홍우프라자 108호 (장기동)",,37.64417435,126.667974
이쯤,"경기도 파주시 문발로 415, 1층 104호일부 (신촌동)",,37.72972926,126.6914433
손탁커피,"경기도 파주시 월롱면 누현2길 168, 1층 가동",,37.79184234,126.7984335
미얌미얌(miammiam),"경기도 파주시 금정16길 19, 1층일부 (금촌동)",,37.7604296,126.775432
고운커피,"경기도 파주시 교하로 1414-72, 2동 1층 전체 (교하동)",,37.71250491,126.7006422
투썸플레이스 김포걸포점,"경기도 김포시 걸포2로 33, SH1012Tower 202,203호 (걸포동)",031-997-1511,37.63328015,126.7036729
메가엠지씨커피 김포걸포점,"경기도 김포시 걸포2로 45, A동 1층 109호 (걸포동)",,37.63412602,126.7028979
카페게이트 장기동지식산업센터점,"경기도 김포시 태장로 765, 금강테크노밸리지식산업센터 1층 111호 (장기동)",,37.63984493,126.6822615
보리와철새,"경기도 파주시 직지길 492, 도서출판보리 1층 (문발동)",031-950-9555,37.7183492,126.6885585
천운주유소,"경기도 파주시 파주읍 충현로 8, 천운주유소2층전체",,37.84824589,126.7895931
와플칸 김포직영점,"경기도 김포시 김포한강9로 90, 성현프라자 1층 104호 (구래동)",031-932-5249,37.64464684,126.6261476
비스코티하우스,"경기도 김포시 김포한강2로 41, 에비뉴동 B-19호 (장기동, e편한세상 캐널시티)",031-996-3550,37.64127017,126.6776017
비엘디(BLD),경기도 연천군 연천읍 연천역로 29,,38.10135086,127.0784123
애플트리,경기도 파주시 적성면 국사로 293,,37.96038328,126.8699245
공차 파주야당점,"경기도 파주시 경의로 1074, 삼융시네마 115호 (야당동)",031-948-1123,37.71315708,126.759892
컴포즈커피 김포걸포점,"경기도 김포시 걸포2로 83, 1층 117호 (걸포동, 한강메트로자이1단지)",031-988-2055,37.6331164,126.7010503
선덴스힐,"경기도 김포시 하성면 석평로 414, 1, 2층",031-982-0406,37.74575662,126.6508458
와플대학 김포풍무역캠퍼스,"경기도 김포시 풍무1로 61, 대우프라자 101호 (풍무동)",,37.61086264,126.7318792
램브란트,"경기도 파주시 탄현면 헤이리마을길 48-118, 1층 일부",031-946-5477,37.78809894,126.69811
빽다방 김포감정점,"경기도 김포시 중봉로 12, 1층 일부호 (감정동)",,37.62361789,126.6976964
카페벨,"경기도 김포시 김포한강2로24번길 78-109, 1층 일부호 (장기동)",,37.6454759,126.6756145
a better cookie(어베럴쿠키),"경기도 김포시 김포한강3로237번길 16, 1층 102호 (장기동)",,37.63853237,126.66395
오또오떼영(빙수의숲),"경기도 김포시 김포한강1로 227, 광장프라자 105호 (운양동)",,37.65415244,126.6825742
오늘 힐링,"경기도 김포시 김포한강11로 288-37, 1층 130호 (운양동)",,37.65380554,126.6775181
쿠잉,"경기도 파주시 가람로21번길 29, 1층 일부 (와동동)",,37.73530209,126.7520958
카페 세이지(Cafe Saige),경기도 연천군 청산면 청창로 169,,38.00940059,127.0834597
835 카페,"경기도 연천군 백학면 청정로 41, 102호",,37.99042368,126.9192507
빽다방 연천역점,경기도 연천군 연천읍 연천로260번길 11,,38.10011346,127.0755143
카페 데일리,"경기도 김포시 통진읍 흥신로 320-10, 제이에스병원 가동 1층 일부호",,37.67269228,126.6172719
메머드익스프레스 파주야당동점,"경기도 파주시 송학1길 123, 102호 (야당동, 프리덴)",,37.71426613,126.7639776
우지커피 파주운정이마트점,"경기도 파주시 와석순환로 133, 형성프라자 116호 (동패동)",,37.71213826,126.7451291
냥이카페,"경기도 김포시 김포한강9로 36, 한강노블레스2 3층 304호 (구래동)",,37.64020789,126.6271973
메가엠지씨커피 김포청송점,"경기도 김포시 김포한강2로 361, 717동 1층 105호 (장기동, 호반베르디움 더퍼스트)",,37.65172688,126.6707299
쎄뚜와,"경기도 김포시 고촌읍 인향로24번길 52, 1층 일부호",,37.59933011,126.768913
투썸플레이스 김포디원시티점,"경기도 김포시 김포한강10로133번길 107, 디원시티 시그니처 지식산업센터 1층 120,121,122,123호 (구래동)",,37.64273788,126.6186423
우즈,"경기도 김포시 김포한강11로 328, 더 리버뷰 1층 122호 (운양동)",,37.65549792,126.6855192
헤븐스케냐카페,"경기도 파주시 탄현면 필승로 482, 부림프라자 104호,105호",,37.78329984,126.6887416
셀렉토커피 파주야당역점,"경기도 파주시 소리천로8번길 70, 유니타워 1층 105호 (야당동)",,37.7110331,126.7600567
솔빈마루,"경기도 김포시 중봉로115번길 46, 1,2층 일부호 (북변동)",,37.62974148,126.6999416
메가엠지씨커피 파주와동점,"경기도 파주시 가람로116번길 37, 1층 101호 (와동동)",,37.73571371,126.7639305
더리터 김포풍무역점,"경기도 김포시 유현로 242, 신유베라트 1층 115호 (풍무동)",,37.61191522,126.7315455
베러먼데이 김포구래점,"경기도 김포시 김포한강8로 412, 110호 (구래동)",,37.6429143,126.6232145
디오나,"경기도 파주시 동패로 67, 101호 (동패동)",,37.70914537,126.7377114
바빈스커피 연천전곡점,경기도 연천군 전곡읍 전곡로 149,,38.02548346,127.0684145
네이버후드,"경기도 파주시 월롱면 홀작로 70-4, 2층",,37.78286653,126.8285528
베이크하스(BakeHus),"경기도 파주시 청암로17번길 47, 106호 (목동동)",,37.72885929,126.7348416
김준호의 대단한커피 김포풍무점,"경기도 김포시 양도로19번길 31, 아도니스의 꿈Ⅱ 101호 (풍무동)",,37.60886503,126.7247054
카페누리,"경기도 김포시 풍무로 214, 2층 (사우동)",,37.61414901,126.725504
사랑이레,"경기도 파주시 광탄면 혜음로1128번길 3, 1층",,37.78216971,126.8472755
컴포즈커피 파주적성점,"경기도 파주시 적성면 청송로 1041, 세계통신 1층",,37.95551001,126.9203348
어썸그릭요거트 파주점,"경기도 파주시 청암로48번길 16-11, 1층 일부 (목동동)",,37.73332898,126.7363627
와플대학야당역캠퍼스,"경기도 파주시 경의로 1090, 삼융타워 1층 108호일부호 (야당동)",,37.71450879,126.7600603
컴포즈커피 파주운정해솔마을점,"경기도 파주시 와석순환로 431, 신운정프라자 101호 (와동동)",031-946-2792,37.72367086,126.753212
카페 시차,"경기도 김포시 대곶면 대곶북로 379, 1,2층",,37.67798667,126.5739177
아이홀릭 앤 디저트,경기도 연천군 연천읍 연천역로5번길 5,,38.10165425,127.0755942
에제르,"경기도 연천군 전곡읍 온골로 25, 1층",,38.02321801,127.0688603
카페오푸스,"경기도 김포시 태장로 820-32, 라베니체 마치에비뉴9차 1층 104호 (장기동)",,37.63715313,126.7164406
메가엠지씨커피 김포대곶사거리점,"경기도 김포시 대곶면 율생로 77-1, 1층",,37.65062756,126.5839566
요거트월드 김포검단점,"경기도 김포시 풍무로 2, 유현마을신동아아파트 402동 115호 (풍무동)",,37.59630069,126.7219499
쏠리조(SORRISO),"경기도 김포시 솔터로 22, 2층 232호 (구래동, 메트로타워 예미지)",,37.64542922,126.6308576
컴포즈커피 김포마송사거리점,"경기도 김포시 통진읍 조강로 66, 1층 일부호",,37.6913708,126.5989975
"토탄이네 애견유치원&호텔링,애견미용,카페","경기도 김포시 김포한강4로 531, 507 일부호 (구래동)",,37.64559007,126.6248969
수가,"경기도 김포시 김포한강2로 41, 에비뉴동 1층 A-7호 (장기동, e편한세상 캐널시티)",,37.64127017,126.6776017
roowoo coffee(루우커피),"경기도 김포시 김포한강4로 535, 1층 101호 (구래동)",,37.64550861,126.6244116
카페엔엔(CAFE NN),"경기도 김포시 통진읍 서암로6번길 5-15, 1층",,37.68560429,126.5969819
매머드 익스프레스 김포이젠메카존점,"경기도 김포시 양촌읍 황금로 117, 이젠몰 다동 1층 119호",,37.61649601,126.6212755
까페예스,"경기도 파주시 경의로 983, 한소망교회 1층일부 (야당동)",,37.70451086,126.7565329
이디야,"강원특별자치도 철원군 동송읍 이평1로 1, 1층",033-455-1826,38.20720572,127.2184957
알로하,강원특별자치도 철원군 동송읍 금학로 219,033-455-7517,38.20807226,127.217831
Cookie89(쿠키89),"경기도 김포시 중봉로 1-1, 상가동 110호 (감정동, 중봉마을 신안실크밸리)",,37.62746239,126.698369
그리드커피로스터스,"경기도 파주시 와석순환로192번길 41, 1층 (동패동)",,37.71504126,126.7408631
메가엠지씨커피 파주법흥리점,"경기도 파주시 탄현면 하늘소로 102, 103호",,37.77471807,126.7020423
하이오커피 금화점,"경기도 파주시 새꽃로 62, 1층 105호 (금촌동)",,37.75565795,126.7688355
멈블(Mumble),"경기도 파주시 법원읍 사임당로770번길 7-17, 1층",,37.84933931,126.8664832
더 대단한커피&대단한 탕후루 해오름마을점,"경기도 파주시 해올2길 16, 105호 (다율동)",,37.73405521,126.7317513
베러먼데이 파주운정역점,"경기도 파주시 책향기로 824, 1층 119호 (와동동)",,37.72936863,126.7623528
메가엠지씨커피 파주금승리점,"경기도 파주시 탄현면 방촌로 1041, 유정상가 102호",,37.82545922,126.7360592
달리는 커피,"경기도 김포시 풍무로 166, 106호 (풍무동)",070-8648-2773,37.60969672,126.7252435
어울림,"강원특별자치도 철원군 동송읍 태봉로 1825, 1층",033-455-1994,38.18542141,127.2874037
커피안,"강원특별자치도 철원군 동송읍 이평2로10번길 19, 1층",033-455-1223,38.20499653,127.2212911
릴리베이크샵,"강원특별자치도 철원군 동송읍 금학로187번길 11, 1층",,38.20490637,127.218927
이디야철원와수점,"강원특별자치도 철원군 서면 와수로181번길 25-21, 1-2층",,38.23996525,127.438191
메가커피와수리점,강원특별자치도 철원군 서면 와수로 171,033-458-6666,38.23884952,127.4380897
요거프레소(철원갈말점),"강원특별자치도 철원군 갈말읍 군탄로 89, 1~2층",033-452-5240,38.15047534,127.3102873
카페오후3시,"강원특별자치도 철원군 서면 와수1로 44-6, 1층",,38.2425881,127.4329949
카페두루미(cafe GRU),"강원특별자치도 철원군 동송읍 이평1로 94, 1층",,38.20196847,127.2087804
더벤티철원와수점,"강원특별자치도 철원군 서면 와수로 174, 1층",033-458-2070,38.23889505,127.4388291
메머드익스프레스철원동송점,"강원특별자치도 철원군 동송읍 금학로217번길 1, 1층",,38.2079698,127.2180897
직원카페,강원특별자치도 인제군 인제읍 인제로187번길 8-1,,38.06923737,128.1708267
"수고했어, 오늘도","강원특별자치도 철원군 동송읍 이평로131번길 16, 1층",,38.20636239,127.2092463
단풍도넛,"강원특별자치도 철원군 갈말읍 삼부연로8번길 17-10, 신철원 전통시장 고객지원센터 1층",,38.14306103,127.3097287
(노인일자리사업단) 심쿵,"강원특별자치도 철원군 갈말읍 명성로158번길 81, 1층",033-450-4831,38.14689172,127.3123986
와플대학 갈말도서관캠퍼스,"강원특별자치도 철원군 갈말읍 명성로179번길 21, 갈말도서관",033-452-0912,38.14726931,127.3050888
마실,"강원특별자치도 철원군 갈말읍 명성로 202-2, 1층",,38.14522272,127.3079561
동송돈가스,"강원특별자치도 철원군 동송읍 이평1로 5, 2층",070-8823-9984,38.2070716,127.2181934
우주인 무인카페,"강원특별자치도 철원군 갈말읍 명성로125번길 4, 르노삼성자동차서비스센터갈말점",,38.14310323,127.3070033
투썸플레이스 동송점,"강원특별자치도 철원군 동송읍 금학로 242, 1층",,38.21000715,127.2172287
커피베이,"강원특별자치도 철원군 동송읍 이평3로 96, 제1동",033-455-8890,38.20401218,127.2236835
투썸플레이스 철원주상절리점,강원특별자치도 철원군 갈말읍 드르니길 119-34,033-452-0025,38.15505798,127.2925192
카페리아,강원특별자치도 철원군 동송읍 금학로252번길 22,,38.21082247,127.2188737
투썸플레이스 철원와수점,강원특별자치도 철원군 서면 와수로 152-1,033-458-6600,38.24384332,127.443605
코다,"강원특별자치도 철원군 철원읍 금학로425번길 40-1, 철원읍 화지리431제1종 1층",,38.22526809,127.2085553
인경화이트하우스,"강원특별자치도 철원군 갈말읍 두루미로 118, 가동 1층",,38.18661715,127.3193848
브로트퀸즈제빵소,"강원특별자치도 철원군 철원읍 금학로251번길 4-1, 1층",033-455-8883,38.20918103,127.2128528
오라또,강원특별자치도 철원군 동송읍 금학로 161,,38.20345326,127.220592
앨리커피,"강원특별자치도 철원군 갈말읍 삼부연로17번길 3-5, 1층",,38.14710445,127.3091541
햇살좋은날 2호점,"강원특별자치도 철원군 서면 와수로184번길 6-31, 김화도서관, 서면와수출장소 2층",033-456-0934,38.23906146,127.4406036
카페카테고리,"강원특별자치도 철원군 동송읍 북원로 1388, 2층",,38.20678685,127.2296113
미리내,"강원특별자치도 철원군 동송읍 금학로 166, 1층",,38.20393971,127.2208947
빽다방 철원동송점,"강원특별자치도 철원군 동송읍 금학로218번길 2, 다이아나 1층",,38.20815496,127.2184661
힐링카페,강원특별자치도 철원군 갈말읍 호국로 4914-26,,38.23172767,127.3515191
카페 그리고,강원특별자치도 철원군 갈말읍 호국로 4404,,38.11791638,127.2933314
미엘리커피숍,강원특별자치도 철원군 동송읍 이평로131번길 12,,38.20669358,127.209491
볼링카페,"강원특별자치도 철원군 갈말읍 두루미로 51, 철원볼링센터 1층",,38.18147305,127.3236852
꿀스커피 철원점,강원특별자치도 철원군 서면 자등로 587-1,,38.14753958,127.4064304
커피에 반하다 철원김화점,강원특별자치도 철원군 김화읍 김화로 613-1,,38.2523453,127.3902053
카페논에,강원특별자치도 철원군 동송읍 태봉로 2081,,38.19830726,127.2632163
커피에 반하다 철원국민체육센터점,"강원특별자치도 철원군 갈말읍 갈말로 51, 철원국민체육센터",033-452-0912,38.15864234,127.3027798
라스베이글&뜰,"강원특별자치도 철원군 갈말읍 동온동길 188, 1층",,38.14018729,127.2869685
쉼,강원특별자치도 철원군 동송읍 이평로131번길 20,,38.20616086,127.2094977
군청앞카페,강원특별자치도 철원군 갈말읍 삼부연로 52-1,,38.13365265,127.3426763
실과바늘이야기 공방커피,강원특별자치도 철원군 동송읍 이평로47번길 5,033-456-1110,38.20947068,127.2189681
메가커피신철원점,강원특별자치도 철원군 갈말읍 삼부연로 5-1,,38.13365265,127.3426763
빽다방 철원와수리점,"강원특별자치도 철원군 서면 와수로 175, 1층",,38.23919191,127.4384848
멜란지(melange),"강원특별자치도 철원군 갈말읍 삼부연로 12, 1층 101호",,38.14511867,127.3091923
컴포즈커피 강원신철원점,"강원특별자치도 철원군 갈말읍 삼부연로 3, 1층",,38.14516864,127.3084129
손길,"강원특별자치도 철원군 갈말읍 동온동길 7, 1층",,38.14525091,127.2996703
커피홀베이커리 철원동송점,"강원특별자치도 철원군 동송읍 금학로 222, 윤가정의원",,38.20838606,127.2182135
이디야신철원터미널점,"강원특별자치도 철원군 갈말읍 삼부연로 9, 2동 1-2층",033-452-1945,38.14531548,127.3088974
쥬씨철원와수점,강원특별자치도 철원군 서면 와수로173번길 18,033-458-0809,38.23905221,127.4374872
메가커피철원문혜리점,강원특별자치도 철원군 갈말읍 태봉로 1532,,38.18549414,127.3206236
커피마마동송점,"강원특별자치도 철원군 동송읍 이평2로8번길 19, 1층",033-455-0504,38.20532645,127.2206176
더벤티 동송터미널점,강원특별자치도 철원군 동송읍 금학로 212,033-455-9412,38.20767036,127.2187576
DMZ농부카페&농산물판매,강원특별자치도 철원군 김화읍 생창길 482-1,033-458-3859,38.27056883,127.4484182
멍모닝멍나잇,"강원특별자치도 철원군 동송읍 북원로 1329, 1층 102호",,38.20137944,127.2288048
철새마을,"강원특별자치도 철원군 동송읍 양지2길 15-21, 국제두루미센터 3층",,38.26783118,127.2832334
메가엠지씨커피 철원동송점,"강원특별자치도 철원군 동송읍 금학로 210, 1층",033-452-2074,38.20754651,127.2188418
cafe page,강원특별자치도 철원군 동송읍 이평3로 154-5,,38.20297502,127.2238538
더 착한커피 사랑해,강원특별자치도 철원군 동송읍 금학로 248,,38.21051437,127.2168343
카페라도,강원특별자치도 철원군 갈말읍 두루미로 88,,38.18434068,127.3216257
BC800커피앤티,강원특별자치도 철원군 갈말읍 명성로158번길 33,033-452-6361,38.14626891,127.3098192
햇살좋은날,"강원특별자치도 철원군 철원읍 금학로330번길 12, 2층",033-455-0040,38.2168594,127.2140715
Prett salon,강원특별자치도 철원군 동송읍 이평1로9번길 1-1,,38.20627019,127.2169639
지.셈(G.SEM) 커피하우스,강원특별자치도 철원군 서면 와수로 194-1,,38.24384332,127.443605
258데이빗,"강원특별자치도 철원군 동송읍 금학로 81-8, 1층",,38.21835952,127.211064
타임리스,강원특별자치도 철원군 동송읍 이평1로 24,033-456-0307,38.20675498,127.2160736
콤마,"강원특별자치도 철원군 갈말읍 명성로158번길 28, cafe COMMA",,38.14598859,127.3094953
와수수 붕어빵,"강원특별자치도 철원군 서면 와수로173번길 19, 와수리터미널 1층",,38.2387701,127.4374039
이랑카페,강원특별자치도 철원군 갈말읍 명성로158번길 24,033-452-5711,38.14593986,127.3093546
쥬씨앤차얌 신철원점,강원특별자치도 철원군 갈말읍 삼부연로 11,,38.14537704,127.3091936
와수리커피,강원특별자치도 철원군 서면 아리랑로37번길 19,,38.24384495,127.4397968
그럼에도,"강원특별자치도 철원군 갈말읍 호국로 5177, 1층",,38.17869384,127.3280117
새록(SAEROK),"강원특별자치도 철원군 서면 와수로173번길 24-1, 1층",,38.23893831,127.4376648
카페공간,강원특별자치도 철원군 갈말읍 직탕길 26,,38.20792579,127.2707319
카페실버메이드,강원특별자치도 인제군 인제읍 인제로178번길 48,033-462-9587,38.0646191,128.1732228
자작나무 숲의 투데이,강원특별자치도 인제군 인제읍 자작나무숲길 770,,38.00886258,128.1950963
한자루체험농원(휴앤아크),"강원특별자치도 인제군 기린면 방동약수로 68, 1,2층",,37.94678747,128.388538
이디야 인제점,강원특별자치도 인제군 인제읍 인제로 200-1,,38.06864259,128.1714165
하늘빛풍차,강원특별자치도 인제군 북면 미시령로 1308,033-462-2700,38.20809625,128.3550575
달콤커피 인제점,강원특별자치도 인제군 북면 원통로168번길 1,,38.12210966,128.203497
커피홀 인제기린점,강원특별자치도 인제군 기린면 기린로 39-1,,37.95577358,128.3179433
설악휴게소 커피점,강원특별자치도 인제군 북면 설악로 3254,033-462-2779,38.13811863,128.2452765
할리스인제점,강원특별자치도 인제군 인제읍 인제로 198,,38.06898731,128.172441
카페 나무야,"강원특별자치도 인제군 인제읍 비봉로44번길 14, 2층",070-8888-7779,38.06515881,128.1733857
메가엠지씨커피 인제신남점,강원특별자치도 인제군 남면 신남로 28,,37.96584679,128.0778469
뒤란,"강원특별자치도 인제군 상남면 내린천로 2554, 1층",,37.87215024,128.2606249
컴포즈커피 강원원통점,"강원특별자치도 인제군 북면 원통로147번길 39-1, 1층",,38.12261246,128.2027458
시월오일,"강원특별자치도 인제군 기린면 내린천로 4028, 1층",,37.95572294,128.3175662
메가엠지씨커피 인제현리점,강원특별자치도 인제군 기린면 내린천로 4018,,37.95492822,128.316919
카페 자작,"강원특별자치도 인제군 인제읍 자작나무숲길 1195, 1,2층",,38.00590055,128.2386409
일레븐커피,강원특별자치도 인제군 인제읍 인제로 215,,38.07007554,128.1738244
휴크닉 옥수수카페,강원특별자치도 인제군 기린면 서호길 54-1,,37.93536018,128.3102745
곰배골길146·29,"강원특별자치도 인제군 인제읍 곰배골길 146-29, 1층",,38.01645628,128.3911711
서저울,"강원특별자치도 인제군 북면 원통로 36, 1~2층",033-463-1424,38.11170674,128.197724
류cafe,강원특별자치도 인제군 인제읍 자작나무숲길 824-31,,38.01152748,128.1789798
cafe na(카페 나),"강원특별자치도 인제군 남면 신남로58번길 6-2, 1층",,37.96471217,128.0870236
워니베이크샵,"강원특별자치도 인제군 북면 원통로147번길 44, 1층",,38.12370183,128.204298
다라니 커피,강원특별자치도 인제군 북면 사현동길 24,,38.15811281,128.2072884
하추리 카페,강원특별자치도 인제군 인제읍 하추로 187,,38.01962892,128.2817802
커피다,강원특별자치도 인제군 기린면 두루미길 7-48,,37.95026672,128.3391586
곰배령농산물&카페,강원특별자치도 인제군 인제읍 오작로 63,,38.01421367,128.3768304
예티커피,강원특별자치도 인제군 북면 미시령로 1150,033-462-7177,38.19737792,128.3433766
이디야 원통점,강원특별자치도 인제군 북면 금강로 5,033-461-8400,38.12138542,128.2082387
라이딩카페,강원특별자치도 인제군 상남면 내린천로 2541,033-461-6300,37.87194739,128.2627406
앤트리카페(Anne tree),강원특별자치도 고성군 죽왕면 자작도선사1길 18-1,,38.31025327,128.5416763
달달커피,"강원특별자치도 인제군 북면 원통로147번길 28-1, 1층",033-462-0123,38.12261246,128.2027458
백담역 카페,강원특별자치도 인제군 북면 만해로 390,,38.19453873,128.3437552
아니오니 베이커리카페,강원특별자치도 인제군 북면 만해로 204,,38.1925149,128.3239667
북끝서점,강원특별자치도 고성군 토성면 교암길 78-1,,38.28937997,128.546656
데코르 고성점,강원특별자치도 고성군 죽왕면 봉수대길 10-52,033-636-2083,38.31595499,128.5181115
햇살마을,"강원특별자치도 인제군 남면 자작나무숲길 444-62, 하늘내린도리안공원",033-463-6662,38.01152748,128.1789798
투썸플레이스 금강농협 죽왕점,강원특별자치도 고성군 죽왕면 동해대로 5889,,38.3277123,128.5240431
카페달홀,강원특별자치도 고성군 토성면 토성로 58,,38.25234009,128.5662658
옥란푸딩,강원특별자치도 고성군 토성면 토성로 123,,38.25634133,128.5603089
미태리 고성봉포점,강원특별자치도 고성군 토성면 토성로 63,,38.25247926,128.5652471
카페아야진,강원특별자치도 고성군 토성면 아야진북길 9,,38.2743821,128.548482
그레이클라우드커피,강원특별자치도 고성군 토성면 아야진해변길 200,,38.27997863,128.5523613
루트(ROUTE) 57,강원특별자치도 고성군 거진읍 거진항1길 57,,38.44775443,128.4637729
얼굴스,"강원특별자치도 고성군 죽왕면 문암항길 53, 다동",,38.30315242,128.5449332
고성빵가,"강원특별자치도 고성군 죽왕면 문암항길 53, 나동",,38.30315242,128.5449332
에이프레임,강원특별자치도 고성군 죽왕면 가향길 20-1,,38.37913723,128.4993467
요거프레소 강원공현진점,강원특별자치도 고성군 죽왕면 공현진해변길 59,,38.35408427,128.5104235
시크릿블루 카페&펜션,강원특별자치도 고성군 토성면 아야진북길 31-6,,38.27545138,128.5500628
헬로우씨카페,강원특별자치도 고성군 죽왕면 괘진길 53-11,,38.2956793,128.5474428
비치브런치카페,"강원특별자치도 고성군 토성면 동해대로 4856, 씨앤블루",033-637-3911,38.24609305,128.569354
카페스테이지,강원특별자치도 고성군 토성면 토성로 124-1,,38.2542531,128.5628989
봉포 아고라,강원특별자치도 고성군 토성면 토성로 20,,38.24869588,128.568018
브루잉(Brewing),강원특별자치도 고성군 토성면 봉포4길 32,,38.25218758,128.5603171
미송,강원특별자치도 고성군 토성면 인흥1길 22-10,,38.23580255,128.5502479
스테이165,"강원특별자치도 고성군 토성면 아야진해변길 165, 2층",,38.27727396,128.5527758
파스쿠찌 토성농협점,강원특별자치도 고성군 토성면 학사촌길 97,033-633-5839,38.25452048,128.5593972
파우제(PAUSE),강원특별자치도 고성군 토성면 아야진길 61-1,,38.27309036,128.5520652
씨유(CU) 고성해변점,강원특별자치도 고성군 거진읍 해오름해변길 63,,38.43403704,128.4550019
카페올라(olla),강원특별자치도 고성군 토성면 천진해변길 41,,38.26034582,128.5598324
카페노던,"강원특별자치도 고성군 죽왕면 동해대로 6090-22, 2층",,38.4197151,128.4622586
하늬라벤더팜,강원특별자치도 고성군 간성읍 꽃대마을길 175,033-681-0005,38.34881363,128.4145057
나무,강원특별자치도 고성군 간성읍 간성로 39-3,,38.38043228,128.4646466
달콤커피,강원특별자치도 고성군 토성면 천진해변길 7,033-631-1205,38.25739361,128.5599123
레이크오션 카페,강원특별자치도 고성군 토성면 잼버리동로 583-20,033-635-3006,38.23924221,128.5403377
온더버튼(on the button),강원특별자치도 고성군 죽왕면 괘진길 53-7,,38.2956793,128.5474428
보나테라(주),강원특별자치도 고성군 거진읍 거탄진로 19,,38.438158,128.4497266
커피생각,"강원특별자치도 고성군 거진읍 거진시장길 15, 거진전통시장",033-681-8593,38.44783776,128.453957
스타벅스 소노델피노점,강원특별자치도 고성군 토성면 미시령옛길 1153,033-636-8697,38.21311628,128.4934404
고성카페 라오라나,강원특별자치도 고성군 토성면 토성로 126,033-636-9077,38.25676938,128.5604118
헬로엠,강원특별자치도 고성군 죽왕면 공현진해변길 91-2,,38.35438522,128.5107391
비엔토테이크아웃,강원특별자치도 고성군 토성면 미시령옛길 1153,,38.21311628,128.4934404
까페바우,강원특별자치도 고성군 토성면 원암온천3길 24,,38.21368089,128.515725
DMZ전망대카페,강원특별자치도 고성군 현내면 통일전망대로 369,033-680-8483,38.57630459,128.382599
커피플랫폼 188,강원특별자치도 고성군 현내면 통일전망대로 455,,38.58464536,128.3746489
백도카페,강원특별자치도 고성군 죽왕면 문암항2길 13-1,,38.30236559,128.5461757
행복한 시간이 있는 곳,강원특별자치도 고성군 간성읍 고성중앙길 9,033-680-3603,38.38129724,128.4680442
제니정 스튜디오,강원특별자치도 고성군 죽왕면 자작도선사길 120-4,033-636-5679,38.30957092,128.5424495
스테이지알(stage.r),강원특별자치도 고성군 토성면 아야진해변길 25,,38.26881678,128.5562031
카페 달록,강원특별자치도 고성군 간성읍 간성로 51-11,033-681-0203,38.38043228,128.4646466
투썸플레이스 고성간성점,"강원특별자치도 고성군 간성읍 간성로 18, 1층",033-681-6662,38.37896662,128.473061
도자기별,강원특별자치도 고성군 토성면 토성로 68,,38.25300598,128.5649216
포레스트카페(For Rest cafe),강원특별자치도 고성군 죽왕면 순포로 4-21,,38.3139028,128.5197023
마추깡카페,"강원특별자치도 고성군 거진읍 해오름해변길 117, 2층",,38.43889946,128.4539336
모퉁이카페,강원특별자치도 양구군 양구읍 박수근로257번길 2-9,033-481-9040,38.09326428,127.982089
청춘크루즈 간이매점,"강원특별자치도 양구군 양구읍 박수근로 366-11, 야영장",,38.09207092,127.9840759
롤리폴리 양구지점,강원특별자치도 양구군 양구읍 양록길 103,,38.10660546,127.9898382
공차 강원양구점,강원특별자치도 양구군 양구읍 양록길 102,,38.10634692,127.989655
오롯이무드,강원특별자치도 양구군 양구읍 관공서로43번길 16,,38.10806099,127.989253
펀치스 11-2,강원특별자치도 양구군 해안면 땅굴로 11-2,,38.30659295,128.1262476
"디어, 예슬린",강원특별자치도 양구군 양구읍 해시계로 9,,38.10504507,127.9881016
아인53 만나,강원특별자치도 양구군 양구읍 성곡로 206,,38.13529143,127.9872669
리아숲 자연주의스토아,강원특별자치도 양구군 양구읍 함춘로 200,,38.12623589,127.9906931
무인카페&수제디저트,강원특별자치도 양구군 양구읍 중앙길 52,033-482-2349,38.10517975,127.9891072
하늘카페,"강원특별자치도 양구군 양구읍 금강산로 518-25, 양구군 장례식장(제2동)",033-481-4441,38.16335848,128.0132597
카페 방앗간,강원특별자치도 양구군 해안면 펀치볼로 1343,,38.28811569,128.1392419
카페 따 숲 1983,"강원특별자치도 양구군 양구읍 죽곡로73번길 1, 2층",,38.13597819,128.0097423
공감 카페,"강원특별자치도 양구군 양구읍 관공서로 38, 양구군청",033-480-2070,38.10998619,127.9899455
PC토랑,강원특별자치도 양구군 양구읍 중앙길 19,033-481-5858,38.10662259,127.9893983
헨리(Henry),강원특별자치도 양구군 양구읍 사명길 110,,38.10722453,127.9886312
커피한잔,"강원특별자치도 양구군 동면 금강산로 1701, 한솔장여관",033-482-7359,38.20281995,128.0439863
어셈블(Assemble),강원특별자치도 양구군 양구읍 우정로 129,033-481-3516,38.10228566,127.9901778
이디야,강원특별자치도 양구군 양구읍 중앙길 10,033-481-2221,38.10709246,127.9891665
DODO RELLA,강원특별자치도 양구군 양구읍 우정로 77,,38.09786141,127.9923799
에그존&샌드베이 강원양구점,강원특별자치도 양구군 양구읍 중심로 196,033-482-7077,38.10769708,127.9893962
아인53,강원특별자치도 양구군 양구읍 성곡로 200-1,,38.16241511,127.9685665
숲소울,강원특별자치도 양구군 양구읍 박수근로 367,033-481-9033,38.10408196,127.9812944
카페1001-8,강원특별자치도 양구군 국토정중앙면 정중앙로 606-6,,38.09302334,128.0235567
이집플라워카페,강원특별자치도 양구군 양구읍 양록길 35,033-481-1002,38.10683414,127.9860406
커피에 반하다,강원특별자치도 양구군 양구읍 양구새싹로 27,033-482-8009,38.1025887,127.9883833
더 벤티,강원특별자치도 양구군 양구읍 중심로 192,033-938-9855,38.10738932,127.9895812
인문학마을 매점카페,"강원특별자치도 양구군 양구읍 파로호로869번길 101, 양구인문학박물관",033-482-7979,38.12199475,127.9812784
빽다방 강원화천점,강원특별자치도 화천군 화천읍 중앙로 9,033-442-7773,38.10492135,127.7053759
문릿(Moonlit),강원특별자치도 화천군 화천읍 상승로3길 5,033-441-5404,38.10617396,127.7048196
메가엠지씨커피 사창리점,강원특별자치도 화천군 사내면 사내로 40-4,,38.07162716,127.5212137
달보드레,강원특별자치도 화천군 화천읍 상승로 42-17,033-441-6261,38.11188652,127.7019946
메가커피화천점,강원특별자치도 화천군 화천읍 중앙로 3-2,033-441-5955,38.10400143,127.7066819
쥬씨화천사창점,강원특별자치도 화천군 사내면 사내로 42-1,,38.07162716,127.5212137
커피보리,강원특별자치도 화천군 화천읍 상승로6길 13,070-4209-8459,38.10954594,127.7053584
Ann coffee,강원특별자치도 화천군 사내면 사내로 17-1,033-441-7477,38.07162716,127.5212137
잠자니(zamzani),"강원특별자치도 화천군 화천읍 중앙로4길 24, 2층",033-442-0678,38.10361713,127.7050598
커피에 반하다,강원특별자치도 화천군 화천읍 중앙로6길 6-2,033-442-8687,38.10326909,127.705753
프로프 라이프,강원특별자치도 화천군 사내면 사내로5길 9,033-441-6377,38.0708507,127.5211045
FOR;REST,강원특별자치도 화천군 화천읍 중앙로9길 33,033-442-4010,38.10514512,127.7078201
빽다방 화천 사내면점,강원특별자치도 화천군 사내면 사내로 40-3,033-441-4321,38.07162716,127.5212137
앨리스,강원특별자치도 화천군 화천읍 중앙로9길 25,033-441-0554,38.10478489,127.7076333
광덕 별아래,강원특별자치도 화천군 사내면 천문대길 8,033-441-7778,38.10294196,127.4431467
샤르망 커피(charmant coffee),"강원특별자치도 화천군 상서면 영서로 7717, 2층",070-7793-3876,38.2071654,127.6622776
카페마리,강원특별자치도 화천군 화천읍 중앙로2길 28,,38.10394151,127.7042685
컴포즈 커피(COMPOSE COFFEE) 강원화천토마토점,"강원특별자치도 화천군 사내면 사내로 52-2, 1층",033-441-5050,38.07162716,127.5212137
광덕리 329,"강원특별자치도 화천군 사내면 포화로 828, 1층",0507-1485-2069,38.06663204,127.4957308
화천군산림조합 티숨카페,"강원특별자치도 화천군 화천읍 중앙로6길 21-2, 화천군산림조합",033-441-3232,38.10326909,127.705753
시오(SHIO),강원특별자치도 화천군 화천읍 옹기점길 14,033-442-1925,38.11386973,127.6991578
빵커,강원특별자치도 화천군 상서면 영서로 7693,033-442-5579,38.20575301,127.661524
체도(chedo),"강원특별자치도 화천군 상서면 영서로 7735, 1층",033-442-1630,38.20905615,127.6627282
미카롱,강원특별자치도 화천군 화천읍 상승로 23-2,,38.11188652,127.7019946
하랑,"강원특별자치도 화천군 사내면 수밀리길 24-1, 2층",,38.04171775,127.4962826
카페 클라우드,강원특별자치도 화천군 화천읍 중앙로5길 2,,38.1044271,127.7062039
스트릿1988 화천점,강원특별자치도 화천군 화천읍 상승로 42-19,,38.11188652,127.7019946
하이 대이리,강원특별자치도 화천군 화천읍 평화로 549-1,,38.17387943,127.7578295
