id,source,source_row_number,title,sigungu,flag
dmz_tourism:96a8c4e7429b067e,dmz_tourism,109,가진항,고성군,operations_unverified
dmz_tourism:96a8c4e7429b067e,dmz_tourism,109,가진항,고성군,reservation_unknown
dmz_tourism:96a8c4e7429b067e,dmz_tourism,109,가진항,고성군,id_check_unknown
dmz_tourism:96a8c4e7429b067e,dmz_tourism,109,가진항,고성군,accessibility_unknown
dmz_tourism:96a8c4e7429b067e,dmz_tourism,109,가진항,고성군,image_missing
dmz_tourism:96a8c4e7429b067e,dmz_tourism,109,가진항,고성군,telephone_is_municipal_contact
dmz_tourism:5afe162ba8d4fc58,dmz_tourism,110,가진해변,고성군,operations_unverified
dmz_tourism:5afe162ba8d4fc58,dmz_tourism,110,가진해변,고성군,reservation_unknown
dmz_tourism:5afe162ba8d4fc58,dmz_tourism,110,가진해변,고성군,id_check_unknown
dmz_tourism:5afe162ba8d4fc58,dmz_tourism,110,가진해변,고성군,accessibility_unknown
dmz_tourism:5afe162ba8d4fc58,dmz_tourism,110,가진해변,고성군,telephone_is_municipal_contact
dmz_tourism:5afe162ba8d4fc58,dmz_tourism,110,가진해변,고성군,image_license_not_verified
dmz_tourism:507c8cbd6695602a,dmz_tourism,111,팔랑폭포,양구군,operations_unverified
dmz_tourism:507c8cbd6695602a,dmz_tourism,111,팔랑폭포,양구군,reservation_unknown
dmz_tourism:507c8cbd6695602a,dmz_tourism,111,팔랑폭포,양구군,id_check_unknown
dmz_tourism:507c8cbd6695602a,dmz_tourism,111,팔랑폭포,양구군,accessibility_unknown
dmz_tourism:507c8cbd6695602a,dmz_tourism,111,팔랑폭포,양구군,image_missing
dmz_tourism:507c8cbd6695602a,dmz_tourism,111,팔랑폭포,양구군,telephone_is_municipal_contact
dmz_tourism:41619ede8ba4892f,dmz_tourism,112,간성향교,고성군,operations_unverified
dmz_tourism:41619ede8ba4892f,dmz_tourism,112,간성향교,고성군,reservation_unknown
dmz_tourism:41619ede8ba4892f,dmz_tourism,112,간성향교,고성군,id_check_unknown
dmz_tourism:41619ede8ba4892f,dmz_tourism,112,간성향교,고성군,accessibility_unknown
dmz_tourism:41619ede8ba4892f,dmz_tourism,112,간성향교,고성군,telephone_is_municipal_contact
dmz_tourism:41619ede8ba4892f,dmz_tourism,112,간성향교,고성군,image_license_not_verified
dmz_tourism:2a716e1f3ac41290,dmz_tourism,113,아야진항,고성군,operations_unverified
dmz_tourism:2a716e1f3ac41290,dmz_tourism,113,아야진항,고성군,reservation_unknown
dmz_tourism:2a716e1f3ac41290,dmz_tourism,113,아야진항,고성군,id_check_unknown
dmz_tourism:2a716e1f3ac41290,dmz_tourism,113,아야진항,고성군,accessibility_unknown
dmz_tourism:2a716e1f3ac41290,dmz_tourism,113,아야진항,고성군,image_missing
dmz_tourism:2a716e1f3ac41290,dmz_tourism,113,아야진항,고성군,telephone_is_municipal_contact
dmz_tourism:b281ca9affd97be4,dmz_tourism,114,거진11리해변,고성군,operations_unverified
dmz_tourism:b281ca9affd97be4,dmz_tourism,114,거진11리해변,고성군,reservation_unknown
dmz_tourism:b281ca9affd97be4,dmz_tourism,114,거진11리해변,고성군,id_check_unknown
dmz_tourism:b281ca9affd97be4,dmz_tourism,114,거진11리해변,고성군,accessibility_unknown
dmz_tourism:b281ca9affd97be4,dmz_tourism,114,거진11리해변,고성군,telephone_is_municipal_contact
dmz_tourism:b281ca9affd97be4,dmz_tourism,114,거진11리해변,고성군,image_license_not_verified
dmz_tourism:fed867126fde1333,dmz_tourism,115,거진1리해변,고성군,operations_unverified
dmz_tourism:fed867126fde1333,dmz_tourism,115,거진1리해변,고성군,reservation_unknown
dmz_tourism:fed867126fde1333,dmz_tourism,115,거진1리해변,고성군,id_check_unknown
dmz_tourism:fed867126fde1333,dmz_tourism,115,거진1리해변,고성군,accessibility_unknown
dmz_tourism:fed867126fde1333,dmz_tourism,115,거진1리해변,고성군,telephone_is_municipal_contact
dmz_tourism:fed867126fde1333,dmz_tourism,115,거진1리해변,고성군,image_license_not_verified
dmz_tourism:22dc95d620211914,dmz_tourism,116,거진등대해맞이공원,고성군,operations_unverified
dmz_tourism:22dc95d620211914,dmz_tourism,116,거진등대해맞이공원,고성군,reservation_unknown
dmz_tourism:22dc95d620211914,dmz_tourism,116,거진등대해맞이공원,고성군,id_check_unknown
dmz_tourism:22dc95d620211914,dmz_tourism,116,거진등대해맞이공원,고성군,accessibility_unknown
dmz_tourism:22dc95d620211914,dmz_tourism,116,거진등대해맞이공원,고성군,image_missing
dmz_tourism:22dc95d620211914,dmz_tourism,116,거진등대해맞이공원,고성군,telephone_is_municipal_contact
dmz_tourism:892e20143faf0e67,dmz_tourism,117,건봉사,고성군,operations_unverified
dmz_tourism:892e20143faf0e67,dmz_tourism,117,건봉사,고성군,reservation_unknown
dmz_tourism:892e20143faf0e67,dmz_tourism,117,건봉사,고성군,id_check_unknown
dmz_tourism:892e20143faf0e67,dmz_tourism,117,건봉사,고성군,accessibility_unknown
dmz_tourism:892e20143faf0e67,dmz_tourism,117,건봉사,고성군,image_license_not_verified
dmz_tourism:94db6f7ac0fa0f9f,dmz_tourism,118,고성 문암리 유적,고성군,operations_unverified
dmz_tourism:94db6f7ac0fa0f9f,dmz_tourism,118,고성 문암리 유적,고성군,reservation_unknown
dmz_tourism:94db6f7ac0fa0f9f,dmz_tourism,118,고성 문암리 유적,고성군,id_check_unknown
dmz_tourism:94db6f7ac0fa0f9f,dmz_tourism,118,고성 문암리 유적,고성군,accessibility_unknown
dmz_tourism:94db6f7ac0fa0f9f,dmz_tourism,118,고성 문암리 유적,고성군,image_missing
dmz_tourism:94db6f7ac0fa0f9f,dmz_tourism,118,고성 문암리 유적,고성군,telephone_is_municipal_contact
dmz_tourism:739fe1b559f9709d,dmz_tourism,119,고성 어명기 고택,고성군,operations_unverified
dmz_tourism:739fe1b559f9709d,dmz_tourism,119,고성 어명기 고택,고성군,reservation_unknown
dmz_tourism:739fe1b559f9709d,dmz_tourism,119,고성 어명기 고택,고성군,id_check_unknown
dmz_tourism:739fe1b559f9709d,dmz_tourism,119,고성 어명기 고택,고성군,accessibility_unknown
dmz_tourism:739fe1b559f9709d,dmz_tourism,119,고성 어명기 고택,고성군,image_missing
dmz_tourism:739fe1b559f9709d,dmz_tourism,119,고성 어명기 고택,고성군,telephone_is_municipal_contact
dmz_tourism:d096c36656960f75,dmz_tourism,120,고성 왕곡마을,고성군,operations_unverified
dmz_tourism:d096c36656960f75,dmz_tourism,120,고성 왕곡마을,고성군,reservation_unknown
dmz_tourism:d096c36656960f75,dmz_tourism,120,고성 왕곡마을,고성군,id_check_unknown
dmz_tourism:d096c36656960f75,dmz_tourism,120,고성 왕곡마을,고성군,accessibility_unknown
dmz_tourism:d096c36656960f75,dmz_tourism,120,고성 왕곡마을,고성군,image_license_not_verified
dmz_tourism:49c7230c8ab1ee24,dmz_tourism,121,고성 제3기 현무암,고성군,operations_unverified
dmz_tourism:49c7230c8ab1ee24,dmz_tourism,121,고성 제3기 현무암,고성군,reservation_unknown
dmz_tourism:49c7230c8ab1ee24,dmz_tourism,121,고성 제3기 현무암,고성군,id_check_unknown
dmz_tourism:49c7230c8ab1ee24,dmz_tourism,121,고성 제3기 현무암,고성군,accessibility_unknown
dmz_tourism:49c7230c8ab1ee24,dmz_tourism,121,고성 제3기 현무암,고성군,telephone_is_municipal_contact
dmz_tourism:49c7230c8ab1ee24,dmz_tourism,121,고성 제3기 현무암,고성군,image_license_not_verified
dmz_tourism:db1ce39eb2fdbf53,dmz_tourism,122,고성 통일전망타워,고성군,operations_unverified
dmz_tourism:db1ce39eb2fdbf53,dmz_tourism,122,고성 통일전망타워,고성군,reservation_unknown
dmz_tourism:db1ce39eb2fdbf53,dmz_tourism,122,고성 통일전망타워,고성군,id_check_unknown
dmz_tourism:db1ce39eb2fdbf53,dmz_tourism,122,고성 통일전망타워,고성군,accessibility_unknown
dmz_tourism:db1ce39eb2fdbf53,dmz_tourism,122,고성 통일전망타워,고성군,image_license_not_verified
dmz_tourism:147ec78c5e0d42d1,dmz_tourism,123,공현진1리해변,고성군,operations_unverified
dmz_tourism:147ec78c5e0d42d1,dmz_tourism,123,공현진1리해변,고성군,reservation_unknown
dmz_tourism:147ec78c5e0d42d1,dmz_tourism,123,공현진1리해변,고성군,id_check_unknown
dmz_tourism:147ec78c5e0d42d1,dmz_tourism,123,공현진1리해변,고성군,accessibility_unknown
dmz_tourism:147ec78c5e0d42d1,dmz_tourism,123,공현진1리해변,고성군,telephone_is_municipal_contact
dmz_tourism:147ec78c5e0d42d1,dmz_tourism,123,공현진1리해변,고성군,image_license_not_verified
dmz_tourism:98aab3e0d3cbe73a,dmz_tourism,124,공현진항,고성군,operations_unverified
dmz_tourism:98aab3e0d3cbe73a,dmz_tourism,124,공현진항,고성군,reservation_unknown
dmz_tourism:98aab3e0d3cbe73a,dmz_tourism,124,공현진항,고성군,id_check_unknown
dmz_tourism:98aab3e0d3cbe73a,dmz_tourism,124,공현진항,고성군,accessibility_unknown
dmz_tourism:98aab3e0d3cbe73a,dmz_tourism,124,공현진항,고성군,image_missing
dmz_tourism:f362bf1777b2c4df,dmz_tourism,125,교암리해수욕장,고성군,operations_unverified
dmz_tourism:f362bf1777b2c4df,dmz_tourism,125,교암리해수욕장,고성군,reservation_unknown
dmz_tourism:f362bf1777b2c4df,dmz_tourism,125,교암리해수욕장,고성군,id_check_unknown
dmz_tourism:f362bf1777b2c4df,dmz_tourism,125,교암리해수욕장,고성군,accessibility_unknown
dmz_tourism:f362bf1777b2c4df,dmz_tourism,125,교암리해수욕장,고성군,telephone_is_municipal_contact
dmz_tourism:f362bf1777b2c4df,dmz_tourism,125,교암리해수욕장,고성군,image_license_not_verified
dmz_tourism:f06d4f643fbd09ef,dmz_tourism,126,교암항,고성군,operations_unverified
dmz_tourism:f06d4f643fbd09ef,dmz_tourism,126,교암항,고성군,reservation_unknown
dmz_tourism:f06d4f643fbd09ef,dmz_tourism,126,교암항,고성군,id_check_unknown
dmz_tourism:f06d4f643fbd09ef,dmz_tourism,126,교암항,고성군,accessibility_unknown
dmz_tourism:f06d4f643fbd09ef,dmz_tourism,126,교암항,고성군,image_missing
dmz_tourism:f06d4f643fbd09ef,dmz_tourism,126,교암항,고성군,telephone_is_municipal_contact
dmz_tourism:b5048294318ce7fd,dmz_tourism,127,교암해변,고성군,operations_unverified
dmz_tourism:b5048294318ce7fd,dmz_tourism,127,교암해변,고성군,reservation_unknown
dmz_tourism:b5048294318ce7fd,dmz_tourism,127,교암해변,고성군,id_check_unknown
dmz_tourism:b5048294318ce7fd,dmz_tourism,127,교암해변,고성군,accessibility_unknown
dmz_tourism:b5048294318ce7fd,dmz_tourism,127,교암해변,고성군,telephone_is_municipal_contact
dmz_tourism:b5048294318ce7fd,dmz_tourism,127,교암해변,고성군,image_license_not_verified
dmz_tourism:4a81bb8314f1735e,dmz_tourism,128,극락암(강원),고성군,operations_unverified
dmz_tourism:4a81bb8314f1735e,dmz_tourism,128,극락암(강원),고성군,reservation_unknown
dmz_tourism:4a81bb8314f1735e,dmz_tourism,128,극락암(강원),고성군,id_check_unknown
dmz_tourism:4a81bb8314f1735e,dmz_tourism,128,극락암(강원),고성군,accessibility_unknown
dmz_tourism:4a81bb8314f1735e,dmz_tourism,128,극락암(강원),고성군,image_license_not_verified
dmz_tourism:e015cf4cbec11153,dmz_tourism,129,김일성 별장,고성군,operations_unverified
dmz_tourism:e015cf4cbec11153,dmz_tourism,129,김일성 별장,고성군,reservation_unknown
dmz_tourism:e015cf4cbec11153,dmz_tourism,129,김일성 별장,고성군,id_check_unknown
dmz_tourism:e015cf4cbec11153,dmz_tourism,129,김일성 별장,고성군,accessibility_unknown
dmz_tourism:e015cf4cbec11153,dmz_tourism,129,김일성 별장,고성군,image_license_not_verified
dmz_tourism:3a80678be88e0343,dmz_tourism,130,김하인 아트홀 국화꽃향기,고성군,operations_unverified
dmz_tourism:3a80678be88e0343,dmz_tourism,130,김하인 아트홀 국화꽃향기,고성군,reservation_unknown
dmz_tourism:3a80678be88e0343,dmz_tourism,130,김하인 아트홀 국화꽃향기,고성군,id_check_unknown
dmz_tourism:3a80678be88e0343,dmz_tourism,130,김하인 아트홀 국화꽃향기,고성군,accessibility_unknown
dmz_tourism:3a80678be88e0343,dmz_tourism,130,김하인 아트홀 국화꽃향기,고성군,image_license_not_verified
dmz_tourism:b2a1c21a813a1ba2,dmz_tourism,131,능파대 (강원평화지역 국가지질공원),고성군,operations_unverified
dmz_tourism:b2a1c21a813a1ba2,dmz_tourism,131,능파대 (강원평화지역 국가지질공원),고성군,reservation_unknown
dmz_tourism:b2a1c21a813a1ba2,dmz_tourism,131,능파대 (강원평화지역 국가지질공원),고성군,id_check_unknown
dmz_tourism:b2a1c21a813a1ba2,dmz_tourism,131,능파대 (강원평화지역 국가지질공원),고성군,accessibility_unknown
dmz_tourism:b2a1c21a813a1ba2,dmz_tourism,131,능파대 (강원평화지역 국가지질공원),고성군,image_missing
dmz_tourism:b2a1c21a813a1ba2,dmz_tourism,131,능파대 (강원평화지역 국가지질공원),고성군,telephone_is_municipal_contact
dmz_tourism:bac7190fceff98d1,dmz_tourism,132,대진 등대,고성군,operations_unverified
dmz_tourism:bac7190fceff98d1,dmz_tourism,132,대진 등대,고성군,reservation_unknown
dmz_tourism:bac7190fceff98d1,dmz_tourism,132,대진 등대,고성군,id_check_unknown
dmz_tourism:bac7190fceff98d1,dmz_tourism,132,대진 등대,고성군,accessibility_unknown
dmz_tourism:bac7190fceff98d1,dmz_tourism,132,대진 등대,고성군,image_license_not_verified
dmz_tourism:abf63124a2e47f73,dmz_tourism,133,대진1리해변,고성군,operations_unverified
dmz_tourism:abf63124a2e47f73,dmz_tourism,133,대진1리해변,고성군,reservation_unknown
dmz_tourism:abf63124a2e47f73,dmz_tourism,133,대진1리해변,고성군,id_check_unknown
dmz_tourism:abf63124a2e47f73,dmz_tourism,133,대진1리해변,고성군,accessibility_unknown
dmz_tourism:abf63124a2e47f73,dmz_tourism,133,대진1리해변,고성군,telephone_is_municipal_contact
dmz_tourism:abf63124a2e47f73,dmz_tourism,133,대진1리해변,고성군,image_license_not_verified
dmz_tourism:258e9b1bc2b23770,dmz_tourism,134,대진항,고성군,operations_unverified
dmz_tourism:258e9b1bc2b23770,dmz_tourism,134,대진항,고성군,reservation_unknown
dmz_tourism:258e9b1bc2b23770,dmz_tourism,134,대진항,고성군,id_check_unknown
dmz_tourism:258e9b1bc2b23770,dmz_tourism,134,대진항,고성군,accessibility_unknown
dmz_tourism:258e9b1bc2b23770,dmz_tourism,134,대진항,고성군,image_missing
dmz_tourism:258e9b1bc2b23770,dmz_tourism,134,대진항,고성군,telephone_is_municipal_contact
dmz_tourism:96f0be06e116f334,dmz_tourism,135,아야진해변,고성군,operations_unverified
dmz_tourism:96f0be06e116f334,dmz_tourism,135,아야진해변,고성군,reservation_unknown
dmz_tourism:96f0be06e116f334,dmz_tourism,135,아야진해변,고성군,id_check_unknown
dmz_tourism:96f0be06e116f334,dmz_tourism,135,아야진해변,고성군,accessibility_unknown
dmz_tourism:96f0be06e116f334,dmz_tourism,135,아야진해변,고성군,image_missing
dmz_tourism:96f0be06e116f334,dmz_tourism,135,아야진해변,고성군,telephone_is_municipal_contact
dmz_tourism:f76d87c3c63c8349,dmz_tourism,136,델피노호텔&리조트 오션플레이,고성군,operations_unverified
dmz_tourism:f76d87c3c63c8349,dmz_tourism,136,델피노호텔&리조트 오션플레이,고성군,reservation_unknown
dmz_tourism:f76d87c3c63c8349,dmz_tourism,136,델피노호텔&리조트 오션플레이,고성군,id_check_unknown
dmz_tourism:f76d87c3c63c8349,dmz_tourism,136,델피노호텔&리조트 오션플레이,고성군,accessibility_unknown
dmz_tourism:f76d87c3c63c8349,dmz_tourism,136,델피노호텔&리조트 오션플레이,고성군,image_license_not_verified
dmz_tourism:72d6f38147eff8f7,dmz_tourism,137,도원리계곡,고성군,operations_unverified
dmz_tourism:72d6f38147eff8f7,dmz_tourism,137,도원리계곡,고성군,reservation_unknown
dmz_tourism:72d6f38147eff8f7,dmz_tourism,137,도원리계곡,고성군,id_check_unknown
dmz_tourism:72d6f38147eff8f7,dmz_tourism,137,도원리계곡,고성군,accessibility_unknown
dmz_tourism:72d6f38147eff8f7,dmz_tourism,137,도원리계곡,고성군,image_missing
dmz_tourism:72d6f38147eff8f7,dmz_tourism,137,도원리계곡,고성군,telephone_is_municipal_contact
dmz_tourism:92ad13602233a898,dmz_tourism,138,마차진해변,고성군,operations_unverified
dmz_tourism:92ad13602233a898,dmz_tourism,138,마차진해변,고성군,reservation_unknown
dmz_tourism:92ad13602233a898,dmz_tourism,138,마차진해변,고성군,id_check_unknown
dmz_tourism:92ad13602233a898,dmz_tourism,138,마차진해변,고성군,accessibility_unknown
dmz_tourism:92ad13602233a898,dmz_tourism,138,마차진해변,고성군,telephone_is_municipal_contact
dmz_tourism:92ad13602233a898,dmz_tourism,138,마차진해변,고성군,image_license_not_verified
dmz_tourism:f76fc6508c861d6a,dmz_tourism,139,명파해변,고성군,operations_unverified
dmz_tourism:f76fc6508c861d6a,dmz_tourism,139,명파해변,고성군,reservation_unknown
dmz_tourism:f76fc6508c861d6a,dmz_tourism,139,명파해변,고성군,id_check_unknown
dmz_tourism:f76fc6508c861d6a,dmz_tourism,139,명파해변,고성군,accessibility_unknown
dmz_tourism:f76fc6508c861d6a,dmz_tourism,139,명파해변,고성군,telephone_is_municipal_contact
dmz_tourism:f76fc6508c861d6a,dmz_tourism,139,명파해변,고성군,image_license_not_verified
dmz_tourism:310cc17899145fbd,dmz_tourism,140,문암2리해변,고성군,operations_unverified
dmz_tourism:310cc17899145fbd,dmz_tourism,140,문암2리해변,고성군,reservation_unknown
dmz_tourism:310cc17899145fbd,dmz_tourism,140,문암2리해변,고성군,id_check_unknown
dmz_tourism:310cc17899145fbd,dmz_tourism,140,문암2리해변,고성군,accessibility_unknown
dmz_tourism:310cc17899145fbd,dmz_tourism,140,문암2리해변,고성군,telephone_is_municipal_contact
dmz_tourism:310cc17899145fbd,dmz_tourism,140,문암2리해변,고성군,image_license_not_verified
dmz_tourism:3bceb710eea146da,dmz_tourism,141,문암항,고성군,operations_unverified
dmz_tourism:3bceb710eea146da,dmz_tourism,141,문암항,고성군,reservation_unknown
dmz_tourism:3bceb710eea146da,dmz_tourism,141,문암항,고성군,id_check_unknown
dmz_tourism:3bceb710eea146da,dmz_tourism,141,문암항,고성군,accessibility_unknown
dmz_tourism:3bceb710eea146da,dmz_tourism,141,문암항,고성군,telephone_is_municipal_contact
dmz_tourism:3bceb710eea146da,dmz_tourism,141,문암항,고성군,image_license_not_verified
dmz_tourism:841fba24b58c04f0,dmz_tourism,142,미시령옛길 울산바위 은하수,고성군,operations_unverified
dmz_tourism:841fba24b58c04f0,dmz_tourism,142,미시령옛길 울산바위 은하수,고성군,reservation_unknown
dmz_tourism:841fba24b58c04f0,dmz_tourism,142,미시령옛길 울산바위 은하수,고성군,id_check_unknown
dmz_tourism:841fba24b58c04f0,dmz_tourism,142,미시령옛길 울산바위 은하수,고성군,accessibility_unknown
dmz_tourism:841fba24b58c04f0,dmz_tourism,142,미시령옛길 울산바위 은하수,고성군,telephone_is_municipal_contact
dmz_tourism:841fba24b58c04f0,dmz_tourism,142,미시령옛길 울산바위 은하수,고성군,image_license_not_verified
dmz_tourism:d79d36e493726054,dmz_tourism,143,반암항,고성군,operations_unverified
dmz_tourism:d79d36e493726054,dmz_tourism,143,반암항,고성군,reservation_unknown
dmz_tourism:d79d36e493726054,dmz_tourism,143,반암항,고성군,id_check_unknown
dmz_tourism:d79d36e493726054,dmz_tourism,143,반암항,고성군,accessibility_unknown
dmz_tourism:d79d36e493726054,dmz_tourism,143,반암항,고성군,image_missing
dmz_tourism:d79d36e493726054,dmz_tourism,143,반암항,고성군,telephone_is_municipal_contact
dmz_tourism:4cc7ec8a5b8c897b,dmz_tourism,144,반암해변,고성군,operations_unverified
dmz_tourism:4cc7ec8a5b8c897b,dmz_tourism,144,반암해변,고성군,reservation_unknown
dmz_tourism:4cc7ec8a5b8c897b,dmz_tourism,144,반암해변,고성군,id_check_unknown
dmz_tourism:4cc7ec8a5b8c897b,dmz_tourism,144,반암해변,고성군,accessibility_unknown
dmz_tourism:4cc7ec8a5b8c897b,dmz_tourism,144,반암해변,고성군,telephone_is_municipal_contact
dmz_tourism:4cc7ec8a5b8c897b,dmz_tourism,144,반암해변,고성군,image_license_not_verified
dmz_tourism:d795541725471327,dmz_tourism,145,백도항/문암1리항,고성군,operations_unverified
dmz_tourism:d795541725471327,dmz_tourism,145,백도항/문암1리항,고성군,reservation_unknown
dmz_tourism:d795541725471327,dmz_tourism,145,백도항/문암1리항,고성군,id_check_unknown
dmz_tourism:d795541725471327,dmz_tourism,145,백도항/문암1리항,고성군,accessibility_unknown
dmz_tourism:d795541725471327,dmz_tourism,145,백도항/문암1리항,고성군,telephone_is_municipal_contact
dmz_tourism:d795541725471327,dmz_tourism,145,백도항/문암1리항,고성군,image_license_not_verified
dmz_tourism:f3982c39f42dd32c,dmz_tourism,146,백도해변,고성군,operations_unverified
dmz_tourism:f3982c39f42dd32c,dmz_tourism,146,백도해변,고성군,reservation_unknown
dmz_tourism:f3982c39f42dd32c,dmz_tourism,146,백도해변,고성군,id_check_unknown
dmz_tourism:f3982c39f42dd32c,dmz_tourism,146,백도해변,고성군,accessibility_unknown
dmz_tourism:f3982c39f42dd32c,dmz_tourism,146,백도해변,고성군,telephone_is_municipal_contact
dmz_tourism:f3982c39f42dd32c,dmz_tourism,146,백도해변,고성군,image_license_not_verified
dmz_tourism:de5012988fdb3f2b,dmz_tourism,147,백도해수욕장,고성군,operations_unverified
dmz_tourism:de5012988fdb3f2b,dmz_tourism,147,백도해수욕장,고성군,reservation_unknown
dmz_tourism:de5012988fdb3f2b,dmz_tourism,147,백도해수욕장,고성군,id_check_unknown
dmz_tourism:de5012988fdb3f2b,dmz_tourism,147,백도해수욕장,고성군,accessibility_unknown
dmz_tourism:de5012988fdb3f2b,dmz_tourism,147,백도해수욕장,고성군,telephone_is_municipal_contact
dmz_tourism:de5012988fdb3f2b,dmz_tourism,147,백도해수욕장,고성군,image_license_not_verified
dmz_tourism:31c1b607c7b1d7a1,dmz_tourism,148,백섬해상전망대,고성군,operations_unverified
dmz_tourism:31c1b607c7b1d7a1,dmz_tourism,148,백섬해상전망대,고성군,reservation_unknown
dmz_tourism:31c1b607c7b1d7a1,dmz_tourism,148,백섬해상전망대,고성군,id_check_unknown
dmz_tourism:31c1b607c7b1d7a1,dmz_tourism,148,백섬해상전망대,고성군,accessibility_unknown
dmz_tourism:31c1b607c7b1d7a1,dmz_tourism,148,백섬해상전망대,고성군,telephone_is_municipal_contact
dmz_tourism:31c1b607c7b1d7a1,dmz_tourism,148,백섬해상전망대,고성군,image_license_not_verified
dmz_tourism:5e42467f281c241a,dmz_tourism,149,봉수대해변,고성군,operations_unverified
dmz_tourism:5e42467f281c241a,dmz_tourism,149,봉수대해변,고성군,reservation_unknown
dmz_tourism:5e42467f281c241a,dmz_tourism,149,봉수대해변,고성군,id_check_unknown
dmz_tourism:5e42467f281c241a,dmz_tourism,149,봉수대해변,고성군,accessibility_unknown
dmz_tourism:5e42467f281c241a,dmz_tourism,149,봉수대해변,고성군,telephone_is_municipal_contact
dmz_tourism:5e42467f281c241a,dmz_tourism,149,봉수대해변,고성군,image_license_not_verified
dmz_tourism:dd591b5e8c3504b6,dmz_tourism,150,봉포항,고성군,operations_unverified
dmz_tourism:dd591b5e8c3504b6,dmz_tourism,150,봉포항,고성군,reservation_unknown
dmz_tourism:dd591b5e8c3504b6,dmz_tourism,150,봉포항,고성군,id_check_unknown
dmz_tourism:dd591b5e8c3504b6,dmz_tourism,150,봉포항,고성군,accessibility_unknown
dmz_tourism:dd591b5e8c3504b6,dmz_tourism,150,봉포항,고성군,image_missing
dmz_tourism:dd591b5e8c3504b6,dmz_tourism,150,봉포항,고성군,telephone_is_municipal_contact
dmz_tourism:762cdaf0ef518c31,dmz_tourism,151,봉포해변,고성군,operations_unverified
dmz_tourism:762cdaf0ef518c31,dmz_tourism,151,봉포해변,고성군,reservation_unknown
dmz_tourism:762cdaf0ef518c31,dmz_tourism,151,봉포해변,고성군,id_check_unknown
dmz_tourism:762cdaf0ef518c31,dmz_tourism,151,봉포해변,고성군,accessibility_unknown
dmz_tourism:762cdaf0ef518c31,dmz_tourism,151,봉포해변,고성군,telephone_is_municipal_contact
dmz_tourism:762cdaf0ef518c31,dmz_tourism,151,봉포해변,고성군,image_license_not_verified
dmz_tourism:15e4f332d7f4609c,dmz_tourism,152,삼포해변,고성군,operations_unverified
dmz_tourism:15e4f332d7f4609c,dmz_tourism,152,삼포해변,고성군,reservation_unknown
dmz_tourism:15e4f332d7f4609c,dmz_tourism,152,삼포해변,고성군,id_check_unknown
dmz_tourism:15e4f332d7f4609c,dmz_tourism,152,삼포해변,고성군,accessibility_unknown
dmz_tourism:15e4f332d7f4609c,dmz_tourism,152,삼포해변,고성군,telephone_is_municipal_contact
dmz_tourism:15e4f332d7f4609c,dmz_tourism,152,삼포해변,고성군,image_license_not_verified
dmz_tourism:a95c32dd190a44e8,dmz_tourism,153,소똥령마을,고성군,operations_unverified
dmz_tourism:a95c32dd190a44e8,dmz_tourism,153,소똥령마을,고성군,reservation_unknown
dmz_tourism:a95c32dd190a44e8,dmz_tourism,153,소똥령마을,고성군,id_check_unknown
dmz_tourism:a95c32dd190a44e8,dmz_tourism,153,소똥령마을,고성군,accessibility_unknown
dmz_tourism:a95c32dd190a44e8,dmz_tourism,153,소똥령마을,고성군,image_license_not_verified
dmz_tourism:d5bd198339dae15d,dmz_tourism,154,속초설악 삼포비치바이크 고성점,고성군,operations_unverified
dmz_tourism:d5bd198339dae15d,dmz_tourism,154,속초설악 삼포비치바이크 고성점,고성군,reservation_unknown
dmz_tourism:d5bd198339dae15d,dmz_tourism,154,속초설악 삼포비치바이크 고성점,고성군,id_check_unknown
dmz_tourism:d5bd198339dae15d,dmz_tourism,154,속초설악 삼포비치바이크 고성점,고성군,accessibility_unknown
dmz_tourism:d5bd198339dae15d,dmz_tourism,154,속초설악 삼포비치바이크 고성점,고성군,telephone_missing
dmz_tourism:d5bd198339dae15d,dmz_tourism,154,속초설악 삼포비치바이크 고성점,고성군,image_license_not_verified
dmz_tourism:3aff1b8a01323058,dmz_tourism,155,송지호 해수욕장,고성군,operations_unverified
dmz_tourism:3aff1b8a01323058,dmz_tourism,155,송지호 해수욕장,고성군,reservation_unknown
dmz_tourism:3aff1b8a01323058,dmz_tourism,155,송지호 해수욕장,고성군,id_check_unknown
dmz_tourism:3aff1b8a01323058,dmz_tourism,155,송지호 해수욕장,고성군,accessibility_unknown
dmz_tourism:3aff1b8a01323058,dmz_tourism,155,송지호 해수욕장,고성군,telephone_is_municipal_contact
dmz_tourism:3aff1b8a01323058,dmz_tourism,155,송지호 해수욕장,고성군,image_license_not_verified
dmz_tourism:f78f4f04db36ea02,dmz_tourism,156,송지호 해안 서낭바위,고성군,operations_unverified
dmz_tourism:f78f4f04db36ea02,dmz_tourism,156,송지호 해안 서낭바위,고성군,reservation_unknown
dmz_tourism:f78f4f04db36ea02,dmz_tourism,156,송지호 해안 서낭바위,고성군,id_check_unknown
dmz_tourism:f78f4f04db36ea02,dmz_tourism,156,송지호 해안 서낭바위,고성군,accessibility_unknown
dmz_tourism:f78f4f04db36ea02,dmz_tourism,156,송지호 해안 서낭바위,고성군,telephone_is_municipal_contact
dmz_tourism:f78f4f04db36ea02,dmz_tourism,156,송지호 해안 서낭바위,고성군,image_license_not_verified
dmz_tourism:a9bf219aaf681fa1,dmz_tourism,157,송지호관망타워,고성군,operations_unverified
dmz_tourism:a9bf219aaf681fa1,dmz_tourism,157,송지호관망타워,고성군,reservation_unknown
dmz_tourism:a9bf219aaf681fa1,dmz_tourism,157,송지호관망타워,고성군,id_check_unknown
dmz_tourism:a9bf219aaf681fa1,dmz_tourism,157,송지호관망타워,고성군,accessibility_unknown
dmz_tourism:a9bf219aaf681fa1,dmz_tourism,157,송지호관망타워,고성군,image_license_not_verified
dmz_tourism:87dac7a42fe77df1,dmz_tourism,158,오호항,고성군,operations_unverified
dmz_tourism:87dac7a42fe77df1,dmz_tourism,158,오호항,고성군,reservation_unknown
dmz_tourism:87dac7a42fe77df1,dmz_tourism,158,오호항,고성군,id_check_unknown
dmz_tourism:87dac7a42fe77df1,dmz_tourism,158,오호항,고성군,accessibility_unknown
dmz_tourism:87dac7a42fe77df1,dmz_tourism,158,오호항,고성군,image_missing
dmz_tourism:87dac7a42fe77df1,dmz_tourism,158,오호항,고성군,telephone_is_municipal_contact
dmz_tourism:98303cbc8cdcbd38,dmz_tourism,159,울산바위촬영휴게소,고성군,operations_unverified
dmz_tourism:98303cbc8cdcbd38,dmz_tourism,159,울산바위촬영휴게소,고성군,reservation_unknown
dmz_tourism:98303cbc8cdcbd38,dmz_tourism,159,울산바위촬영휴게소,고성군,id_check_unknown
dmz_tourism:98303cbc8cdcbd38,dmz_tourism,159,울산바위촬영휴게소,고성군,accessibility_unknown
dmz_tourism:98303cbc8cdcbd38,dmz_tourism,159,울산바위촬영휴게소,고성군,image_missing
dmz_tourism:1369371f420341b6,dmz_tourism,160,육송정 홍교,고성군,operations_unverified
dmz_tourism:1369371f420341b6,dmz_tourism,160,육송정 홍교,고성군,reservation_unknown
dmz_tourism:1369371f420341b6,dmz_tourism,160,육송정 홍교,고성군,id_check_unknown
dmz_tourism:1369371f420341b6,dmz_tourism,160,육송정 홍교,고성군,accessibility_unknown
dmz_tourism:1369371f420341b6,dmz_tourism,160,육송정 홍교,고성군,image_missing
dmz_tourism:1369371f420341b6,dmz_tourism,160,육송정 홍교,고성군,telephone_is_municipal_contact
dmz_tourism:402fd08a66be0c4b,dmz_tourism,161,응봉,고성군,operations_unverified
dmz_tourism:402fd08a66be0c4b,dmz_tourism,161,응봉,고성군,reservation_unknown
dmz_tourism:402fd08a66be0c4b,dmz_tourism,161,응봉,고성군,id_check_unknown
dmz_tourism:402fd08a66be0c4b,dmz_tourism,161,응봉,고성군,accessibility_unknown
dmz_tourism:402fd08a66be0c4b,dmz_tourism,161,응봉,고성군,image_missing
dmz_tourism:402fd08a66be0c4b,dmz_tourism,161,응봉,고성군,telephone_is_municipal_contact
dmz_tourism:2be9a3312d99e25e,dmz_tourism,162,이덕균가옥,고성군,operations_unverified
dmz_tourism:2be9a3312d99e25e,dmz_tourism,162,이덕균가옥,고성군,reservation_unknown
dmz_tourism:2be9a3312d99e25e,dmz_tourism,162,이덕균가옥,고성군,id_check_unknown
dmz_tourism:2be9a3312d99e25e,dmz_tourism,162,이덕균가옥,고성군,accessibility_unknown
dmz_tourism:2be9a3312d99e25e,dmz_tourism,162,이덕균가옥,고성군,image_missing
dmz_tourism:2be9a3312d99e25e,dmz_tourism,162,이덕균가옥,고성군,telephone_is_municipal_contact
dmz_tourism:8878a4dd1e89e65d,dmz_tourism,163,이승만별장(고성),고성군,operations_unverified
dmz_tourism:8878a4dd1e89e65d,dmz_tourism,163,이승만별장(고성),고성군,reservation_unknown
dmz_tourism:8878a4dd1e89e65d,dmz_tourism,163,이승만별장(고성),고성군,id_check_unknown
dmz_tourism:8878a4dd1e89e65d,dmz_tourism,163,이승만별장(고성),고성군,accessibility_unknown
dmz_tourism:8878a4dd1e89e65d,dmz_tourism,163,이승만별장(고성),고성군,image_license_not_verified
dmz_tourism:0170beeb1ef2f3a8,dmz_tourism,164,자작도해변,고성군,operations_unverified
dmz_tourism:0170beeb1ef2f3a8,dmz_tourism,164,자작도해변,고성군,reservation_unknown
dmz_tourism:0170beeb1ef2f3a8,dmz_tourism,164,자작도해변,고성군,id_check_unknown
dmz_tourism:0170beeb1ef2f3a8,dmz_tourism,164,자작도해변,고성군,accessibility_unknown
dmz_tourism:0170beeb1ef2f3a8,dmz_tourism,164,자작도해변,고성군,telephone_is_municipal_contact
dmz_tourism:0170beeb1ef2f3a8,dmz_tourism,164,자작도해변,고성군,image_license_not_verified
dmz_tourism:ce742d631998b143,dmz_tourism,165,장신유원지,고성군,operations_unverified
dmz_tourism:ce742d631998b143,dmz_tourism,165,장신유원지,고성군,reservation_unknown
dmz_tourism:ce742d631998b143,dmz_tourism,165,장신유원지,고성군,id_check_unknown
dmz_tourism:ce742d631998b143,dmz_tourism,165,장신유원지,고성군,accessibility_unknown
dmz_tourism:ce742d631998b143,dmz_tourism,165,장신유원지,고성군,image_license_not_verified
dmz_tourism:ffe255aa1efdf62a,dmz_tourism,166,"죽정분교(구,죽정초등학교)",고성군,operations_unverified
dmz_tourism:ffe255aa1efdf62a,dmz_tourism,166,"죽정분교(구,죽정초등학교)",고성군,reservation_unknown
dmz_tourism:ffe255aa1efdf62a,dmz_tourism,166,"죽정분교(구,죽정초등학교)",고성군,id_check_unknown
dmz_tourism:ffe255aa1efdf62a,dmz_tourism,166,"죽정분교(구,죽정초등학교)",고성군,accessibility_unknown
dmz_tourism:ffe255aa1efdf62a,dmz_tourism,166,"죽정분교(구,죽정초등학교)",고성군,image_missing
dmz_tourism:ffe255aa1efdf62a,dmz_tourism,166,"죽정분교(구,죽정초등학교)",고성군,telephone_is_municipal_contact
dmz_tourism:6b0f90c9afe7cd19,dmz_tourism,167,진부령,고성군,operations_unverified
dmz_tourism:6b0f90c9afe7cd19,dmz_tourism,167,진부령,고성군,reservation_unknown
dmz_tourism:6b0f90c9afe7cd19,dmz_tourism,167,진부령,고성군,id_check_unknown
dmz_tourism:6b0f90c9afe7cd19,dmz_tourism,167,진부령,고성군,accessibility_unknown
dmz_tourism:6b0f90c9afe7cd19,dmz_tourism,167,진부령,고성군,telephone_is_municipal_contact
dmz_tourism:6b0f90c9afe7cd19,dmz_tourism,167,진부령,고성군,image_license_not_verified
dmz_tourism:67491856a93075d7,dmz_tourism,168,진부령 흘리마을,고성군,operations_unverified
dmz_tourism:67491856a93075d7,dmz_tourism,168,진부령 흘리마을,고성군,reservation_unknown
dmz_tourism:67491856a93075d7,dmz_tourism,168,진부령 흘리마을,고성군,id_check_unknown
dmz_tourism:67491856a93075d7,dmz_tourism,168,진부령 흘리마을,고성군,accessibility_unknown
dmz_tourism:67491856a93075d7,dmz_tourism,168,진부령 흘리마을,고성군,image_license_not_verified
dmz_tourism:433cd29e94896624,dmz_tourism,169,진부리 마을관리휴양지,고성군,operations_unverified
dmz_tourism:433cd29e94896624,dmz_tourism,169,진부리 마을관리휴양지,고성군,reservation_unknown
dmz_tourism:433cd29e94896624,dmz_tourism,169,진부리 마을관리휴양지,고성군,id_check_unknown
dmz_tourism:433cd29e94896624,dmz_tourism,169,진부리 마을관리휴양지,고성군,accessibility_unknown
dmz_tourism:433cd29e94896624,dmz_tourism,169,진부리 마을관리휴양지,고성군,image_license_not_verified
dmz_tourism:1e7bce15546e2686,dmz_tourism,170,천진항,고성군,operations_unverified
dmz_tourism:1e7bce15546e2686,dmz_tourism,170,천진항,고성군,reservation_unknown
dmz_tourism:1e7bce15546e2686,dmz_tourism,170,천진항,고성군,id_check_unknown
dmz_tourism:1e7bce15546e2686,dmz_tourism,170,천진항,고성군,accessibility_unknown
dmz_tourism:1e7bce15546e2686,dmz_tourism,170,천진항,고성군,image_missing
dmz_tourism:1e7bce15546e2686,dmz_tourism,170,천진항,고성군,telephone_is_municipal_contact
dmz_tourism:a1f0a27058167b68,dmz_tourism,171,천진해변,고성군,operations_unverified
dmz_tourism:a1f0a27058167b68,dmz_tourism,171,천진해변,고성군,reservation_unknown
dmz_tourism:a1f0a27058167b68,dmz_tourism,171,천진해변,고성군,id_check_unknown
dmz_tourism:a1f0a27058167b68,dmz_tourism,171,천진해변,고성군,accessibility_unknown
dmz_tourism:a1f0a27058167b68,dmz_tourism,171,천진해변,고성군,telephone_is_municipal_contact
dmz_tourism:a1f0a27058167b68,dmz_tourism,171,천진해변,고성군,image_license_not_verified
dmz_tourism:34277e582479055c,dmz_tourism,172,천학정/문암포구,고성군,operations_unverified
dmz_tourism:34277e582479055c,dmz_tourism,172,천학정/문암포구,고성군,reservation_unknown
dmz_tourism:34277e582479055c,dmz_tourism,172,천학정/문암포구,고성군,id_check_unknown
dmz_tourism:34277e582479055c,dmz_tourism,172,천학정/문암포구,고성군,accessibility_unknown
dmz_tourism:34277e582479055c,dmz_tourism,172,천학정/문암포구,고성군,telephone_is_municipal_contact
dmz_tourism:34277e582479055c,dmz_tourism,172,천학정/문암포구,고성군,image_license_not_verified
dmz_tourism:5bc29cd676c27beb,dmz_tourism,173,청간정,고성군,operations_unverified
dmz_tourism:5bc29cd676c27beb,dmz_tourism,173,청간정,고성군,reservation_unknown
dmz_tourism:5bc29cd676c27beb,dmz_tourism,173,청간정,고성군,id_check_unknown
dmz_tourism:5bc29cd676c27beb,dmz_tourism,173,청간정,고성군,accessibility_unknown
dmz_tourism:5bc29cd676c27beb,dmz_tourism,173,청간정,고성군,telephone_is_municipal_contact
dmz_tourism:5bc29cd676c27beb,dmz_tourism,173,청간정,고성군,image_license_not_verified
dmz_tourism:f6019ce38c72d4a3,dmz_tourism,174,청간해변,고성군,operations_unverified
dmz_tourism:f6019ce38c72d4a3,dmz_tourism,174,청간해변,고성군,reservation_unknown
dmz_tourism:f6019ce38c72d4a3,dmz_tourism,174,청간해변,고성군,id_check_unknown
dmz_tourism:f6019ce38c72d4a3,dmz_tourism,174,청간해변,고성군,accessibility_unknown
dmz_tourism:f6019ce38c72d4a3,dmz_tourism,174,청간해변,고성군,telephone_is_municipal_contact
dmz_tourism:f6019ce38c72d4a3,dmz_tourism,174,청간해변,고성군,image_license_not_verified
dmz_tourism:a484cf8ab271c37b,dmz_tourism,175,초도마을,고성군,operations_unverified
dmz_tourism:a484cf8ab271c37b,dmz_tourism,175,초도마을,고성군,reservation_unknown
dmz_tourism:a484cf8ab271c37b,dmz_tourism,175,초도마을,고성군,id_check_unknown
dmz_tourism:a484cf8ab271c37b,dmz_tourism,175,초도마을,고성군,accessibility_unknown
dmz_tourism:a484cf8ab271c37b,dmz_tourism,175,초도마을,고성군,image_license_not_verified
dmz_tourism:63ea6a050771912e,dmz_tourism,176,초도항,고성군,operations_unverified
dmz_tourism:63ea6a050771912e,dmz_tourism,176,초도항,고성군,reservation_unknown
dmz_tourism:63ea6a050771912e,dmz_tourism,176,초도항,고성군,id_check_unknown
dmz_tourism:63ea6a050771912e,dmz_tourism,176,초도항,고성군,accessibility_unknown
dmz_tourism:63ea6a050771912e,dmz_tourism,176,초도항,고성군,image_missing
dmz_tourism:63ea6a050771912e,dmz_tourism,176,초도항,고성군,telephone_is_municipal_contact
dmz_tourism:b80ff03e6bdf77be,dmz_tourism,177,초도해변,고성군,operations_unverified
dmz_tourism:b80ff03e6bdf77be,dmz_tourism,177,초도해변,고성군,reservation_unknown
dmz_tourism:b80ff03e6bdf77be,dmz_tourism,177,초도해변,고성군,id_check_unknown
dmz_tourism:b80ff03e6bdf77be,dmz_tourism,177,초도해변,고성군,accessibility_unknown
dmz_tourism:b80ff03e6bdf77be,dmz_tourism,177,초도해변,고성군,telephone_is_municipal_contact
dmz_tourism:b80ff03e6bdf77be,dmz_tourism,177,초도해변,고성군,image_license_not_verified
dmz_tourism:7872f1edcf22b93c,dmz_tourism,178,카페 테일,고성군,operations_unverified
dmz_tourism:7872f1edcf22b93c,dmz_tourism,178,카페 테일,고성군,reservation_unknown
dmz_tourism:7872f1edcf22b93c,dmz_tourism,178,카페 테일,고성군,id_check_unknown
dmz_tourism:7872f1edcf22b93c,dmz_tourism,178,카페 테일,고성군,accessibility_unknown
dmz_tourism:7872f1edcf22b93c,dmz_tourism,178,카페 테일,고성군,image_license_not_verified
dmz_tourism:ef7907e2cb5c1030,dmz_tourism,179,켄싱턴해변,고성군,operations_unverified
dmz_tourism:ef7907e2cb5c1030,dmz_tourism,179,켄싱턴해변,고성군,reservation_unknown
dmz_tourism:ef7907e2cb5c1030,dmz_tourism,179,켄싱턴해변,고성군,id_check_unknown
dmz_tourism:ef7907e2cb5c1030,dmz_tourism,179,켄싱턴해변,고성군,accessibility_unknown
dmz_tourism:ef7907e2cb5c1030,dmz_tourism,179,켄싱턴해변,고성군,image_missing
dmz_tourism:256ed0c51660c36c,dmz_tourism,181,하늬라벤더팜,고성군,operations_unverified
dmz_tourism:256ed0c51660c36c,dmz_tourism,181,하늬라벤더팜,고성군,reservation_unknown
dmz_tourism:256ed0c51660c36c,dmz_tourism,181,하늬라벤더팜,고성군,id_check_unknown
dmz_tourism:256ed0c51660c36c,dmz_tourism,181,하늬라벤더팜,고성군,accessibility_unknown
dmz_tourism:256ed0c51660c36c,dmz_tourism,181,하늬라벤더팜,고성군,image_license_not_verified
dmz_tourism:256ed0c51660c36c,dmz_tourism,181,하늬라벤더팜,고성군,duplicate_title_county_review
dmz_tourism:34f3043dab73b4c1,dmz_tourism,182,함정균가옥,고성군,operations_unverified
dmz_tourism:34f3043dab73b4c1,dmz_tourism,182,함정균가옥,고성군,reservation_unknown
dmz_tourism:34f3043dab73b4c1,dmz_tourism,182,함정균가옥,고성군,id_check_unknown
dmz_tourism:34f3043dab73b4c1,dmz_tourism,182,함정균가옥,고성군,accessibility_unknown
dmz_tourism:34f3043dab73b4c1,dmz_tourism,182,함정균가옥,고성군,telephone_is_municipal_contact
dmz_tourism:34f3043dab73b4c1,dmz_tourism,182,함정균가옥,고성군,image_license_not_verified
dmz_tourism:afce4849312e6d64,dmz_tourism,183,화암사(고성),고성군,operations_unverified
dmz_tourism:afce4849312e6d64,dmz_tourism,183,화암사(고성),고성군,reservation_unknown
dmz_tourism:afce4849312e6d64,dmz_tourism,183,화암사(고성),고성군,id_check_unknown
dmz_tourism:afce4849312e6d64,dmz_tourism,183,화암사(고성),고성군,accessibility_unknown
dmz_tourism:afce4849312e6d64,dmz_tourism,183,화암사(고성),고성군,image_license_not_verified
dmz_tourism:08e0c585ee9fd948,dmz_tourism,184,토성민속마을,철원군,operations_unverified
dmz_tourism:08e0c585ee9fd948,dmz_tourism,184,토성민속마을,철원군,reservation_unknown
dmz_tourism:08e0c585ee9fd948,dmz_tourism,184,토성민속마을,철원군,id_check_unknown
dmz_tourism:08e0c585ee9fd948,dmz_tourism,184,토성민속마을,철원군,accessibility_unknown
dmz_tourism:08e0c585ee9fd948,dmz_tourism,184,토성민속마을,철원군,image_missing
dmz_tourism:08e0c585ee9fd948,dmz_tourism,184,토성민속마을,철원군,telephone_is_municipal_contact
dmz_tourism:fa9bec05ba33e5e9,dmz_tourism,185,화진포(화진포호),고성군,operations_unverified
dmz_tourism:fa9bec05ba33e5e9,dmz_tourism,185,화진포(화진포호),고성군,reservation_unknown
dmz_tourism:fa9bec05ba33e5e9,dmz_tourism,185,화진포(화진포호),고성군,id_check_unknown
dmz_tourism:fa9bec05ba33e5e9,dmz_tourism,185,화진포(화진포호),고성군,accessibility_unknown
dmz_tourism:fa9bec05ba33e5e9,dmz_tourism,185,화진포(화진포호),고성군,image_license_not_verified
dmz_tourism:684a22c17ce8bf8f,dmz_tourism,186,화진포소나무숲산림욕장,고성군,operations_unverified
dmz_tourism:684a22c17ce8bf8f,dmz_tourism,186,화진포소나무숲산림욕장,고성군,reservation_unknown
dmz_tourism:684a22c17ce8bf8f,dmz_tourism,186,화진포소나무숲산림욕장,고성군,id_check_unknown
dmz_tourism:684a22c17ce8bf8f,dmz_tourism,186,화진포소나무숲산림욕장,고성군,accessibility_unknown
dmz_tourism:684a22c17ce8bf8f,dmz_tourism,186,화진포소나무숲산림욕장,고성군,image_license_not_verified
dmz_tourism:bd706e31ec85d966,dmz_tourism,187,화진포해수욕장,고성군,operations_unverified
dmz_tourism:bd706e31ec85d966,dmz_tourism,187,화진포해수욕장,고성군,reservation_unknown
dmz_tourism:bd706e31ec85d966,dmz_tourism,187,화진포해수욕장,고성군,id_check_unknown
dmz_tourism:bd706e31ec85d966,dmz_tourism,187,화진포해수욕장,고성군,accessibility_unknown
dmz_tourism:bd706e31ec85d966,dmz_tourism,187,화진포해수욕장,고성군,image_license_not_verified
dmz_tourism:6bfd369bf98d83dd,dmz_tourism,188,㈜강원심층수,고성군,operations_unverified
dmz_tourism:6bfd369bf98d83dd,dmz_tourism,188,㈜강원심층수,고성군,reservation_unknown
dmz_tourism:6bfd369bf98d83dd,dmz_tourism,188,㈜강원심층수,고성군,id_check_unknown
dmz_tourism:6bfd369bf98d83dd,dmz_tourism,188,㈜강원심층수,고성군,accessibility_unknown
dmz_tourism:6bfd369bf98d83dd,dmz_tourism,188,㈜강원심층수,고성군,image_license_not_verified
dmz_tourism:8aa9c86a7434af49,dmz_tourism,221,포충사(철원),철원군,operations_unverified
dmz_tourism:8aa9c86a7434af49,dmz_tourism,221,포충사(철원),철원군,reservation_unknown
dmz_tourism:8aa9c86a7434af49,dmz_tourism,221,포충사(철원),철원군,id_check_unknown
dmz_tourism:8aa9c86a7434af49,dmz_tourism,221,포충사(철원),철원군,accessibility_unknown
dmz_tourism:8aa9c86a7434af49,dmz_tourism,221,포충사(철원),철원군,image_missing
dmz_tourism:8aa9c86a7434af49,dmz_tourism,221,포충사(철원),철원군,telephone_is_municipal_contact
dmz_tourism:f389d4ede260f701,dmz_tourism,225,광치계곡,양구군,operations_unverified
dmz_tourism:f389d4ede260f701,dmz_tourism,225,광치계곡,양구군,reservation_unknown
dmz_tourism:f389d4ede260f701,dmz_tourism,225,광치계곡,양구군,id_check_unknown
dmz_tourism:f389d4ede260f701,dmz_tourism,225,광치계곡,양구군,accessibility_unknown
dmz_tourism:f389d4ede260f701,dmz_tourism,225,광치계곡,양구군,image_license_not_verified
dmz_tourism:e99f304b119502dd,dmz_tourism,226,국토정중앙천문대,양구군,operations_unverified
dmz_tourism:e99f304b119502dd,dmz_tourism,226,국토정중앙천문대,양구군,reservation_unknown
dmz_tourism:e99f304b119502dd,dmz_tourism,226,국토정중앙천문대,양구군,id_check_unknown
dmz_tourism:e99f304b119502dd,dmz_tourism,226,국토정중앙천문대,양구군,accessibility_unknown
dmz_tourism:e99f304b119502dd,dmz_tourism,226,국토정중앙천문대,양구군,image_license_not_verified
dmz_tourism:225cef7b3eea8ce2,dmz_tourism,227,도솔산 해병대전투전적지,양구군,operations_unverified
dmz_tourism:225cef7b3eea8ce2,dmz_tourism,227,도솔산 해병대전투전적지,양구군,reservation_unknown
dmz_tourism:225cef7b3eea8ce2,dmz_tourism,227,도솔산 해병대전투전적지,양구군,id_check_unknown
dmz_tourism:225cef7b3eea8ce2,dmz_tourism,227,도솔산 해병대전투전적지,양구군,accessibility_unknown
dmz_tourism:225cef7b3eea8ce2,dmz_tourism,227,도솔산 해병대전투전적지,양구군,image_missing
dmz_tourism:225cef7b3eea8ce2,dmz_tourism,227,도솔산 해병대전투전적지,양구군,telephone_is_municipal_contact
dmz_tourism:8f2e047c89593080,dmz_tourism,228,두무리산촌생태마을,양구군,operations_unverified
dmz_tourism:8f2e047c89593080,dmz_tourism,228,두무리산촌생태마을,양구군,reservation_unknown
dmz_tourism:8f2e047c89593080,dmz_tourism,228,두무리산촌생태마을,양구군,id_check_unknown
dmz_tourism:8f2e047c89593080,dmz_tourism,228,두무리산촌생태마을,양구군,accessibility_unknown
dmz_tourism:8f2e047c89593080,dmz_tourism,228,두무리산촌생태마을,양구군,image_license_not_verified
dmz_tourism:c2c241f5d8540b96,dmz_tourism,229,두타연 (국가지질공원),양구군,operations_unverified
dmz_tourism:c2c241f5d8540b96,dmz_tourism,229,두타연 (국가지질공원),양구군,reservation_unknown
dmz_tourism:c2c241f5d8540b96,dmz_tourism,229,두타연 (국가지질공원),양구군,id_check_unknown
dmz_tourism:c2c241f5d8540b96,dmz_tourism,229,두타연 (국가지질공원),양구군,accessibility_unknown
dmz_tourism:c2c241f5d8540b96,dmz_tourism,229,두타연 (국가지질공원),양구군,image_license_not_verified
dmz_tourism:4f5d4939b14f9af5,dmz_tourism,230,두타연 평화누리길,양구군,operations_unverified
dmz_tourism:4f5d4939b14f9af5,dmz_tourism,230,두타연 평화누리길,양구군,reservation_unknown
dmz_tourism:4f5d4939b14f9af5,dmz_tourism,230,두타연 평화누리길,양구군,id_check_unknown
dmz_tourism:4f5d4939b14f9af5,dmz_tourism,230,두타연 평화누리길,양구군,accessibility_unknown
dmz_tourism:4f5d4939b14f9af5,dmz_tourism,230,두타연 평화누리길,양구군,telephone_is_municipal_contact
dmz_tourism:4f5d4939b14f9af5,dmz_tourism,230,두타연 평화누리길,양구군,image_license_not_verified
dmz_tourism:beecdcf9f88305ac,dmz_tourism,231,백석산지구 전투전적비,양구군,operations_unverified
dmz_tourism:beecdcf9f88305ac,dmz_tourism,231,백석산지구 전투전적비,양구군,reservation_unknown
dmz_tourism:beecdcf9f88305ac,dmz_tourism,231,백석산지구 전투전적비,양구군,id_check_unknown
dmz_tourism:beecdcf9f88305ac,dmz_tourism,231,백석산지구 전투전적비,양구군,accessibility_unknown
dmz_tourism:beecdcf9f88305ac,dmz_tourism,231,백석산지구 전투전적비,양구군,telephone_is_municipal_contact
dmz_tourism:beecdcf9f88305ac,dmz_tourism,231,백석산지구 전투전적비,양구군,image_license_not_verified
dmz_tourism:beecdcf9f88305ac,dmz_tourism,231,백석산지구 전투전적비,양구군,duplicate_title_county_review
dmz_tourism:f9796e311faaf8ec,dmz_tourism,232,비봉산(양구),양구군,operations_unverified
dmz_tourism:f9796e311faaf8ec,dmz_tourism,232,비봉산(양구),양구군,reservation_unknown
dmz_tourism:f9796e311faaf8ec,dmz_tourism,232,비봉산(양구),양구군,id_check_unknown
dmz_tourism:f9796e311faaf8ec,dmz_tourism,232,비봉산(양구),양구군,accessibility_unknown
dmz_tourism:f9796e311faaf8ec,dmz_tourism,232,비봉산(양구),양구군,image_missing
dmz_tourism:f9796e311faaf8ec,dmz_tourism,232,비봉산(양구),양구군,telephone_is_municipal_contact
dmz_tourism:71f3bac242bb39c4,dmz_tourism,233,사명산,양구군,operations_unverified
dmz_tourism:71f3bac242bb39c4,dmz_tourism,233,사명산,양구군,reservation_unknown
dmz_tourism:71f3bac242bb39c4,dmz_tourism,233,사명산,양구군,id_check_unknown
dmz_tourism:71f3bac242bb39c4,dmz_tourism,233,사명산,양구군,accessibility_unknown
dmz_tourism:71f3bac242bb39c4,dmz_tourism,233,사명산,양구군,telephone_is_municipal_contact
dmz_tourism:71f3bac242bb39c4,dmz_tourism,233,사명산,양구군,image_license_not_verified
dmz_tourism:456bddf6856a742f,dmz_tourism,234,산양증식복원센터,양구군,operations_unverified
dmz_tourism:456bddf6856a742f,dmz_tourism,234,산양증식복원센터,양구군,reservation_unknown
dmz_tourism:456bddf6856a742f,dmz_tourism,234,산양증식복원센터,양구군,id_check_unknown
dmz_tourism:456bddf6856a742f,dmz_tourism,234,산양증식복원센터,양구군,accessibility_unknown
dmz_tourism:456bddf6856a742f,dmz_tourism,234,산양증식복원센터,양구군,image_missing
dmz_tourism:fdf71b3e773aeb2a,dmz_tourism,235,소양호(양구),양구군,operations_unverified
dmz_tourism:fdf71b3e773aeb2a,dmz_tourism,235,소양호(양구),양구군,reservation_unknown
dmz_tourism:fdf71b3e773aeb2a,dmz_tourism,235,소양호(양구),양구군,id_check_unknown
dmz_tourism:fdf71b3e773aeb2a,dmz_tourism,235,소양호(양구),양구군,accessibility_unknown
dmz_tourism:fdf71b3e773aeb2a,dmz_tourism,235,소양호(양구),양구군,telephone_is_municipal_contact
dmz_tourism:fdf71b3e773aeb2a,dmz_tourism,235,소양호(양구),양구군,image_license_not_verified
dmz_tourism:55c8f3e2e2c0564b,dmz_tourism,236,소지섭길,양구군,operations_unverified
dmz_tourism:55c8f3e2e2c0564b,dmz_tourism,236,소지섭길,양구군,reservation_unknown
dmz_tourism:55c8f3e2e2c0564b,dmz_tourism,236,소지섭길,양구군,id_check_unknown
dmz_tourism:55c8f3e2e2c0564b,dmz_tourism,236,소지섭길,양구군,accessibility_unknown
dmz_tourism:55c8f3e2e2c0564b,dmz_tourism,236,소지섭길,양구군,telephone_is_municipal_contact
dmz_tourism:55c8f3e2e2c0564b,dmz_tourism,236,소지섭길,양구군,image_license_not_verified
dmz_tourism:2908d0c210e7f5ae,dmz_tourism,237,수입천(하천),양구군,operations_unverified
dmz_tourism:2908d0c210e7f5ae,dmz_tourism,237,수입천(하천),양구군,reservation_unknown
dmz_tourism:2908d0c210e7f5ae,dmz_tourism,237,수입천(하천),양구군,id_check_unknown
dmz_tourism:2908d0c210e7f5ae,dmz_tourism,237,수입천(하천),양구군,accessibility_unknown
dmz_tourism:2908d0c210e7f5ae,dmz_tourism,237,수입천(하천),양구군,telephone_is_municipal_contact
dmz_tourism:2908d0c210e7f5ae,dmz_tourism,237,수입천(하천),양구군,image_license_not_verified
dmz_tourism:31970e8441c9c4bb,dmz_tourism,238,양구 국토정중앙배꼽마을,양구군,operations_unverified
dmz_tourism:31970e8441c9c4bb,dmz_tourism,238,양구 국토정중앙배꼽마을,양구군,reservation_unknown
dmz_tourism:31970e8441c9c4bb,dmz_tourism,238,양구 국토정중앙배꼽마을,양구군,id_check_unknown
dmz_tourism:31970e8441c9c4bb,dmz_tourism,238,양구 국토정중앙배꼽마을,양구군,accessibility_unknown
dmz_tourism:31970e8441c9c4bb,dmz_tourism,238,양구 국토정중앙배꼽마을,양구군,image_license_not_verified
dmz_tourism:122a5b5e7a82c812,dmz_tourism,239,양구 수목원,양구군,operations_unverified
dmz_tourism:122a5b5e7a82c812,dmz_tourism,239,양구 수목원,양구군,reservation_unknown
dmz_tourism:122a5b5e7a82c812,dmz_tourism,239,양구 수목원,양구군,id_check_unknown
dmz_tourism:122a5b5e7a82c812,dmz_tourism,239,양구 수목원,양구군,accessibility_unknown
dmz_tourism:122a5b5e7a82c812,dmz_tourism,239,양구 수목원,양구군,image_missing
dmz_tourism:83ff1ea4cde57113,dmz_tourism,240,양구 펀치볼마을,양구군,operations_unverified
dmz_tourism:83ff1ea4cde57113,dmz_tourism,240,양구 펀치볼마을,양구군,reservation_unknown
dmz_tourism:83ff1ea4cde57113,dmz_tourism,240,양구 펀치볼마을,양구군,id_check_unknown
dmz_tourism:83ff1ea4cde57113,dmz_tourism,240,양구 펀치볼마을,양구군,accessibility_unknown
dmz_tourism:83ff1ea4cde57113,dmz_tourism,240,양구 펀치볼마을,양구군,image_license_not_verified
dmz_tourism:80d1b29307d47bc1,dmz_tourism,241,양구 해시계,양구군,operations_unverified
dmz_tourism:80d1b29307d47bc1,dmz_tourism,241,양구 해시계,양구군,reservation_unknown
dmz_tourism:80d1b29307d47bc1,dmz_tourism,241,양구 해시계,양구군,id_check_unknown
dmz_tourism:80d1b29307d47bc1,dmz_tourism,241,양구 해시계,양구군,accessibility_unknown
dmz_tourism:80d1b29307d47bc1,dmz_tourism,241,양구 해시계,양구군,telephone_is_municipal_contact
dmz_tourism:80d1b29307d47bc1,dmz_tourism,241,양구 해시계,양구군,image_license_not_verified
dmz_tourism:ec81366ef0f82ff0,dmz_tourism,242,양구군민공원,양구군,operations_unverified
dmz_tourism:ec81366ef0f82ff0,dmz_tourism,242,양구군민공원,양구군,reservation_unknown
dmz_tourism:ec81366ef0f82ff0,dmz_tourism,242,양구군민공원,양구군,id_check_unknown
dmz_tourism:ec81366ef0f82ff0,dmz_tourism,242,양구군민공원,양구군,accessibility_unknown
dmz_tourism:ec81366ef0f82ff0,dmz_tourism,242,양구군민공원,양구군,image_license_not_verified
dmz_tourism:728eea0086d5ce3b,dmz_tourism,243,양구근현대사박물관,양구군,operations_unverified
dmz_tourism:728eea0086d5ce3b,dmz_tourism,243,양구근현대사박물관,양구군,reservation_unknown
dmz_tourism:728eea0086d5ce3b,dmz_tourism,243,양구근현대사박물관,양구군,id_check_unknown
dmz_tourism:728eea0086d5ce3b,dmz_tourism,243,양구근현대사박물관,양구군,accessibility_unknown
dmz_tourism:728eea0086d5ce3b,dmz_tourism,243,양구근현대사박물관,양구군,image_license_not_verified
dmz_tourism:5f27723203585602,dmz_tourism,244,양구꽃섬,양구군,operations_unverified
dmz_tourism:5f27723203585602,dmz_tourism,244,양구꽃섬,양구군,reservation_unknown
dmz_tourism:5f27723203585602,dmz_tourism,244,양구꽃섬,양구군,id_check_unknown
dmz_tourism:5f27723203585602,dmz_tourism,244,양구꽃섬,양구군,accessibility_unknown
dmz_tourism:5f27723203585602,dmz_tourism,244,양구꽃섬,양구군,image_license_not_verified
dmz_tourism:38b850e1b69f28df,dmz_tourism,245,양구돌산령지게놀이 전수관,양구군,operations_unverified
dmz_tourism:38b850e1b69f28df,dmz_tourism,245,양구돌산령지게놀이 전수관,양구군,reservation_unknown
dmz_tourism:38b850e1b69f28df,dmz_tourism,245,양구돌산령지게놀이 전수관,양구군,id_check_unknown
dmz_tourism:38b850e1b69f28df,dmz_tourism,245,양구돌산령지게놀이 전수관,양구군,accessibility_unknown
dmz_tourism:38b850e1b69f28df,dmz_tourism,245,양구돌산령지게놀이 전수관,양구군,telephone_is_municipal_contact
dmz_tourism:38b850e1b69f28df,dmz_tourism,245,양구돌산령지게놀이 전수관,양구군,image_license_not_verified
dmz_tourism:27686c5aab909639,dmz_tourism,246,양구백토,양구군,operations_unverified
dmz_tourism:27686c5aab909639,dmz_tourism,246,양구백토,양구군,reservation_unknown
dmz_tourism:27686c5aab909639,dmz_tourism,246,양구백토,양구군,id_check_unknown
dmz_tourism:27686c5aab909639,dmz_tourism,246,양구백토,양구군,accessibility_unknown
dmz_tourism:27686c5aab909639,dmz_tourism,246,양구백토,양구군,image_license_not_verified
dmz_tourism:1fdf36d609fc8202,dmz_tourism,247,양구향교,양구군,operations_unverified
dmz_tourism:1fdf36d609fc8202,dmz_tourism,247,양구향교,양구군,reservation_unknown
dmz_tourism:1fdf36d609fc8202,dmz_tourism,247,양구향교,양구군,id_check_unknown
dmz_tourism:1fdf36d609fc8202,dmz_tourism,247,양구향교,양구군,accessibility_unknown
dmz_tourism:1fdf36d609fc8202,dmz_tourism,247,양구향교,양구군,telephone_is_municipal_contact
dmz_tourism:1fdf36d609fc8202,dmz_tourism,247,양구향교,양구군,image_license_not_verified
dmz_tourism:16eab23c6dc39a1e,dmz_tourism,248,오미마을,양구군,operations_unverified
dmz_tourism:16eab23c6dc39a1e,dmz_tourism,248,오미마을,양구군,reservation_unknown
dmz_tourism:16eab23c6dc39a1e,dmz_tourism,248,오미마을,양구군,id_check_unknown
dmz_tourism:16eab23c6dc39a1e,dmz_tourism,248,오미마을,양구군,accessibility_unknown
dmz_tourism:16eab23c6dc39a1e,dmz_tourism,248,오미마을,양구군,image_license_not_verified
dmz_tourism:83c661a1ac299b9b,dmz_tourism,249,용머리 공원,양구군,operations_unverified
dmz_tourism:83c661a1ac299b9b,dmz_tourism,249,용머리 공원,양구군,reservation_unknown
dmz_tourism:83c661a1ac299b9b,dmz_tourism,249,용머리 공원,양구군,id_check_unknown
dmz_tourism:83c661a1ac299b9b,dmz_tourism,249,용머리 공원,양구군,accessibility_unknown
dmz_tourism:83c661a1ac299b9b,dmz_tourism,249,용머리 공원,양구군,image_missing
dmz_tourism:83c661a1ac299b9b,dmz_tourism,249,용머리 공원,양구군,telephone_is_municipal_contact
dmz_tourism:b936a782f12731b3,dmz_tourism,250,을지전망대,양구군,operations_unverified
dmz_tourism:b936a782f12731b3,dmz_tourism,250,을지전망대,양구군,reservation_unknown
dmz_tourism:b936a782f12731b3,dmz_tourism,250,을지전망대,양구군,id_check_unknown
dmz_tourism:b936a782f12731b3,dmz_tourism,250,을지전망대,양구군,accessibility_unknown
dmz_tourism:b936a782f12731b3,dmz_tourism,250,을지전망대,양구군,telephone_is_municipal_contact
dmz_tourism:b936a782f12731b3,dmz_tourism,250,을지전망대,양구군,image_license_not_verified
dmz_tourism:425381dc4d45d99f,dmz_tourism,251,전기필불망비,양구군,operations_unverified
dmz_tourism:425381dc4d45d99f,dmz_tourism,251,전기필불망비,양구군,reservation_unknown
dmz_tourism:425381dc4d45d99f,dmz_tourism,251,전기필불망비,양구군,id_check_unknown
dmz_tourism:425381dc4d45d99f,dmz_tourism,251,전기필불망비,양구군,accessibility_unknown
dmz_tourism:425381dc4d45d99f,dmz_tourism,251,전기필불망비,양구군,telephone_is_municipal_contact
dmz_tourism:425381dc4d45d99f,dmz_tourism,251,전기필불망비,양구군,image_license_not_verified
dmz_tourism:cc0ad26b940784f7,dmz_tourism,252,제4땅굴,양구군,operations_unverified
dmz_tourism:cc0ad26b940784f7,dmz_tourism,252,제4땅굴,양구군,reservation_unknown
dmz_tourism:cc0ad26b940784f7,dmz_tourism,252,제4땅굴,양구군,id_check_unknown
dmz_tourism:cc0ad26b940784f7,dmz_tourism,252,제4땅굴,양구군,accessibility_unknown
dmz_tourism:cc0ad26b940784f7,dmz_tourism,252,제4땅굴,양구군,image_missing
dmz_tourism:cc0ad26b940784f7,dmz_tourism,252,제4땅굴,양구군,telephone_is_municipal_contact
dmz_tourism:9b159145cfcd16a5,dmz_tourism,253,직연폭포,양구군,operations_unverified
dmz_tourism:9b159145cfcd16a5,dmz_tourism,253,직연폭포,양구군,reservation_unknown
dmz_tourism:9b159145cfcd16a5,dmz_tourism,253,직연폭포,양구군,id_check_unknown
dmz_tourism:9b159145cfcd16a5,dmz_tourism,253,직연폭포,양구군,accessibility_unknown
dmz_tourism:9b159145cfcd16a5,dmz_tourism,253,직연폭포,양구군,image_missing
dmz_tourism:e3b3d2195f1f5bd3,dmz_tourism,254,청춘양구레포츠공원,양구군,operations_unverified
dmz_tourism:e3b3d2195f1f5bd3,dmz_tourism,254,청춘양구레포츠공원,양구군,reservation_unknown
dmz_tourism:e3b3d2195f1f5bd3,dmz_tourism,254,청춘양구레포츠공원,양구군,id_check_unknown
dmz_tourism:e3b3d2195f1f5bd3,dmz_tourism,254,청춘양구레포츠공원,양구군,accessibility_unknown
dmz_tourism:e3b3d2195f1f5bd3,dmz_tourism,254,청춘양구레포츠공원,양구군,image_missing
dmz_tourism:e26d7cf49a280446,dmz_tourism,255,파로호(양구),양구군,operations_unverified
dmz_tourism:e26d7cf49a280446,dmz_tourism,255,파로호(양구),양구군,reservation_unknown
dmz_tourism:e26d7cf49a280446,dmz_tourism,255,파로호(양구),양구군,id_check_unknown
dmz_tourism:e26d7cf49a280446,dmz_tourism,255,파로호(양구),양구군,accessibility_unknown
dmz_tourism:e26d7cf49a280446,dmz_tourism,255,파로호(양구),양구군,telephone_is_municipal_contact
dmz_tourism:e26d7cf49a280446,dmz_tourism,255,파로호(양구),양구군,image_license_not_verified
dmz_tourism:37e1f750db81ba1f,dmz_tourism,256,파서탕,양구군,operations_unverified
dmz_tourism:37e1f750db81ba1f,dmz_tourism,256,파서탕,양구군,reservation_unknown
dmz_tourism:37e1f750db81ba1f,dmz_tourism,256,파서탕,양구군,id_check_unknown
dmz_tourism:37e1f750db81ba1f,dmz_tourism,256,파서탕,양구군,accessibility_unknown
dmz_tourism:37e1f750db81ba1f,dmz_tourism,256,파서탕,양구군,telephone_is_municipal_contact
dmz_tourism:37e1f750db81ba1f,dmz_tourism,256,파서탕,양구군,image_license_not_verified
dmz_tourism:eea044ac29cf1d8e,dmz_tourism,257,팔효자각,양구군,operations_unverified
dmz_tourism:eea044ac29cf1d8e,dmz_tourism,257,팔효자각,양구군,reservation_unknown
dmz_tourism:eea044ac29cf1d8e,dmz_tourism,257,팔효자각,양구군,id_check_unknown
dmz_tourism:eea044ac29cf1d8e,dmz_tourism,257,팔효자각,양구군,accessibility_unknown
dmz_tourism:eea044ac29cf1d8e,dmz_tourism,257,팔효자각,양구군,telephone_is_municipal_contact
dmz_tourism:eea044ac29cf1d8e,dmz_tourism,257,팔효자각,양구군,image_license_not_verified
dmz_tourism:48f24167953f32b2,dmz_tourism,258,펀치볼지구전투전적비,양구군,operations_unverified
dmz_tourism:48f24167953f32b2,dmz_tourism,258,펀치볼지구전투전적비,양구군,reservation_unknown
dmz_tourism:48f24167953f32b2,dmz_tourism,258,펀치볼지구전투전적비,양구군,id_check_unknown
dmz_tourism:48f24167953f32b2,dmz_tourism,258,펀치볼지구전투전적비,양구군,accessibility_unknown
dmz_tourism:48f24167953f32b2,dmz_tourism,258,펀치볼지구전투전적비,양구군,image_missing
dmz_tourism:48f24167953f32b2,dmz_tourism,258,펀치볼지구전투전적비,양구군,telephone_is_municipal_contact
dmz_tourism:48f24167953f32b2,dmz_tourism,258,펀치볼지구전투전적비,양구군,duplicate_title_county_review
dmz_tourism:71cc216eb835930c,dmz_tourism,259,피의능선전투전적비,양구군,operations_unverified
dmz_tourism:71cc216eb835930c,dmz_tourism,259,피의능선전투전적비,양구군,reservation_unknown
dmz_tourism:71cc216eb835930c,dmz_tourism,259,피의능선전투전적비,양구군,id_check_unknown
dmz_tourism:71cc216eb835930c,dmz_tourism,259,피의능선전투전적비,양구군,accessibility_unknown
dmz_tourism:71cc216eb835930c,dmz_tourism,259,피의능선전투전적비,양구군,image_missing
dmz_tourism:71cc216eb835930c,dmz_tourism,259,피의능선전투전적비,양구군,telephone_is_municipal_contact
dmz_tourism:71cc216eb835930c,dmz_tourism,259,피의능선전투전적비,양구군,duplicate_title_county_review
dmz_tourism:e0592ddfffec0a64,dmz_tourism,260,필리핀군 전투전적비,양구군,operations_unverified
dmz_tourism:e0592ddfffec0a64,dmz_tourism,260,필리핀군 전투전적비,양구군,reservation_unknown
dmz_tourism:e0592ddfffec0a64,dmz_tourism,260,필리핀군 전투전적비,양구군,id_check_unknown
dmz_tourism:e0592ddfffec0a64,dmz_tourism,260,필리핀군 전투전적비,양구군,accessibility_unknown
dmz_tourism:e0592ddfffec0a64,dmz_tourism,260,필리핀군 전투전적비,양구군,telephone_is_municipal_contact
dmz_tourism:e0592ddfffec0a64,dmz_tourism,260,필리핀군 전투전적비,양구군,image_license_not_verified
dmz_tourism:fa0e8d84e4264635,dmz_tourism,261,한반도섬,양구군,operations_unverified
dmz_tourism:fa0e8d84e4264635,dmz_tourism,261,한반도섬,양구군,reservation_unknown
dmz_tourism:fa0e8d84e4264635,dmz_tourism,261,한반도섬,양구군,id_check_unknown
dmz_tourism:fa0e8d84e4264635,dmz_tourism,261,한반도섬,양구군,accessibility_unknown
dmz_tourism:fa0e8d84e4264635,dmz_tourism,261,한반도섬,양구군,image_missing
dmz_tourism:8a9481a87723b2d6,dmz_tourism,262,한반도섬 자연습지,양구군,operations_unverified
dmz_tourism:8a9481a87723b2d6,dmz_tourism,262,한반도섬 자연습지,양구군,reservation_unknown
dmz_tourism:8a9481a87723b2d6,dmz_tourism,262,한반도섬 자연습지,양구군,id_check_unknown
dmz_tourism:8a9481a87723b2d6,dmz_tourism,262,한반도섬 자연습지,양구군,accessibility_unknown
dmz_tourism:8a9481a87723b2d6,dmz_tourism,262,한반도섬 자연습지,양구군,image_missing
dmz_tourism:f95974720c622da1,dmz_tourism,263,한반도섬전망대,양구군,operations_unverified
dmz_tourism:f95974720c622da1,dmz_tourism,263,한반도섬전망대,양구군,reservation_unknown
dmz_tourism:f95974720c622da1,dmz_tourism,263,한반도섬전망대,양구군,id_check_unknown
dmz_tourism:f95974720c622da1,dmz_tourism,263,한반도섬전망대,양구군,accessibility_unknown
dmz_tourism:f95974720c622da1,dmz_tourism,263,한반도섬전망대,양구군,image_missing
dmz_tourism:7b4a90c0c77500f2,dmz_tourism,264,해안분지 (국가지질공원),양구군,operations_unverified
dmz_tourism:7b4a90c0c77500f2,dmz_tourism,264,해안분지 (국가지질공원),양구군,reservation_unknown
dmz_tourism:7b4a90c0c77500f2,dmz_tourism,264,해안분지 (국가지질공원),양구군,id_check_unknown
dmz_tourism:7b4a90c0c77500f2,dmz_tourism,264,해안분지 (국가지질공원),양구군,accessibility_unknown
dmz_tourism:7b4a90c0c77500f2,dmz_tourism,264,해안분지 (국가지질공원),양구군,telephone_is_municipal_contact
dmz_tourism:7b4a90c0c77500f2,dmz_tourism,264,해안분지 (국가지질공원),양구군,image_license_not_verified
dmz_tourism:b45e03c23f615a30,dmz_tourism,265,후곡약수터,양구군,operations_unverified
dmz_tourism:b45e03c23f615a30,dmz_tourism,265,후곡약수터,양구군,reservation_unknown
dmz_tourism:b45e03c23f615a30,dmz_tourism,265,후곡약수터,양구군,id_check_unknown
dmz_tourism:b45e03c23f615a30,dmz_tourism,265,후곡약수터,양구군,accessibility_unknown
dmz_tourism:b45e03c23f615a30,dmz_tourism,265,후곡약수터,양구군,telephone_is_municipal_contact
dmz_tourism:b45e03c23f615a30,dmz_tourism,265,후곡약수터,양구군,image_license_not_verified
dmz_tourism:fca12b8f07c1392c,dmz_tourism,266,DMZ산림두드림센터,양구군,operations_unverified
dmz_tourism:fca12b8f07c1392c,dmz_tourism,266,DMZ산림두드림센터,양구군,reservation_unknown
dmz_tourism:fca12b8f07c1392c,dmz_tourism,266,DMZ산림두드림센터,양구군,id_check_unknown
dmz_tourism:fca12b8f07c1392c,dmz_tourism,266,DMZ산림두드림센터,양구군,accessibility_unknown
dmz_tourism:fca12b8f07c1392c,dmz_tourism,266,DMZ산림두드림센터,양구군,image_missing
dmz_tourism:002e07347c12afa5,dmz_tourism,267,DMZ펀치볼둘레길,양구군,operations_unverified
dmz_tourism:002e07347c12afa5,dmz_tourism,267,DMZ펀치볼둘레길,양구군,reservation_unknown
dmz_tourism:002e07347c12afa5,dmz_tourism,267,DMZ펀치볼둘레길,양구군,id_check_unknown
dmz_tourism:002e07347c12afa5,dmz_tourism,267,DMZ펀치볼둘레길,양구군,accessibility_unknown
dmz_tourism:002e07347c12afa5,dmz_tourism,267,DMZ펀치볼둘레길,양구군,image_license_not_verified
dmz_tourism:b7dbbf0354ad7f72,dmz_tourism,269,동아실계곡,인제군,operations_unverified
dmz_tourism:b7dbbf0354ad7f72,dmz_tourism,269,동아실계곡,인제군,reservation_unknown
dmz_tourism:b7dbbf0354ad7f72,dmz_tourism,269,동아실계곡,인제군,id_check_unknown
dmz_tourism:b7dbbf0354ad7f72,dmz_tourism,269,동아실계곡,인제군,accessibility_unknown
dmz_tourism:b7dbbf0354ad7f72,dmz_tourism,269,동아실계곡,인제군,image_missing
dmz_tourism:b7dbbf0354ad7f72,dmz_tourism,269,동아실계곡,인제군,telephone_is_municipal_contact
dmz_tourism:12dca666455dd332,dmz_tourism,288,리빙스턴교,인제군,operations_unverified
dmz_tourism:12dca666455dd332,dmz_tourism,288,리빙스턴교,인제군,reservation_unknown
dmz_tourism:12dca666455dd332,dmz_tourism,288,리빙스턴교,인제군,id_check_unknown
dmz_tourism:12dca666455dd332,dmz_tourism,288,리빙스턴교,인제군,accessibility_unknown
dmz_tourism:12dca666455dd332,dmz_tourism,288,리빙스턴교,인제군,image_missing
dmz_tourism:12dca666455dd332,dmz_tourism,288,리빙스턴교,인제군,telephone_is_municipal_contact
dmz_tourism:72e8aca4b91a5c6d,dmz_tourism,318,가야동계곡,인제군,operations_unverified
dmz_tourism:72e8aca4b91a5c6d,dmz_tourism,318,가야동계곡,인제군,reservation_unknown
dmz_tourism:72e8aca4b91a5c6d,dmz_tourism,318,가야동계곡,인제군,id_check_unknown
dmz_tourism:72e8aca4b91a5c6d,dmz_tourism,318,가야동계곡,인제군,accessibility_unknown
dmz_tourism:72e8aca4b91a5c6d,dmz_tourism,318,가야동계곡,인제군,image_missing
dmz_tourism:72e8aca4b91a5c6d,dmz_tourism,318,가야동계곡,인제군,telephone_is_municipal_contact
dmz_tourism:385420be801ccd16,dmz_tourism,319,가족올래 하추리마을,인제군,operations_unverified
dmz_tourism:385420be801ccd16,dmz_tourism,319,가족올래 하추리마을,인제군,reservation_unknown
dmz_tourism:385420be801ccd16,dmz_tourism,319,가족올래 하추리마을,인제군,id_check_unknown
dmz_tourism:385420be801ccd16,dmz_tourism,319,가족올래 하추리마을,인제군,accessibility_unknown
dmz_tourism:385420be801ccd16,dmz_tourism,319,가족올래 하추리마을,인제군,image_license_not_verified
dmz_tourism:6defe64a4cb89189,dmz_tourism,320,고로쇠마을(미산마을),인제군,operations_unverified
dmz_tourism:6defe64a4cb89189,dmz_tourism,320,고로쇠마을(미산마을),인제군,reservation_unknown
dmz_tourism:6defe64a4cb89189,dmz_tourism,320,고로쇠마을(미산마을),인제군,id_check_unknown
dmz_tourism:6defe64a4cb89189,dmz_tourism,320,고로쇠마을(미산마을),인제군,accessibility_unknown
dmz_tourism:6defe64a4cb89189,dmz_tourism,320,고로쇠마을(미산마을),인제군,image_license_not_verified
dmz_tourism:4f6bbe87e3687bf0,dmz_tourism,321,고원통계곡,인제군,operations_unverified
dmz_tourism:4f6bbe87e3687bf0,dmz_tourism,321,고원통계곡,인제군,reservation_unknown
dmz_tourism:4f6bbe87e3687bf0,dmz_tourism,321,고원통계곡,인제군,id_check_unknown
dmz_tourism:4f6bbe87e3687bf0,dmz_tourism,321,고원통계곡,인제군,accessibility_unknown
dmz_tourism:4f6bbe87e3687bf0,dmz_tourism,321,고원통계곡,인제군,telephone_is_municipal_contact
dmz_tourism:4f6bbe87e3687bf0,dmz_tourism,321,고원통계곡,인제군,image_license_not_verified
dmz_tourism:2350e66d9214b3fe,dmz_tourism,322,광주동솔밭,인제군,operations_unverified
dmz_tourism:2350e66d9214b3fe,dmz_tourism,322,광주동솔밭,인제군,reservation_unknown
dmz_tourism:2350e66d9214b3fe,dmz_tourism,322,광주동솔밭,인제군,id_check_unknown
dmz_tourism:2350e66d9214b3fe,dmz_tourism,322,광주동솔밭,인제군,accessibility_unknown
dmz_tourism:2350e66d9214b3fe,dmz_tourism,322,광주동솔밭,인제군,telephone_is_municipal_contact
dmz_tourism:2350e66d9214b3fe,dmz_tourism,322,광주동솔밭,인제군,image_license_not_verified
dmz_tourism:871265b04333f093,dmz_tourism,323,구만동계곡,인제군,operations_unverified
dmz_tourism:871265b04333f093,dmz_tourism,323,구만동계곡,인제군,reservation_unknown
dmz_tourism:871265b04333f093,dmz_tourism,323,구만동계곡,인제군,id_check_unknown
dmz_tourism:871265b04333f093,dmz_tourism,323,구만동계곡,인제군,accessibility_unknown
dmz_tourism:871265b04333f093,dmz_tourism,323,구만동계곡,인제군,image_missing
dmz_tourism:871265b04333f093,dmz_tourism,323,구만동계곡,인제군,telephone_is_municipal_contact
dmz_tourism:e678d17a106489a6,dmz_tourism,324,기린성당,인제군,operations_unverified
dmz_tourism:e678d17a106489a6,dmz_tourism,324,기린성당,인제군,reservation_unknown
dmz_tourism:e678d17a106489a6,dmz_tourism,324,기린성당,인제군,id_check_unknown
dmz_tourism:e678d17a106489a6,dmz_tourism,324,기린성당,인제군,accessibility_unknown
dmz_tourism:e678d17a106489a6,dmz_tourism,324,기린성당,인제군,image_missing
dmz_tourism:8e25077fbb420255,dmz_tourism,325,남전약수,인제군,operations_unverified
dmz_tourism:8e25077fbb420255,dmz_tourism,325,남전약수,인제군,reservation_unknown
dmz_tourism:8e25077fbb420255,dmz_tourism,325,남전약수,인제군,id_check_unknown
dmz_tourism:8e25077fbb420255,dmz_tourism,325,남전약수,인제군,accessibility_unknown
dmz_tourism:8e25077fbb420255,dmz_tourism,325,남전약수,인제군,telephone_is_municipal_contact
dmz_tourism:8e25077fbb420255,dmz_tourism,325,남전약수,인제군,image_license_not_verified
dmz_tourism:e4b1db397bf52915,dmz_tourism,326,내린천 포트홀,인제군,operations_unverified
dmz_tourism:e4b1db397bf52915,dmz_tourism,326,내린천 포트홀,인제군,reservation_unknown
dmz_tourism:e4b1db397bf52915,dmz_tourism,326,내린천 포트홀,인제군,id_check_unknown
dmz_tourism:e4b1db397bf52915,dmz_tourism,326,내린천 포트홀,인제군,accessibility_unknown
dmz_tourism:e4b1db397bf52915,dmz_tourism,326,내린천 포트홀,인제군,telephone_is_municipal_contact
dmz_tourism:e4b1db397bf52915,dmz_tourism,326,내린천 포트홀,인제군,image_license_not_verified
dmz_tourism:038c870765f3490e,dmz_tourism,327,내심적계곡,인제군,operations_unverified
dmz_tourism:038c870765f3490e,dmz_tourism,327,내심적계곡,인제군,reservation_unknown
dmz_tourism:038c870765f3490e,dmz_tourism,327,내심적계곡,인제군,id_check_unknown
dmz_tourism:038c870765f3490e,dmz_tourism,327,내심적계곡,인제군,accessibility_unknown
dmz_tourism:038c870765f3490e,dmz_tourism,327,내심적계곡,인제군,telephone_is_municipal_contact
dmz_tourism:038c870765f3490e,dmz_tourism,327,내심적계곡,인제군,image_license_not_verified
dmz_tourism:d881a71ec8fd177c,dmz_tourism,328,대승령과 대승폭포,인제군,operations_unverified
dmz_tourism:d881a71ec8fd177c,dmz_tourism,328,대승령과 대승폭포,인제군,reservation_unknown
dmz_tourism:d881a71ec8fd177c,dmz_tourism,328,대승령과 대승폭포,인제군,id_check_unknown
dmz_tourism:d881a71ec8fd177c,dmz_tourism,328,대승령과 대승폭포,인제군,accessibility_unknown
dmz_tourism:d881a71ec8fd177c,dmz_tourism,328,대승령과 대승폭포,인제군,image_license_not_verified
dmz_tourism:55ed9372e3d7e646,dmz_tourism,329,대암산 용늪,인제군,operations_unverified
dmz_tourism:55ed9372e3d7e646,dmz_tourism,329,대암산 용늪,인제군,reservation_unknown
dmz_tourism:55ed9372e3d7e646,dmz_tourism,329,대암산 용늪,인제군,id_check_unknown
dmz_tourism:55ed9372e3d7e646,dmz_tourism,329,대암산 용늪,인제군,accessibility_unknown
dmz_tourism:55ed9372e3d7e646,dmz_tourism,329,대암산 용늪,인제군,image_missing
dmz_tourism:a94a62c74319d22a,dmz_tourism,330,만해마을,인제군,operations_unverified
dmz_tourism:a94a62c74319d22a,dmz_tourism,330,만해마을,인제군,reservation_unknown
dmz_tourism:a94a62c74319d22a,dmz_tourism,330,만해마을,인제군,id_check_unknown
dmz_tourism:a94a62c74319d22a,dmz_tourism,330,만해마을,인제군,accessibility_unknown
dmz_tourism:a94a62c74319d22a,dmz_tourism,330,만해마을,인제군,image_license_not_verified
dmz_tourism:4f2f4172da51bac5,dmz_tourism,331,방동계곡,인제군,operations_unverified
dmz_tourism:4f2f4172da51bac5,dmz_tourism,331,방동계곡,인제군,reservation_unknown
dmz_tourism:4f2f4172da51bac5,dmz_tourism,331,방동계곡,인제군,id_check_unknown
dmz_tourism:4f2f4172da51bac5,dmz_tourism,331,방동계곡,인제군,accessibility_unknown
dmz_tourism:4f2f4172da51bac5,dmz_tourism,331,방동계곡,인제군,telephone_is_municipal_contact
dmz_tourism:4f2f4172da51bac5,dmz_tourism,331,방동계곡,인제군,image_license_not_verified
dmz_tourism:c9a5c64a345d6b29,dmz_tourism,332,방동약수,인제군,operations_unverified
dmz_tourism:c9a5c64a345d6b29,dmz_tourism,332,방동약수,인제군,reservation_unknown
dmz_tourism:c9a5c64a345d6b29,dmz_tourism,332,방동약수,인제군,id_check_unknown
dmz_tourism:c9a5c64a345d6b29,dmz_tourism,332,방동약수,인제군,accessibility_unknown
dmz_tourism:c9a5c64a345d6b29,dmz_tourism,332,방동약수,인제군,telephone_is_municipal_contact
dmz_tourism:c9a5c64a345d6b29,dmz_tourism,332,방동약수,인제군,image_license_not_verified
dmz_tourism:5d064e1359df6f97,dmz_tourism,333,방태산,인제군,operations_unverified
dmz_tourism:5d064e1359df6f97,dmz_tourism,333,방태산,인제군,reservation_unknown
dmz_tourism:5d064e1359df6f97,dmz_tourism,333,방태산,인제군,id_check_unknown
dmz_tourism:5d064e1359df6f97,dmz_tourism,333,방태산,인제군,accessibility_unknown
dmz_tourism:5d064e1359df6f97,dmz_tourism,333,방태산,인제군,image_license_not_verified
dmz_tourism:e670d8268fab471c,dmz_tourism,334,백골병단전적비,인제군,operations_unverified
dmz_tourism:e670d8268fab471c,dmz_tourism,334,백골병단전적비,인제군,reservation_unknown
dmz_tourism:e670d8268fab471c,dmz_tourism,334,백골병단전적비,인제군,id_check_unknown
dmz_tourism:e670d8268fab471c,dmz_tourism,334,백골병단전적비,인제군,accessibility_unknown
dmz_tourism:e670d8268fab471c,dmz_tourism,334,백골병단전적비,인제군,image_missing
dmz_tourism:e670d8268fab471c,dmz_tourism,334,백골병단전적비,인제군,telephone_is_municipal_contact
dmz_tourism:e670d8268fab471c,dmz_tourism,334,백골병단전적비,인제군,duplicate_title_county_review
dmz_tourism:2593a776933a6596,dmz_tourism,335,백담계곡,인제군,operations_unverified
dmz_tourism:2593a776933a6596,dmz_tourism,335,백담계곡,인제군,reservation_unknown
dmz_tourism:2593a776933a6596,dmz_tourism,335,백담계곡,인제군,id_check_unknown
dmz_tourism:2593a776933a6596,dmz_tourism,335,백담계곡,인제군,accessibility_unknown
dmz_tourism:2593a776933a6596,dmz_tourism,335,백담계곡,인제군,telephone_is_municipal_contact
dmz_tourism:2593a776933a6596,dmz_tourism,335,백담계곡,인제군,image_license_not_verified
dmz_tourism:a150ac26d50caa48,dmz_tourism,336,백담마을,인제군,operations_unverified
dmz_tourism:a150ac26d50caa48,dmz_tourism,336,백담마을,인제군,reservation_unknown
dmz_tourism:a150ac26d50caa48,dmz_tourism,336,백담마을,인제군,id_check_unknown
dmz_tourism:a150ac26d50caa48,dmz_tourism,336,백담마을,인제군,accessibility_unknown
dmz_tourism:a150ac26d50caa48,dmz_tourism,336,백담마을,인제군,image_license_not_verified
dmz_tourism:6a0ffe5a09486519,dmz_tourism,337,백담사,인제군,operations_unverified
dmz_tourism:6a0ffe5a09486519,dmz_tourism,337,백담사,인제군,reservation_unknown
dmz_tourism:6a0ffe5a09486519,dmz_tourism,337,백담사,인제군,id_check_unknown
dmz_tourism:6a0ffe5a09486519,dmz_tourism,337,백담사,인제군,accessibility_unknown
dmz_tourism:6a0ffe5a09486519,dmz_tourism,337,백담사,인제군,image_license_not_verified
dmz_tourism:d3ae32da900bde27,dmz_tourism,338,백운동계곡(설악산),인제군,operations_unverified
dmz_tourism:d3ae32da900bde27,dmz_tourism,338,백운동계곡(설악산),인제군,reservation_unknown
dmz_tourism:d3ae32da900bde27,dmz_tourism,338,백운동계곡(설악산),인제군,id_check_unknown
dmz_tourism:d3ae32da900bde27,dmz_tourism,338,백운동계곡(설악산),인제군,accessibility_unknown
dmz_tourism:d3ae32da900bde27,dmz_tourism,338,백운동계곡(설악산),인제군,image_missing
dmz_tourism:e0bdb67d19de73a9,dmz_tourism,339,봉정암(인제),인제군,operations_unverified
dmz_tourism:e0bdb67d19de73a9,dmz_tourism,339,봉정암(인제),인제군,reservation_unknown
dmz_tourism:e0bdb67d19de73a9,dmz_tourism,339,봉정암(인제),인제군,id_check_unknown
dmz_tourism:e0bdb67d19de73a9,dmz_tourism,339,봉정암(인제),인제군,accessibility_unknown
dmz_tourism:e0bdb67d19de73a9,dmz_tourism,339,봉정암(인제),인제군,image_license_not_verified
dmz_tourism:27a4ee9af86a558b,dmz_tourism,340,비밀의정원,인제군,operations_unverified
dmz_tourism:27a4ee9af86a558b,dmz_tourism,340,비밀의정원,인제군,reservation_unknown
dmz_tourism:27a4ee9af86a558b,dmz_tourism,340,비밀의정원,인제군,id_check_unknown
dmz_tourism:27a4ee9af86a558b,dmz_tourism,340,비밀의정원,인제군,accessibility_unknown
dmz_tourism:27a4ee9af86a558b,dmz_tourism,340,비밀의정원,인제군,telephone_is_municipal_contact
dmz_tourism:27a4ee9af86a558b,dmz_tourism,340,비밀의정원,인제군,image_license_not_verified
dmz_tourism:a07f5baeb4d8ec5e,dmz_tourism,341,설악산국립공원(내설악),인제군,operations_unverified
dmz_tourism:a07f5baeb4d8ec5e,dmz_tourism,341,설악산국립공원(내설악),인제군,reservation_unknown
dmz_tourism:a07f5baeb4d8ec5e,dmz_tourism,341,설악산국립공원(내설악),인제군,id_check_unknown
dmz_tourism:a07f5baeb4d8ec5e,dmz_tourism,341,설악산국립공원(내설악),인제군,accessibility_unknown
dmz_tourism:a07f5baeb4d8ec5e,dmz_tourism,341,설악산국립공원(내설악),인제군,image_license_not_verified
dmz_tourism:fbda1972137a2199,dmz_tourism,342,설피마을,인제군,operations_unverified
dmz_tourism:fbda1972137a2199,dmz_tourism,342,설피마을,인제군,reservation_unknown
dmz_tourism:fbda1972137a2199,dmz_tourism,342,설피마을,인제군,id_check_unknown
dmz_tourism:fbda1972137a2199,dmz_tourism,342,설피마을,인제군,accessibility_unknown
dmz_tourism:fbda1972137a2199,dmz_tourism,342,설피마을,인제군,image_license_not_verified
dmz_tourism:b2a41de0c929fd5f,dmz_tourism,343,소승폭포,인제군,operations_unverified
dmz_tourism:b2a41de0c929fd5f,dmz_tourism,343,소승폭포,인제군,reservation_unknown
dmz_tourism:b2a41de0c929fd5f,dmz_tourism,343,소승폭포,인제군,id_check_unknown
dmz_tourism:b2a41de0c929fd5f,dmz_tourism,343,소승폭포,인제군,accessibility_unknown
dmz_tourism:b2a41de0c929fd5f,dmz_tourism,343,소승폭포,인제군,image_license_not_verified
dmz_tourism:424d7d6ee1d73af8,dmz_tourism,344,십이선녀탕(탕수동계곡),인제군,operations_unverified
dmz_tourism:424d7d6ee1d73af8,dmz_tourism,344,십이선녀탕(탕수동계곡),인제군,reservation_unknown
dmz_tourism:424d7d6ee1d73af8,dmz_tourism,344,십이선녀탕(탕수동계곡),인제군,id_check_unknown
dmz_tourism:424d7d6ee1d73af8,dmz_tourism,344,십이선녀탕(탕수동계곡),인제군,accessibility_unknown
dmz_tourism:424d7d6ee1d73af8,dmz_tourism,344,십이선녀탕(탕수동계곡),인제군,image_license_not_verified
dmz_tourism:12604b7187008431,dmz_tourism,345,아침가리계곡,인제군,operations_unverified
dmz_tourism:12604b7187008431,dmz_tourism,345,아침가리계곡,인제군,reservation_unknown
dmz_tourism:12604b7187008431,dmz_tourism,345,아침가리계곡,인제군,id_check_unknown
dmz_tourism:12604b7187008431,dmz_tourism,345,아침가리계곡,인제군,accessibility_unknown
dmz_tourism:12604b7187008431,dmz_tourism,345,아침가리계곡,인제군,image_license_not_verified
dmz_tourism:647fa49a15488609,dmz_tourism,346,연가리계곡,인제군,operations_unverified
dmz_tourism:647fa49a15488609,dmz_tourism,346,연가리계곡,인제군,reservation_unknown
dmz_tourism:647fa49a15488609,dmz_tourism,346,연가리계곡,인제군,id_check_unknown
dmz_tourism:647fa49a15488609,dmz_tourism,346,연가리계곡,인제군,accessibility_unknown
dmz_tourism:647fa49a15488609,dmz_tourism,346,연가리계곡,인제군,image_missing
dmz_tourism:647fa49a15488609,dmz_tourism,346,연가리계곡,인제군,telephone_is_municipal_contact
dmz_tourism:c18d77467124c887,dmz_tourism,347,옥녀탕,인제군,operations_unverified
dmz_tourism:c18d77467124c887,dmz_tourism,347,옥녀탕,인제군,reservation_unknown
dmz_tourism:c18d77467124c887,dmz_tourism,347,옥녀탕,인제군,id_check_unknown
dmz_tourism:c18d77467124c887,dmz_tourism,347,옥녀탕,인제군,accessibility_unknown
dmz_tourism:c18d77467124c887,dmz_tourism,347,옥녀탕,인제군,image_license_not_verified
dmz_tourism:63543591a24c9e0f,dmz_tourism,348,용대 매바위 인공폭포,인제군,operations_unverified
dmz_tourism:63543591a24c9e0f,dmz_tourism,348,용대 매바위 인공폭포,인제군,reservation_unknown
dmz_tourism:63543591a24c9e0f,dmz_tourism,348,용대 매바위 인공폭포,인제군,id_check_unknown
dmz_tourism:63543591a24c9e0f,dmz_tourism,348,용대 매바위 인공폭포,인제군,accessibility_unknown
dmz_tourism:63543591a24c9e0f,dmz_tourism,348,용대 매바위 인공폭포,인제군,image_missing
dmz_tourism:57bda986a994a97d,dmz_tourism,349,용소폭포,인제군,operations_unverified
dmz_tourism:57bda986a994a97d,dmz_tourism,349,용소폭포,인제군,reservation_unknown
dmz_tourism:57bda986a994a97d,dmz_tourism,349,용소폭포,인제군,id_check_unknown
dmz_tourism:57bda986a994a97d,dmz_tourism,349,용소폭포,인제군,accessibility_unknown
dmz_tourism:57bda986a994a97d,dmz_tourism,349,용소폭포,인제군,image_missing
dmz_tourism:57bda986a994a97d,dmz_tourism,349,용소폭포,인제군,telephone_is_municipal_contact
dmz_tourism:251cdfc1a8adca77,dmz_tourism,350,인제 냇강마을,인제군,operations_unverified
dmz_tourism:251cdfc1a8adca77,dmz_tourism,350,인제 냇강마을,인제군,reservation_unknown
dmz_tourism:251cdfc1a8adca77,dmz_tourism,350,인제 냇강마을,인제군,id_check_unknown
dmz_tourism:251cdfc1a8adca77,dmz_tourism,350,인제 냇강마을,인제군,accessibility_unknown
dmz_tourism:251cdfc1a8adca77,dmz_tourism,350,인제 냇강마을,인제군,image_license_not_verified
dmz_tourism:b9e9716e1a2ed562,dmz_tourism,351,인제 미산리 개인약수,인제군,operations_unverified
dmz_tourism:b9e9716e1a2ed562,dmz_tourism,351,인제 미산리 개인약수,인제군,reservation_unknown
dmz_tourism:b9e9716e1a2ed562,dmz_tourism,351,인제 미산리 개인약수,인제군,id_check_unknown
dmz_tourism:b9e9716e1a2ed562,dmz_tourism,351,인제 미산리 개인약수,인제군,accessibility_unknown
dmz_tourism:b9e9716e1a2ed562,dmz_tourism,351,인제 미산리 개인약수,인제군,image_missing
dmz_tourism:68168f3d1442b4c4,dmz_tourism,352,인제 하늘여울소치마을,인제군,operations_unverified
dmz_tourism:68168f3d1442b4c4,dmz_tourism,352,인제 하늘여울소치마을,인제군,reservation_unknown
dmz_tourism:68168f3d1442b4c4,dmz_tourism,352,인제 하늘여울소치마을,인제군,id_check_unknown
dmz_tourism:68168f3d1442b4c4,dmz_tourism,352,인제 하늘여울소치마을,인제군,accessibility_unknown
dmz_tourism:68168f3d1442b4c4,dmz_tourism,352,인제 하늘여울소치마을,인제군,image_missing
dmz_tourism:aecd406738d95679,dmz_tourism,353,인제 하추마을,인제군,operations_unverified
dmz_tourism:aecd406738d95679,dmz_tourism,353,인제 하추마을,인제군,reservation_unknown
dmz_tourism:aecd406738d95679,dmz_tourism,353,인제 하추마을,인제군,id_check_unknown
dmz_tourism:aecd406738d95679,dmz_tourism,353,인제 하추마을,인제군,accessibility_unknown
dmz_tourism:aecd406738d95679,dmz_tourism,353,인제 하추마을,인제군,image_license_not_verified
dmz_tourism:e93b9770203f55b5,dmz_tourism,354,인제 황태마을,인제군,operations_unverified
dmz_tourism:e93b9770203f55b5,dmz_tourism,354,인제 황태마을,인제군,reservation_unknown
dmz_tourism:e93b9770203f55b5,dmz_tourism,354,인제 황태마을,인제군,id_check_unknown
dmz_tourism:e93b9770203f55b5,dmz_tourism,354,인제 황태마을,인제군,accessibility_unknown
dmz_tourism:e93b9770203f55b5,dmz_tourism,354,인제 황태마을,인제군,image_license_not_verified
dmz_tourism:3e67b162a7885e85,dmz_tourism,355,인제한계사지,인제군,operations_unverified
dmz_tourism:3e67b162a7885e85,dmz_tourism,355,인제한계사지,인제군,reservation_unknown
dmz_tourism:3e67b162a7885e85,dmz_tourism,355,인제한계사지,인제군,id_check_unknown
dmz_tourism:3e67b162a7885e85,dmz_tourism,355,인제한계사지,인제군,accessibility_unknown
dmz_tourism:3e67b162a7885e85,dmz_tourism,355,인제한계사지,인제군,image_missing
dmz_tourism:3e67b162a7885e85,dmz_tourism,355,인제한계사지,인제군,telephone_is_municipal_contact
dmz_tourism:dee7d3c63ad55218,dmz_tourism,356,인제향교,인제군,operations_unverified
dmz_tourism:dee7d3c63ad55218,dmz_tourism,356,인제향교,인제군,reservation_unknown
dmz_tourism:dee7d3c63ad55218,dmz_tourism,356,인제향교,인제군,id_check_unknown
dmz_tourism:dee7d3c63ad55218,dmz_tourism,356,인제향교,인제군,accessibility_unknown
dmz_tourism:dee7d3c63ad55218,dmz_tourism,356,인제향교,인제군,telephone_is_municipal_contact
dmz_tourism:dee7d3c63ad55218,dmz_tourism,356,인제향교,인제군,image_license_not_verified
dmz_tourism:44f68e3b5df247a6,dmz_tourism,357,장수대,인제군,operations_unverified
dmz_tourism:44f68e3b5df247a6,dmz_tourism,357,장수대,인제군,reservation_unknown
dmz_tourism:44f68e3b5df247a6,dmz_tourism,357,장수대,인제군,id_check_unknown
dmz_tourism:44f68e3b5df247a6,dmz_tourism,357,장수대,인제군,accessibility_unknown
dmz_tourism:44f68e3b5df247a6,dmz_tourism,357,장수대,인제군,image_license_not_verified
dmz_tourism:888e20be92fa0f82,dmz_tourism,358,진동 계곡마을,인제군,operations_unverified
dmz_tourism:888e20be92fa0f82,dmz_tourism,358,진동 계곡마을,인제군,reservation_unknown
dmz_tourism:888e20be92fa0f82,dmz_tourism,358,진동 계곡마을,인제군,id_check_unknown
dmz_tourism:888e20be92fa0f82,dmz_tourism,358,진동 계곡마을,인제군,accessibility_unknown
dmz_tourism:888e20be92fa0f82,dmz_tourism,358,진동 계곡마을,인제군,image_missing
dmz_tourism:b66b7a9991f31f20,dmz_tourism,359,진동계곡,인제군,operations_unverified
dmz_tourism:b66b7a9991f31f20,dmz_tourism,359,진동계곡,인제군,reservation_unknown
dmz_tourism:b66b7a9991f31f20,dmz_tourism,359,진동계곡,인제군,id_check_unknown
dmz_tourism:b66b7a9991f31f20,dmz_tourism,359,진동계곡,인제군,accessibility_unknown
dmz_tourism:b66b7a9991f31f20,dmz_tourism,359,진동계곡,인제군,image_missing
dmz_tourism:b66b7a9991f31f20,dmz_tourism,359,진동계곡,인제군,telephone_is_municipal_contact
dmz_tourism:11e3248100a034f3,dmz_tourism,360,청정조각공원,인제군,operations_unverified
dmz_tourism:11e3248100a034f3,dmz_tourism,360,청정조각공원,인제군,reservation_unknown
dmz_tourism:11e3248100a034f3,dmz_tourism,360,청정조각공원,인제군,id_check_unknown
dmz_tourism:11e3248100a034f3,dmz_tourism,360,청정조각공원,인제군,accessibility_unknown
dmz_tourism:11e3248100a034f3,dmz_tourism,360,청정조각공원,인제군,image_missing
dmz_tourism:11e3248100a034f3,dmz_tourism,360,청정조각공원,인제군,telephone_is_municipal_contact
dmz_tourism:da07ffbf6ff00680,dmz_tourism,361,추대계곡,인제군,operations_unverified
dmz_tourism:da07ffbf6ff00680,dmz_tourism,361,추대계곡,인제군,reservation_unknown
dmz_tourism:da07ffbf6ff00680,dmz_tourism,361,추대계곡,인제군,id_check_unknown
dmz_tourism:da07ffbf6ff00680,dmz_tourism,361,추대계곡,인제군,accessibility_unknown
dmz_tourism:da07ffbf6ff00680,dmz_tourism,361,추대계곡,인제군,telephone_is_municipal_contact
dmz_tourism:da07ffbf6ff00680,dmz_tourism,361,추대계곡,인제군,image_license_not_verified
dmz_tourism:cf71c02ea158832f,dmz_tourism,362,필례GE온천,인제군,operations_unverified
dmz_tourism:cf71c02ea158832f,dmz_tourism,362,필례GE온천,인제군,reservation_unknown
dmz_tourism:cf71c02ea158832f,dmz_tourism,362,필례GE온천,인제군,id_check_unknown
dmz_tourism:cf71c02ea158832f,dmz_tourism,362,필례GE온천,인제군,accessibility_unknown
dmz_tourism:cf71c02ea158832f,dmz_tourism,362,필례GE온천,인제군,image_license_not_verified
dmz_tourism:2c8518b10297fd4f,dmz_tourism,363,하추리계곡,인제군,operations_unverified
dmz_tourism:2c8518b10297fd4f,dmz_tourism,363,하추리계곡,인제군,reservation_unknown
dmz_tourism:2c8518b10297fd4f,dmz_tourism,363,하추리계곡,인제군,id_check_unknown
dmz_tourism:2c8518b10297fd4f,dmz_tourism,363,하추리계곡,인제군,accessibility_unknown
dmz_tourism:2c8518b10297fd4f,dmz_tourism,363,하추리계곡,인제군,telephone_is_municipal_contact
dmz_tourism:2c8518b10297fd4f,dmz_tourism,363,하추리계곡,인제군,image_license_not_verified
dmz_tourism:983252f4a904e728,dmz_tourism,364,하추리산촌마을,인제군,operations_unverified
dmz_tourism:983252f4a904e728,dmz_tourism,364,하추리산촌마을,인제군,reservation_unknown
dmz_tourism:983252f4a904e728,dmz_tourism,364,하추리산촌마을,인제군,id_check_unknown
dmz_tourism:983252f4a904e728,dmz_tourism,364,하추리산촌마을,인제군,accessibility_unknown
dmz_tourism:983252f4a904e728,dmz_tourism,364,하추리산촌마을,인제군,image_license_not_verified
dmz_tourism:82131f424af67904,dmz_tourism,365,하추자연휴양림,인제군,operations_unverified
dmz_tourism:82131f424af67904,dmz_tourism,365,하추자연휴양림,인제군,reservation_unknown
dmz_tourism:82131f424af67904,dmz_tourism,365,하추자연휴양림,인제군,id_check_unknown
dmz_tourism:82131f424af67904,dmz_tourism,365,하추자연휴양림,인제군,accessibility_unknown
dmz_tourism:82131f424af67904,dmz_tourism,365,하추자연휴양림,인제군,image_license_not_verified
dmz_tourism:3b59a5c0d8cf5d95,dmz_tourism,366,한국DMZ평화생명동산,인제군,operations_unverified
dmz_tourism:3b59a5c0d8cf5d95,dmz_tourism,366,한국DMZ평화생명동산,인제군,reservation_unknown
dmz_tourism:3b59a5c0d8cf5d95,dmz_tourism,366,한국DMZ평화생명동산,인제군,id_check_unknown
dmz_tourism:3b59a5c0d8cf5d95,dmz_tourism,366,한국DMZ평화생명동산,인제군,accessibility_unknown
dmz_tourism:3b59a5c0d8cf5d95,dmz_tourism,366,한국DMZ평화생명동산,인제군,image_license_not_verified
dmz_tourism:5ec56b34fe65c5fa,dmz_tourism,367,합강정,인제군,operations_unverified
dmz_tourism:5ec56b34fe65c5fa,dmz_tourism,367,합강정,인제군,reservation_unknown
dmz_tourism:5ec56b34fe65c5fa,dmz_tourism,367,합강정,인제군,id_check_unknown
dmz_tourism:5ec56b34fe65c5fa,dmz_tourism,367,합강정,인제군,accessibility_unknown
dmz_tourism:5ec56b34fe65c5fa,dmz_tourism,367,합강정,인제군,telephone_is_municipal_contact
dmz_tourism:5ec56b34fe65c5fa,dmz_tourism,367,합강정,인제군,image_license_not_verified
dmz_tourism:476313f58b7ddf8d,dmz_tourism,368,고 석,철원군,operations_unverified
dmz_tourism:476313f58b7ddf8d,dmz_tourism,368,고 석,철원군,reservation_unknown
dmz_tourism:476313f58b7ddf8d,dmz_tourism,368,고 석,철원군,id_check_unknown
dmz_tourism:476313f58b7ddf8d,dmz_tourism,368,고 석,철원군,accessibility_unknown
dmz_tourism:476313f58b7ddf8d,dmz_tourism,368,고 석,철원군,image_missing
dmz_tourism:476313f58b7ddf8d,dmz_tourism,368,고 석,철원군,telephone_is_municipal_contact
dmz_tourism:0fac7154493ecf4e,dmz_tourism,370,고석정 꽃밭,철원군,operations_unverified
dmz_tourism:0fac7154493ecf4e,dmz_tourism,370,고석정 꽃밭,철원군,reservation_unknown
dmz_tourism:0fac7154493ecf4e,dmz_tourism,370,고석정 꽃밭,철원군,id_check_unknown
dmz_tourism:0fac7154493ecf4e,dmz_tourism,370,고석정 꽃밭,철원군,accessibility_unknown
dmz_tourism:0fac7154493ecf4e,dmz_tourism,370,고석정 꽃밭,철원군,telephone_is_municipal_contact
dmz_tourism:0fac7154493ecf4e,dmz_tourism,370,고석정 꽃밭,철원군,image_license_not_verified
dmz_tourism:b03b6bbf587765cc,dmz_tourism,371,고석정국민관광지,철원군,operations_unverified
dmz_tourism:b03b6bbf587765cc,dmz_tourism,371,고석정국민관광지,철원군,reservation_unknown
dmz_tourism:b03b6bbf587765cc,dmz_tourism,371,고석정국민관광지,철원군,id_check_unknown
dmz_tourism:b03b6bbf587765cc,dmz_tourism,371,고석정국민관광지,철원군,accessibility_unknown
dmz_tourism:b03b6bbf587765cc,dmz_tourism,371,고석정국민관광지,철원군,image_license_not_verified
dmz_tourism:68dfa2b1891c6de0,dmz_tourism,372,고석정코스모스십리길,철원군,operations_unverified
dmz_tourism:68dfa2b1891c6de0,dmz_tourism,372,고석정코스모스십리길,철원군,reservation_unknown
dmz_tourism:68dfa2b1891c6de0,dmz_tourism,372,고석정코스모스십리길,철원군,id_check_unknown
dmz_tourism:68dfa2b1891c6de0,dmz_tourism,372,고석정코스모스십리길,철원군,accessibility_unknown
dmz_tourism:68dfa2b1891c6de0,dmz_tourism,372,고석정코스모스십리길,철원군,telephone_is_municipal_contact
dmz_tourism:68dfa2b1891c6de0,dmz_tourism,372,고석정코스모스십리길,철원군,image_license_not_verified
dmz_tourism:6348dd07580d2d81,dmz_tourism,373,구 철원제일교회,철원군,operations_unverified
dmz_tourism:6348dd07580d2d81,dmz_tourism,373,구 철원제일교회,철원군,reservation_unknown
dmz_tourism:6348dd07580d2d81,dmz_tourism,373,구 철원제일교회,철원군,id_check_unknown
dmz_tourism:6348dd07580d2d81,dmz_tourism,373,구 철원제일교회,철원군,accessibility_unknown
dmz_tourism:6348dd07580d2d81,dmz_tourism,373,구 철원제일교회,철원군,telephone_is_municipal_contact
dmz_tourism:6348dd07580d2d81,dmz_tourism,373,구 철원제일교회,철원군,image_license_not_verified
dmz_tourism:21023f5df9b9a7a1,dmz_tourism,374,구은사,철원군,operations_unverified
dmz_tourism:21023f5df9b9a7a1,dmz_tourism,374,구은사,철원군,reservation_unknown
dmz_tourism:21023f5df9b9a7a1,dmz_tourism,374,구은사,철원군,id_check_unknown
dmz_tourism:21023f5df9b9a7a1,dmz_tourism,374,구은사,철원군,accessibility_unknown
dmz_tourism:21023f5df9b9a7a1,dmz_tourism,374,구은사,철원군,image_missing
dmz_tourism:21023f5df9b9a7a1,dmz_tourism,374,구은사,철원군,telephone_is_municipal_contact
dmz_tourism:b5338808f05f8bba,dmz_tourism,375,국립 복주산자연휴양림,철원군,operations_unverified
dmz_tourism:b5338808f05f8bba,dmz_tourism,375,국립 복주산자연휴양림,철원군,reservation_unknown
dmz_tourism:b5338808f05f8bba,dmz_tourism,375,국립 복주산자연휴양림,철원군,id_check_unknown
dmz_tourism:b5338808f05f8bba,dmz_tourism,375,국립 복주산자연휴양림,철원군,accessibility_unknown
dmz_tourism:b5338808f05f8bba,dmz_tourism,375,국립 복주산자연휴양림,철원군,image_license_not_verified
dmz_tourism:88c69dfeaa148f9a,dmz_tourism,376,군탄공원과 전역비,철원군,operations_unverified
dmz_tourism:88c69dfeaa148f9a,dmz_tourism,376,군탄공원과 전역비,철원군,reservation_unknown
dmz_tourism:88c69dfeaa148f9a,dmz_tourism,376,군탄공원과 전역비,철원군,id_check_unknown
dmz_tourism:88c69dfeaa148f9a,dmz_tourism,376,군탄공원과 전역비,철원군,accessibility_unknown
dmz_tourism:88c69dfeaa148f9a,dmz_tourism,376,군탄공원과 전역비,철원군,telephone_is_municipal_contact
dmz_tourism:88c69dfeaa148f9a,dmz_tourism,376,군탄공원과 전역비,철원군,image_license_not_verified
dmz_tourism:6328ee32fa43bf7e,dmz_tourism,377,금강산전기철도교량,철원군,operations_unverified
dmz_tourism:6328ee32fa43bf7e,dmz_tourism,377,금강산전기철도교량,철원군,reservation_unknown
dmz_tourism:6328ee32fa43bf7e,dmz_tourism,377,금강산전기철도교량,철원군,id_check_unknown
dmz_tourism:6328ee32fa43bf7e,dmz_tourism,377,금강산전기철도교량,철원군,accessibility_unknown
dmz_tourism:6328ee32fa43bf7e,dmz_tourism,377,금강산전기철도교량,철원군,telephone_is_municipal_contact
dmz_tourism:6328ee32fa43bf7e,dmz_tourism,377,금강산전기철도교량,철원군,image_license_not_verified
dmz_tourism:927a25113e9c8a87,dmz_tourism,378,금연저수지,철원군,operations_unverified
dmz_tourism:927a25113e9c8a87,dmz_tourism,378,금연저수지,철원군,reservation_unknown
dmz_tourism:927a25113e9c8a87,dmz_tourism,378,금연저수지,철원군,id_check_unknown
dmz_tourism:927a25113e9c8a87,dmz_tourism,378,금연저수지,철원군,accessibility_unknown
dmz_tourism:927a25113e9c8a87,dmz_tourism,378,금연저수지,철원군,telephone_is_municipal_contact
dmz_tourism:927a25113e9c8a87,dmz_tourism,378,금연저수지,철원군,image_license_not_verified
dmz_tourism:6549f131c7a0d195,dmz_tourism,379,김응하장군 묘비,철원군,operations_unverified
dmz_tourism:6549f131c7a0d195,dmz_tourism,379,김응하장군 묘비,철원군,reservation_unknown
dmz_tourism:6549f131c7a0d195,dmz_tourism,379,김응하장군 묘비,철원군,id_check_unknown
dmz_tourism:6549f131c7a0d195,dmz_tourism,379,김응하장군 묘비,철원군,accessibility_unknown
dmz_tourism:6549f131c7a0d195,dmz_tourism,379,김응하장군 묘비,철원군,image_missing
dmz_tourism:6549f131c7a0d195,dmz_tourism,379,김응하장군 묘비,철원군,telephone_is_municipal_contact
dmz_tourism:81aa8a581d0e1c69,dmz_tourism,380,김화군민 망향탑,철원군,operations_unverified
dmz_tourism:81aa8a581d0e1c69,dmz_tourism,380,김화군민 망향탑,철원군,reservation_unknown
dmz_tourism:81aa8a581d0e1c69,dmz_tourism,380,김화군민 망향탑,철원군,id_check_unknown
dmz_tourism:81aa8a581d0e1c69,dmz_tourism,380,김화군민 망향탑,철원군,accessibility_unknown
dmz_tourism:81aa8a581d0e1c69,dmz_tourism,380,김화군민 망향탑,철원군,telephone_is_municipal_contact
dmz_tourism:81aa8a581d0e1c69,dmz_tourism,380,김화군민 망향탑,철원군,image_license_not_verified
dmz_tourism:c3dc077148856a36,dmz_tourism,381,담터계곡,철원군,operations_unverified
dmz_tourism:c3dc077148856a36,dmz_tourism,381,담터계곡,철원군,reservation_unknown
dmz_tourism:c3dc077148856a36,dmz_tourism,381,담터계곡,철원군,id_check_unknown
dmz_tourism:c3dc077148856a36,dmz_tourism,381,담터계곡,철원군,accessibility_unknown
dmz_tourism:c3dc077148856a36,dmz_tourism,381,담터계곡,철원군,telephone_is_municipal_contact
dmz_tourism:c3dc077148856a36,dmz_tourism,381,담터계곡,철원군,image_license_not_verified
dmz_tourism:400906a3d2827153,dmz_tourism,382,대교천 현무암 협곡,철원군,operations_unverified
dmz_tourism:400906a3d2827153,dmz_tourism,382,대교천 현무암 협곡,철원군,reservation_unknown
dmz_tourism:400906a3d2827153,dmz_tourism,382,대교천 현무암 협곡,철원군,id_check_unknown
dmz_tourism:400906a3d2827153,dmz_tourism,382,대교천 현무암 협곡,철원군,accessibility_unknown
dmz_tourism:400906a3d2827153,dmz_tourism,382,대교천 현무암 협곡,철원군,telephone_is_municipal_contact
dmz_tourism:400906a3d2827153,dmz_tourism,382,대교천 현무암 협곡,철원군,image_license_not_verified
dmz_tourism:3b78e92d837e400b,dmz_tourism,383,도피안사(철원),철원군,operations_unverified
dmz_tourism:3b78e92d837e400b,dmz_tourism,383,도피안사(철원),철원군,reservation_unknown
dmz_tourism:3b78e92d837e400b,dmz_tourism,383,도피안사(철원),철원군,id_check_unknown
dmz_tourism:3b78e92d837e400b,dmz_tourism,383,도피안사(철원),철원군,accessibility_unknown
dmz_tourism:3b78e92d837e400b,dmz_tourism,383,도피안사(철원),철원군,image_missing
dmz_tourism:dcc7aa3eb1b6de27,dmz_tourism,384,동송저수지,철원군,operations_unverified
dmz_tourism:dcc7aa3eb1b6de27,dmz_tourism,384,동송저수지,철원군,reservation_unknown
dmz_tourism:dcc7aa3eb1b6de27,dmz_tourism,384,동송저수지,철원군,id_check_unknown
dmz_tourism:dcc7aa3eb1b6de27,dmz_tourism,384,동송저수지,철원군,accessibility_unknown
dmz_tourism:dcc7aa3eb1b6de27,dmz_tourism,384,동송저수지,철원군,telephone_is_municipal_contact
dmz_tourism:dcc7aa3eb1b6de27,dmz_tourism,384,동송저수지,철원군,image_license_not_verified
dmz_tourism:ce225caf57f163ee,dmz_tourism,385,두루미평화마을,철원군,operations_unverified
dmz_tourism:ce225caf57f163ee,dmz_tourism,385,두루미평화마을,철원군,reservation_unknown
dmz_tourism:ce225caf57f163ee,dmz_tourism,385,두루미평화마을,철원군,id_check_unknown
dmz_tourism:ce225caf57f163ee,dmz_tourism,385,두루미평화마을,철원군,accessibility_unknown
dmz_tourism:ce225caf57f163ee,dmz_tourism,385,두루미평화마을,철원군,image_license_not_verified
dmz_tourism:79eda6d92bb087a2,dmz_tourism,386,두루웰 자연휴양림,철원군,operations_unverified
dmz_tourism:79eda6d92bb087a2,dmz_tourism,386,두루웰 자연휴양림,철원군,reservation_unknown
dmz_tourism:79eda6d92bb087a2,dmz_tourism,386,두루웰 자연휴양림,철원군,id_check_unknown
dmz_tourism:79eda6d92bb087a2,dmz_tourism,386,두루웰 자연휴양림,철원군,accessibility_unknown
dmz_tourism:79eda6d92bb087a2,dmz_tourism,386,두루웰 자연휴양림,철원군,image_missing
dmz_tourism:b385e76cd9bffc80,dmz_tourism,387,매월대폭포,철원군,operations_unverified
dmz_tourism:b385e76cd9bffc80,dmz_tourism,387,매월대폭포,철원군,reservation_unknown
dmz_tourism:b385e76cd9bffc80,dmz_tourism,387,매월대폭포,철원군,id_check_unknown
dmz_tourism:b385e76cd9bffc80,dmz_tourism,387,매월대폭포,철원군,accessibility_unknown
dmz_tourism:b385e76cd9bffc80,dmz_tourism,387,매월대폭포,철원군,telephone_is_municipal_contact
dmz_tourism:b385e76cd9bffc80,dmz_tourism,387,매월대폭포,철원군,image_license_not_verified
dmz_tourism:af02e778b670ae0a,dmz_tourism,388,미수복지구 망배단,철원군,operations_unverified
dmz_tourism:af02e778b670ae0a,dmz_tourism,388,미수복지구 망배단,철원군,reservation_unknown
dmz_tourism:af02e778b670ae0a,dmz_tourism,388,미수복지구 망배단,철원군,id_check_unknown
dmz_tourism:af02e778b670ae0a,dmz_tourism,388,미수복지구 망배단,철원군,accessibility_unknown
dmz_tourism:af02e778b670ae0a,dmz_tourism,388,미수복지구 망배단,철원군,telephone_is_municipal_contact
dmz_tourism:af02e778b670ae0a,dmz_tourism,388,미수복지구 망배단,철원군,image_license_not_verified
dmz_tourism:16c12f5a4ff53c46,dmz_tourism,389,바위그늘유적,철원군,operations_unverified
dmz_tourism:16c12f5a4ff53c46,dmz_tourism,389,바위그늘유적,철원군,reservation_unknown
dmz_tourism:16c12f5a4ff53c46,dmz_tourism,389,바위그늘유적,철원군,id_check_unknown
dmz_tourism:16c12f5a4ff53c46,dmz_tourism,389,바위그늘유적,철원군,accessibility_unknown
dmz_tourism:16c12f5a4ff53c46,dmz_tourism,389,바위그늘유적,철원군,telephone_is_municipal_contact
dmz_tourism:16c12f5a4ff53c46,dmz_tourism,389,바위그늘유적,철원군,image_license_not_verified
dmz_tourism:80f83362c666bf9a,dmz_tourism,390,토교저수지(철새도래지),철원군,operations_unverified
dmz_tourism:80f83362c666bf9a,dmz_tourism,390,토교저수지(철새도래지),철원군,reservation_unknown
dmz_tourism:80f83362c666bf9a,dmz_tourism,390,토교저수지(철새도래지),철원군,id_check_unknown
dmz_tourism:80f83362c666bf9a,dmz_tourism,390,토교저수지(철새도래지),철원군,accessibility_unknown
dmz_tourism:80f83362c666bf9a,dmz_tourism,390,토교저수지(철새도래지),철원군,telephone_is_municipal_contact
dmz_tourism:80f83362c666bf9a,dmz_tourism,390,토교저수지(철새도래지),철원군,image_license_not_verified
dmz_tourism:375fd5edbf65c85a,dmz_tourism,391,삼부연폭포,철원군,operations_unverified
dmz_tourism:375fd5edbf65c85a,dmz_tourism,391,삼부연폭포,철원군,reservation_unknown
dmz_tourism:375fd5edbf65c85a,dmz_tourism,391,삼부연폭포,철원군,id_check_unknown
dmz_tourism:375fd5edbf65c85a,dmz_tourism,391,삼부연폭포,철원군,accessibility_unknown
dmz_tourism:375fd5edbf65c85a,dmz_tourism,391,삼부연폭포,철원군,telephone_is_municipal_contact
dmz_tourism:375fd5edbf65c85a,dmz_tourism,391,삼부연폭포,철원군,image_license_not_verified
dmz_tourism:8b29da101a1a2660,dmz_tourism,392,삽슬봉(아이스크림 고지),철원군,operations_unverified
dmz_tourism:8b29da101a1a2660,dmz_tourism,392,삽슬봉(아이스크림 고지),철원군,reservation_unknown
dmz_tourism:8b29da101a1a2660,dmz_tourism,392,삽슬봉(아이스크림 고지),철원군,id_check_unknown
dmz_tourism:8b29da101a1a2660,dmz_tourism,392,삽슬봉(아이스크림 고지),철원군,accessibility_unknown
dmz_tourism:8b29da101a1a2660,dmz_tourism,392,삽슬봉(아이스크림 고지),철원군,telephone_is_municipal_contact
dmz_tourism:8b29da101a1a2660,dmz_tourism,392,삽슬봉(아이스크림 고지),철원군,image_license_not_verified
dmz_tourism:005bb064fcd3537d,dmz_tourism,393,소이산,철원군,operations_unverified
dmz_tourism:005bb064fcd3537d,dmz_tourism,393,소이산,철원군,reservation_unknown
dmz_tourism:005bb064fcd3537d,dmz_tourism,393,소이산,철원군,id_check_unknown
dmz_tourism:005bb064fcd3537d,dmz_tourism,393,소이산,철원군,accessibility_unknown
dmz_tourism:005bb064fcd3537d,dmz_tourism,393,소이산,철원군,image_missing
dmz_tourism:005bb064fcd3537d,dmz_tourism,393,소이산,철원군,telephone_is_municipal_contact
dmz_tourism:8e161bd255e499b8,dmz_tourism,394,소이산 생태숲 녹색길,철원군,operations_unverified
dmz_tourism:8e161bd255e499b8,dmz_tourism,394,소이산 생태숲 녹색길,철원군,reservation_unknown
dmz_tourism:8e161bd255e499b8,dmz_tourism,394,소이산 생태숲 녹색길,철원군,id_check_unknown
dmz_tourism:8e161bd255e499b8,dmz_tourism,394,소이산 생태숲 녹색길,철원군,accessibility_unknown
dmz_tourism:8e161bd255e499b8,dmz_tourism,394,소이산 생태숲 녹색길,철원군,telephone_is_municipal_contact
dmz_tourism:8e161bd255e499b8,dmz_tourism,394,소이산 생태숲 녹색길,철원군,image_license_not_verified
dmz_tourism:d66886c517ae292a,dmz_tourism,395,송대소주상절리,철원군,operations_unverified
dmz_tourism:d66886c517ae292a,dmz_tourism,395,송대소주상절리,철원군,reservation_unknown
dmz_tourism:d66886c517ae292a,dmz_tourism,395,송대소주상절리,철원군,id_check_unknown
dmz_tourism:d66886c517ae292a,dmz_tourism,395,송대소주상절리,철원군,accessibility_unknown
dmz_tourism:d66886c517ae292a,dmz_tourism,395,송대소주상절리,철원군,telephone_is_municipal_contact
dmz_tourism:d66886c517ae292a,dmz_tourism,395,송대소주상절리,철원군,image_license_not_verified
dmz_tourism:c5fabb6fcd82fcb7,dmz_tourism,396,순담계곡,철원군,operations_unverified
dmz_tourism:c5fabb6fcd82fcb7,dmz_tourism,396,순담계곡,철원군,reservation_unknown
dmz_tourism:c5fabb6fcd82fcb7,dmz_tourism,396,순담계곡,철원군,id_check_unknown
dmz_tourism:c5fabb6fcd82fcb7,dmz_tourism,396,순담계곡,철원군,accessibility_unknown
dmz_tourism:c5fabb6fcd82fcb7,dmz_tourism,396,순담계곡,철원군,image_license_not_verified
dmz_tourism:035f540f25c633a0,dmz_tourism,397,쉬리공원,철원군,operations_unverified
dmz_tourism:035f540f25c633a0,dmz_tourism,397,쉬리공원,철원군,reservation_unknown
dmz_tourism:035f540f25c633a0,dmz_tourism,397,쉬리공원,철원군,id_check_unknown
dmz_tourism:035f540f25c633a0,dmz_tourism,397,쉬리공원,철원군,accessibility_unknown
dmz_tourism:035f540f25c633a0,dmz_tourism,397,쉬리공원,철원군,telephone_is_municipal_contact
dmz_tourism:035f540f25c633a0,dmz_tourism,397,쉬리공원,철원군,image_license_not_verified
dmz_tourism:dfa5a1e0c7543c3a,dmz_tourism,398,쉬리마을,철원군,operations_unverified
dmz_tourism:dfa5a1e0c7543c3a,dmz_tourism,398,쉬리마을,철원군,reservation_unknown
dmz_tourism:dfa5a1e0c7543c3a,dmz_tourism,398,쉬리마을,철원군,id_check_unknown
dmz_tourism:dfa5a1e0c7543c3a,dmz_tourism,398,쉬리마을,철원군,accessibility_unknown
dmz_tourism:dfa5a1e0c7543c3a,dmz_tourism,398,쉬리마을,철원군,image_license_not_verified
dmz_tourism:1e181e641b424f55,dmz_tourism,399,승리전망대,철원군,operations_unverified
dmz_tourism:1e181e641b424f55,dmz_tourism,399,승리전망대,철원군,reservation_unknown
dmz_tourism:1e181e641b424f55,dmz_tourism,399,승리전망대,철원군,id_check_unknown
dmz_tourism:1e181e641b424f55,dmz_tourism,399,승리전망대,철원군,accessibility_unknown
dmz_tourism:1e181e641b424f55,dmz_tourism,399,승리전망대,철원군,telephone_is_municipal_contact
dmz_tourism:1e181e641b424f55,dmz_tourism,399,승리전망대,철원군,image_license_not_verified
dmz_tourism:45a98b2d09d82d53,dmz_tourism,400,승일교,철원군,operations_unverified
dmz_tourism:45a98b2d09d82d53,dmz_tourism,400,승일교,철원군,reservation_unknown
dmz_tourism:45a98b2d09d82d53,dmz_tourism,400,승일교,철원군,id_check_unknown
dmz_tourism:45a98b2d09d82d53,dmz_tourism,400,승일교,철원군,accessibility_unknown
dmz_tourism:45a98b2d09d82d53,dmz_tourism,400,승일교,철원군,telephone_is_municipal_contact
dmz_tourism:45a98b2d09d82d53,dmz_tourism,400,승일교,철원군,image_license_not_verified
dmz_tourism:2933341b47f7c74c,dmz_tourism,401,심원사(철원),철원군,operations_unverified
dmz_tourism:2933341b47f7c74c,dmz_tourism,401,심원사(철원),철원군,reservation_unknown
dmz_tourism:2933341b47f7c74c,dmz_tourism,401,심원사(철원),철원군,id_check_unknown
dmz_tourism:2933341b47f7c74c,dmz_tourism,401,심원사(철원),철원군,accessibility_unknown
dmz_tourism:2933341b47f7c74c,dmz_tourism,401,심원사(철원),철원군,image_license_not_verified
dmz_tourism:880916c90d9452e7,dmz_tourism,402,용양늪,철원군,operations_unverified
dmz_tourism:880916c90d9452e7,dmz_tourism,402,용양늪,철원군,reservation_unknown
dmz_tourism:880916c90d9452e7,dmz_tourism,402,용양늪,철원군,id_check_unknown
dmz_tourism:880916c90d9452e7,dmz_tourism,402,용양늪,철원군,accessibility_unknown
dmz_tourism:880916c90d9452e7,dmz_tourism,402,용양늪,철원군,telephone_is_municipal_contact
dmz_tourism:880916c90d9452e7,dmz_tourism,402,용양늪,철원군,image_license_not_verified
dmz_tourism:0fadc82e0ece721b,dmz_tourism,403,용화저수지,철원군,operations_unverified
dmz_tourism:0fadc82e0ece721b,dmz_tourism,403,용화저수지,철원군,reservation_unknown
dmz_tourism:0fadc82e0ece721b,dmz_tourism,403,용화저수지,철원군,id_check_unknown
dmz_tourism:0fadc82e0ece721b,dmz_tourism,403,용화저수지,철원군,accessibility_unknown
dmz_tourism:0fadc82e0ece721b,dmz_tourism,403,용화저수지,철원군,telephone_is_municipal_contact
dmz_tourism:0fadc82e0ece721b,dmz_tourism,403,용화저수지,철원군,image_license_not_verified
dmz_tourism:dc096592ee7a111e,dmz_tourism,404,월정리역,철원군,operations_unverified
dmz_tourism:dc096592ee7a111e,dmz_tourism,404,월정리역,철원군,reservation_unknown
dmz_tourism:dc096592ee7a111e,dmz_tourism,404,월정리역,철원군,id_check_unknown
dmz_tourism:dc096592ee7a111e,dmz_tourism,404,월정리역,철원군,accessibility_unknown
dmz_tourism:dc096592ee7a111e,dmz_tourism,404,월정리역,철원군,telephone_is_municipal_contact
dmz_tourism:dc096592ee7a111e,dmz_tourism,404,월정리역,철원군,image_license_not_verified
dmz_tourism:9f8ba4e74882bf84,dmz_tourism,405,잠곡저수지,철원군,operations_unverified
dmz_tourism:9f8ba4e74882bf84,dmz_tourism,405,잠곡저수지,철원군,reservation_unknown
dmz_tourism:9f8ba4e74882bf84,dmz_tourism,405,잠곡저수지,철원군,id_check_unknown
dmz_tourism:9f8ba4e74882bf84,dmz_tourism,405,잠곡저수지,철원군,accessibility_unknown
dmz_tourism:9f8ba4e74882bf84,dmz_tourism,405,잠곡저수지,철원군,telephone_is_municipal_contact
dmz_tourism:9f8ba4e74882bf84,dmz_tourism,405,잠곡저수지,철원군,image_license_not_verified
dmz_tourism:d7f4071ea0b073db,dmz_tourism,406,제2땅굴(철원),철원군,operations_unverified
dmz_tourism:d7f4071ea0b073db,dmz_tourism,406,제2땅굴(철원),철원군,reservation_unknown
dmz_tourism:d7f4071ea0b073db,dmz_tourism,406,제2땅굴(철원),철원군,id_check_unknown
dmz_tourism:d7f4071ea0b073db,dmz_tourism,406,제2땅굴(철원),철원군,accessibility_unknown
dmz_tourism:d7f4071ea0b073db,dmz_tourism,406,제2땅굴(철원),철원군,image_missing
dmz_tourism:d7f4071ea0b073db,dmz_tourism,406,제2땅굴(철원),철원군,telephone_is_municipal_contact
dmz_tourism:6664f5bfb536d7b3,dmz_tourism,407,직탕폭포,철원군,operations_unverified
dmz_tourism:6664f5bfb536d7b3,dmz_tourism,407,직탕폭포,철원군,reservation_unknown
dmz_tourism:6664f5bfb536d7b3,dmz_tourism,407,직탕폭포,철원군,id_check_unknown
dmz_tourism:6664f5bfb536d7b3,dmz_tourism,407,직탕폭포,철원군,accessibility_unknown
dmz_tourism:6664f5bfb536d7b3,dmz_tourism,407,직탕폭포,철원군,telephone_is_municipal_contact
dmz_tourism:6664f5bfb536d7b3,dmz_tourism,407,직탕폭포,철원군,image_license_not_verified
dmz_tourism:15634678a7548858,dmz_tourism,408,철새마을,철원군,operations_unverified
dmz_tourism:15634678a7548858,dmz_tourism,408,철새마을,철원군,reservation_unknown
dmz_tourism:15634678a7548858,dmz_tourism,408,철새마을,철원군,id_check_unknown
dmz_tourism:15634678a7548858,dmz_tourism,408,철새마을,철원군,accessibility_unknown
dmz_tourism:15634678a7548858,dmz_tourism,408,철새마을,철원군,image_license_not_verified
dmz_tourism:15634678a7548858,dmz_tourism,408,철새마을,철원군,duplicate_title_county_review
dmz_tourism:4c494f617400a5b6,dmz_tourism,409,철원 노동당사,철원군,operations_unverified
dmz_tourism:4c494f617400a5b6,dmz_tourism,409,철원 노동당사,철원군,reservation_unknown
dmz_tourism:4c494f617400a5b6,dmz_tourism,409,철원 노동당사,철원군,id_check_unknown
dmz_tourism:4c494f617400a5b6,dmz_tourism,409,철원 노동당사,철원군,accessibility_unknown
dmz_tourism:4c494f617400a5b6,dmz_tourism,409,철원 노동당사,철원군,telephone_is_municipal_contact
dmz_tourism:4c494f617400a5b6,dmz_tourism,409,철원 노동당사,철원군,image_license_not_verified
dmz_tourism:00db37f5029df976,dmz_tourism,410,철원 농산물검사소,철원군,operations_unverified
dmz_tourism:00db37f5029df976,dmz_tourism,410,철원 농산물검사소,철원군,reservation_unknown
dmz_tourism:00db37f5029df976,dmz_tourism,410,철원 농산물검사소,철원군,id_check_unknown
dmz_tourism:00db37f5029df976,dmz_tourism,410,철원 농산물검사소,철원군,accessibility_unknown
dmz_tourism:00db37f5029df976,dmz_tourism,410,철원 농산물검사소,철원군,image_missing
dmz_tourism:2d61ff365c8d7b1e,dmz_tourism,411,철원 두루미자는 버들골마을,철원군,operations_unverified
dmz_tourism:2d61ff365c8d7b1e,dmz_tourism,411,철원 두루미자는 버들골마을,철원군,reservation_unknown
dmz_tourism:2d61ff365c8d7b1e,dmz_tourism,411,철원 두루미자는 버들골마을,철원군,id_check_unknown
dmz_tourism:2d61ff365c8d7b1e,dmz_tourism,411,철원 두루미자는 버들골마을,철원군,accessibility_unknown
dmz_tourism:2d61ff365c8d7b1e,dmz_tourism,411,철원 두루미자는 버들골마을,철원군,telephone_missing
dmz_tourism:2d61ff365c8d7b1e,dmz_tourism,411,철원 두루미자는 버들골마을,철원군,image_license_not_verified
dmz_tourism:1b4557a85536171d,dmz_tourism,412,철원 오대미마을,철원군,operations_unverified
dmz_tourism:1b4557a85536171d,dmz_tourism,412,철원 오대미마을,철원군,reservation_unknown
dmz_tourism:1b4557a85536171d,dmz_tourism,412,철원 오대미마을,철원군,id_check_unknown
dmz_tourism:1b4557a85536171d,dmz_tourism,412,철원 오대미마을,철원군,accessibility_unknown
dmz_tourism:1b4557a85536171d,dmz_tourism,412,철원 오대미마을,철원군,image_license_not_verified
dmz_tourism:90cf1688b8b9e3b8,dmz_tourism,413,철원 용암대지,철원군,operations_unverified
dmz_tourism:90cf1688b8b9e3b8,dmz_tourism,413,철원 용암대지,철원군,reservation_unknown
dmz_tourism:90cf1688b8b9e3b8,dmz_tourism,413,철원 용암대지,철원군,id_check_unknown
dmz_tourism:90cf1688b8b9e3b8,dmz_tourism,413,철원 용암대지,철원군,accessibility_unknown
dmz_tourism:90cf1688b8b9e3b8,dmz_tourism,413,철원 용암대지,철원군,telephone_is_municipal_contact
dmz_tourism:90cf1688b8b9e3b8,dmz_tourism,413,철원 용암대지,철원군,image_license_not_verified
dmz_tourism:654b37bcaa497014,dmz_tourism,414,철원 철새도래지 (철원평야),철원군,operations_unverified
dmz_tourism:654b37bcaa497014,dmz_tourism,414,철원 철새도래지 (철원평야),철원군,reservation_unknown
dmz_tourism:654b37bcaa497014,dmz_tourism,414,철원 철새도래지 (철원평야),철원군,id_check_unknown
dmz_tourism:654b37bcaa497014,dmz_tourism,414,철원 철새도래지 (철원평야),철원군,accessibility_unknown
dmz_tourism:654b37bcaa497014,dmz_tourism,414,철원 철새도래지 (철원평야),철원군,image_missing
dmz_tourism:654b37bcaa497014,dmz_tourism,414,철원 철새도래지 (철원평야),철원군,telephone_is_municipal_contact
dmz_tourism:b860041825449ae8,dmz_tourism,415,철원 평화전망대,철원군,operations_unverified
dmz_tourism:b860041825449ae8,dmz_tourism,415,철원 평화전망대,철원군,reservation_unknown
dmz_tourism:b860041825449ae8,dmz_tourism,415,철원 평화전망대,철원군,id_check_unknown
dmz_tourism:b860041825449ae8,dmz_tourism,415,철원 평화전망대,철원군,accessibility_unknown
dmz_tourism:b860041825449ae8,dmz_tourism,415,철원 평화전망대,철원군,image_missing
dmz_tourism:b860041825449ae8,dmz_tourism,415,철원 평화전망대,철원군,telephone_is_municipal_contact
dmz_tourism:e3bde23a7248e733,dmz_tourism,416,철원 한탄강 은하수교,철원군,operations_unverified
dmz_tourism:e3bde23a7248e733,dmz_tourism,416,철원 한탄강 은하수교,철원군,reservation_unknown
dmz_tourism:e3bde23a7248e733,dmz_tourism,416,철원 한탄강 은하수교,철원군,id_check_unknown
dmz_tourism:e3bde23a7248e733,dmz_tourism,416,철원 한탄강 은하수교,철원군,accessibility_unknown
dmz_tourism:e3bde23a7248e733,dmz_tourism,416,철원 한탄강 은하수교,철원군,telephone_is_municipal_contact
dmz_tourism:e3bde23a7248e733,dmz_tourism,416,철원 한탄강 은하수교,철원군,image_license_not_verified
dmz_tourism:7b7385779016063c,dmz_tourism,417,철원관광정보센터,철원군,operations_unverified
dmz_tourism:7b7385779016063c,dmz_tourism,417,철원관광정보센터,철원군,reservation_unknown
dmz_tourism:7b7385779016063c,dmz_tourism,417,철원관광정보센터,철원군,id_check_unknown
dmz_tourism:7b7385779016063c,dmz_tourism,417,철원관광정보센터,철원군,accessibility_unknown
dmz_tourism:7b7385779016063c,dmz_tourism,417,철원관광정보센터,철원군,image_license_not_verified
dmz_tourism:f37aee2f7198d664,dmz_tourism,418,철원승일공원,철원군,operations_unverified
dmz_tourism:f37aee2f7198d664,dmz_tourism,418,철원승일공원,철원군,reservation_unknown
dmz_tourism:f37aee2f7198d664,dmz_tourism,418,철원승일공원,철원군,id_check_unknown
dmz_tourism:f37aee2f7198d664,dmz_tourism,418,철원승일공원,철원군,accessibility_unknown
dmz_tourism:f37aee2f7198d664,dmz_tourism,418,철원승일공원,철원군,telephone_is_municipal_contact
dmz_tourism:f37aee2f7198d664,dmz_tourism,418,철원승일공원,철원군,image_license_not_verified
dmz_tourism:36d3cde51a3793c1,dmz_tourism,419,철원역사(舍),철원군,operations_unverified
dmz_tourism:36d3cde51a3793c1,dmz_tourism,419,철원역사(舍),철원군,reservation_unknown
dmz_tourism:36d3cde51a3793c1,dmz_tourism,419,철원역사(舍),철원군,id_check_unknown
dmz_tourism:36d3cde51a3793c1,dmz_tourism,419,철원역사(舍),철원군,accessibility_unknown
dmz_tourism:36d3cde51a3793c1,dmz_tourism,419,철원역사(舍),철원군,telephone_is_municipal_contact
dmz_tourism:36d3cde51a3793c1,dmz_tourism,419,철원역사(舍),철원군,image_license_not_verified
dmz_tourism:0228e3eb14b53849,dmz_tourism,420,철원지석묘군,철원군,operations_unverified
dmz_tourism:0228e3eb14b53849,dmz_tourism,420,철원지석묘군,철원군,reservation_unknown
dmz_tourism:0228e3eb14b53849,dmz_tourism,420,철원지석묘군,철원군,id_check_unknown
dmz_tourism:0228e3eb14b53849,dmz_tourism,420,철원지석묘군,철원군,accessibility_unknown
dmz_tourism:0228e3eb14b53849,dmz_tourism,420,철원지석묘군,철원군,image_missing
dmz_tourism:0228e3eb14b53849,dmz_tourism,420,철원지석묘군,철원군,telephone_is_municipal_contact
dmz_tourism:055a54bf441743c0,dmz_tourism,421,철원충렬사지,철원군,operations_unverified
dmz_tourism:055a54bf441743c0,dmz_tourism,421,철원충렬사지,철원군,reservation_unknown
dmz_tourism:055a54bf441743c0,dmz_tourism,421,철원충렬사지,철원군,id_check_unknown
dmz_tourism:055a54bf441743c0,dmz_tourism,421,철원충렬사지,철원군,accessibility_unknown
dmz_tourism:055a54bf441743c0,dmz_tourism,421,철원충렬사지,철원군,telephone_is_municipal_contact
dmz_tourism:055a54bf441743c0,dmz_tourism,421,철원충렬사지,철원군,image_license_not_verified
dmz_tourism:c34e5b0fac955c85,dmz_tourism,422,철원평화마을 유곡리캠핑장,철원군,operations_unverified
dmz_tourism:c34e5b0fac955c85,dmz_tourism,422,철원평화마을 유곡리캠핑장,철원군,reservation_unknown
dmz_tourism:c34e5b0fac955c85,dmz_tourism,422,철원평화마을 유곡리캠핑장,철원군,id_check_unknown
dmz_tourism:c34e5b0fac955c85,dmz_tourism,422,철원평화마을 유곡리캠핑장,철원군,accessibility_unknown
dmz_tourism:c34e5b0fac955c85,dmz_tourism,422,철원평화마을 유곡리캠핑장,철원군,image_missing
dmz_tourism:f45302c01cd1535d,dmz_tourism,423,철원향교,철원군,operations_unverified
dmz_tourism:f45302c01cd1535d,dmz_tourism,423,철원향교,철원군,reservation_unknown
dmz_tourism:f45302c01cd1535d,dmz_tourism,423,철원향교,철원군,id_check_unknown
dmz_tourism:f45302c01cd1535d,dmz_tourism,423,철원향교,철원군,accessibility_unknown
dmz_tourism:f45302c01cd1535d,dmz_tourism,423,철원향교,철원군,telephone_is_municipal_contact
dmz_tourism:f45302c01cd1535d,dmz_tourism,423,철원향교,철원군,image_license_not_verified
dmz_tourism:c1edb498251da0a5,dmz_tourism,424,학저수지,철원군,operations_unverified
dmz_tourism:c1edb498251da0a5,dmz_tourism,424,학저수지,철원군,reservation_unknown
dmz_tourism:c1edb498251da0a5,dmz_tourism,424,학저수지,철원군,id_check_unknown
dmz_tourism:c1edb498251da0a5,dmz_tourism,424,학저수지,철원군,accessibility_unknown
dmz_tourism:c1edb498251da0a5,dmz_tourism,424,학저수지,철원군,telephone_is_municipal_contact
dmz_tourism:c1edb498251da0a5,dmz_tourism,424,학저수지,철원군,image_license_not_verified
dmz_tourism:1608509281a4043b,dmz_tourism,425,DMZ 생태평화공원,철원군,operations_unverified
dmz_tourism:1608509281a4043b,dmz_tourism,425,DMZ 생태평화공원,철원군,reservation_unknown
dmz_tourism:1608509281a4043b,dmz_tourism,425,DMZ 생태평화공원,철원군,id_check_unknown
dmz_tourism:1608509281a4043b,dmz_tourism,425,DMZ 생태평화공원,철원군,accessibility_unknown
dmz_tourism:1608509281a4043b,dmz_tourism,425,DMZ 생태평화공원,철원군,image_license_not_verified
dmz_tourism:6748eaa192367696,dmz_tourism,518,감성마을 이외수 문학관,화천군,operations_unverified
dmz_tourism:6748eaa192367696,dmz_tourism,518,감성마을 이외수 문학관,화천군,reservation_unknown
dmz_tourism:6748eaa192367696,dmz_tourism,518,감성마을 이외수 문학관,화천군,id_check_unknown
dmz_tourism:6748eaa192367696,dmz_tourism,518,감성마을 이외수 문학관,화천군,accessibility_unknown
dmz_tourism:6748eaa192367696,dmz_tourism,518,감성마을 이외수 문학관,화천군,image_license_not_verified
dmz_tourism:3b199f931df50cb6,dmz_tourism,519,곡운구곡,화천군,operations_unverified
dmz_tourism:3b199f931df50cb6,dmz_tourism,519,곡운구곡,화천군,reservation_unknown
dmz_tourism:3b199f931df50cb6,dmz_tourism,519,곡운구곡,화천군,id_check_unknown
dmz_tourism:3b199f931df50cb6,dmz_tourism,519,곡운구곡,화천군,accessibility_unknown
dmz_tourism:3b199f931df50cb6,dmz_tourism,519,곡운구곡,화천군,telephone_is_municipal_contact
dmz_tourism:3b199f931df50cb6,dmz_tourism,519,곡운구곡,화천군,image_license_not_verified
dmz_tourism:0e341a01a0743a85,dmz_tourism,520,광덕계곡,화천군,operations_unverified
dmz_tourism:0e341a01a0743a85,dmz_tourism,520,광덕계곡,화천군,reservation_unknown
dmz_tourism:0e341a01a0743a85,dmz_tourism,520,광덕계곡,화천군,id_check_unknown
dmz_tourism:0e341a01a0743a85,dmz_tourism,520,광덕계곡,화천군,accessibility_unknown
dmz_tourism:0e341a01a0743a85,dmz_tourism,520,광덕계곡,화천군,telephone_is_municipal_contact
dmz_tourism:0e341a01a0743a85,dmz_tourism,520,광덕계곡,화천군,image_license_not_verified
dmz_tourism:e5a5af28055bc9f1,dmz_tourism,521,광덕산(화천),화천군,operations_unverified
dmz_tourism:e5a5af28055bc9f1,dmz_tourism,521,광덕산(화천),화천군,reservation_unknown
dmz_tourism:e5a5af28055bc9f1,dmz_tourism,521,광덕산(화천),화천군,id_check_unknown
dmz_tourism:e5a5af28055bc9f1,dmz_tourism,521,광덕산(화천),화천군,accessibility_unknown
dmz_tourism:e5a5af28055bc9f1,dmz_tourism,521,광덕산(화천),화천군,telephone_is_municipal_contact
dmz_tourism:e5a5af28055bc9f1,dmz_tourism,521,광덕산(화천),화천군,image_license_not_verified
dmz_tourism:49895cb5e78e7ff3,dmz_tourism,522,국제평화아트파크,화천군,operations_unverified
dmz_tourism:49895cb5e78e7ff3,dmz_tourism,522,국제평화아트파크,화천군,reservation_unknown
dmz_tourism:49895cb5e78e7ff3,dmz_tourism,522,국제평화아트파크,화천군,id_check_unknown
dmz_tourism:49895cb5e78e7ff3,dmz_tourism,522,국제평화아트파크,화천군,accessibility_unknown
dmz_tourism:49895cb5e78e7ff3,dmz_tourism,522,국제평화아트파크,화천군,image_missing
dmz_tourism:49895cb5e78e7ff3,dmz_tourism,522,국제평화아트파크,화천군,telephone_is_municipal_contact
dmz_tourism:1c8bc91858e436e8,dmz_tourism,523,꺼먹다리,화천군,operations_unverified
dmz_tourism:1c8bc91858e436e8,dmz_tourism,523,꺼먹다리,화천군,reservation_unknown
dmz_tourism:1c8bc91858e436e8,dmz_tourism,523,꺼먹다리,화천군,id_check_unknown
dmz_tourism:1c8bc91858e436e8,dmz_tourism,523,꺼먹다리,화천군,accessibility_unknown
dmz_tourism:1c8bc91858e436e8,dmz_tourism,523,꺼먹다리,화천군,image_missing
dmz_tourism:1c8bc91858e436e8,dmz_tourism,523,꺼먹다리,화천군,telephone_is_municipal_contact
dmz_tourism:0a0456c31f75dfa8,dmz_tourism,524,낭천산림욕장,화천군,operations_unverified
dmz_tourism:0a0456c31f75dfa8,dmz_tourism,524,낭천산림욕장,화천군,reservation_unknown
dmz_tourism:0a0456c31f75dfa8,dmz_tourism,524,낭천산림욕장,화천군,id_check_unknown
dmz_tourism:0a0456c31f75dfa8,dmz_tourism,524,낭천산림욕장,화천군,accessibility_unknown
dmz_tourism:0a0456c31f75dfa8,dmz_tourism,524,낭천산림욕장,화천군,telephone_is_municipal_contact
dmz_tourism:0a0456c31f75dfa8,dmz_tourism,524,낭천산림욕장,화천군,image_license_not_verified
dmz_tourism:d6ef29632185d56e,dmz_tourism,525,대성산지구 전적비,화천군,operations_unverified
dmz_tourism:d6ef29632185d56e,dmz_tourism,525,대성산지구 전적비,화천군,reservation_unknown
dmz_tourism:d6ef29632185d56e,dmz_tourism,525,대성산지구 전적비,화천군,id_check_unknown
dmz_tourism:d6ef29632185d56e,dmz_tourism,525,대성산지구 전적비,화천군,accessibility_unknown
dmz_tourism:d6ef29632185d56e,dmz_tourism,525,대성산지구 전적비,화천군,telephone_is_municipal_contact
dmz_tourism:d6ef29632185d56e,dmz_tourism,525,대성산지구 전적비,화천군,image_license_not_verified
dmz_tourism:d6ef29632185d56e,dmz_tourism,525,대성산지구 전적비,화천군,duplicate_title_county_review
dmz_tourism:9d86b78d159a0894,dmz_tourism,526,동구래마을,화천군,operations_unverified
dmz_tourism:9d86b78d159a0894,dmz_tourism,526,동구래마을,화천군,reservation_unknown
dmz_tourism:9d86b78d159a0894,dmz_tourism,526,동구래마을,화천군,id_check_unknown
dmz_tourism:9d86b78d159a0894,dmz_tourism,526,동구래마을,화천군,accessibility_unknown
dmz_tourism:9d86b78d159a0894,dmz_tourism,526,동구래마을,화천군,telephone_is_municipal_contact
dmz_tourism:9d86b78d159a0894,dmz_tourism,526,동구래마을,화천군,image_license_not_verified
dmz_tourism:48d7f702c362ac3b,dmz_tourism,527,딴산,화천군,operations_unverified
dmz_tourism:48d7f702c362ac3b,dmz_tourism,527,딴산,화천군,reservation_unknown
dmz_tourism:48d7f702c362ac3b,dmz_tourism,527,딴산,화천군,id_check_unknown
dmz_tourism:48d7f702c362ac3b,dmz_tourism,527,딴산,화천군,accessibility_unknown
dmz_tourism:48d7f702c362ac3b,dmz_tourism,527,딴산,화천군,telephone_is_municipal_contact
dmz_tourism:48d7f702c362ac3b,dmz_tourism,527,딴산,화천군,image_license_not_verified
dmz_tourism:68d3f6442638878d,dmz_tourism,528,딴산유원지,화천군,operations_unverified
dmz_tourism:68d3f6442638878d,dmz_tourism,528,딴산유원지,화천군,reservation_unknown
dmz_tourism:68d3f6442638878d,dmz_tourism,528,딴산유원지,화천군,id_check_unknown
dmz_tourism:68d3f6442638878d,dmz_tourism,528,딴산유원지,화천군,accessibility_unknown
dmz_tourism:68d3f6442638878d,dmz_tourism,528,딴산유원지,화천군,telephone_is_municipal_contact
dmz_tourism:68d3f6442638878d,dmz_tourism,528,딴산유원지,화천군,image_license_not_verified
dmz_tourism:e3538efbf9730e15,dmz_tourism,529,만산동계곡,화천군,operations_unverified
dmz_tourism:e3538efbf9730e15,dmz_tourism,529,만산동계곡,화천군,reservation_unknown
dmz_tourism:e3538efbf9730e15,dmz_tourism,529,만산동계곡,화천군,id_check_unknown
dmz_tourism:e3538efbf9730e15,dmz_tourism,529,만산동계곡,화천군,accessibility_unknown
dmz_tourism:e3538efbf9730e15,dmz_tourism,529,만산동계곡,화천군,telephone_is_municipal_contact
dmz_tourism:e3538efbf9730e15,dmz_tourism,529,만산동계곡,화천군,image_license_not_verified
dmz_tourism:860cc22309d5c47b,dmz_tourism,530,백암산 케이블카,화천군,operations_unverified
dmz_tourism:860cc22309d5c47b,dmz_tourism,530,백암산 케이블카,화천군,reservation_unknown
dmz_tourism:860cc22309d5c47b,dmz_tourism,530,백암산 케이블카,화천군,id_check_unknown
dmz_tourism:860cc22309d5c47b,dmz_tourism,530,백암산 케이블카,화천군,accessibility_unknown
dmz_tourism:860cc22309d5c47b,dmz_tourism,530,백암산 케이블카,화천군,image_missing
dmz_tourism:ab70449bcbeaa692,dmz_tourism,531,병풍산,화천군,operations_unverified
dmz_tourism:ab70449bcbeaa692,dmz_tourism,531,병풍산,화천군,reservation_unknown
dmz_tourism:ab70449bcbeaa692,dmz_tourism,531,병풍산,화천군,id_check_unknown
dmz_tourism:ab70449bcbeaa692,dmz_tourism,531,병풍산,화천군,accessibility_unknown
dmz_tourism:ab70449bcbeaa692,dmz_tourism,531,병풍산,화천군,telephone_is_municipal_contact
dmz_tourism:ab70449bcbeaa692,dmz_tourism,531,병풍산,화천군,image_license_not_verified
dmz_tourism:c4e9881bd6570e6f,dmz_tourism,532,붕어섬,화천군,operations_unverified
dmz_tourism:c4e9881bd6570e6f,dmz_tourism,532,붕어섬,화천군,reservation_unknown
dmz_tourism:c4e9881bd6570e6f,dmz_tourism,532,붕어섬,화천군,id_check_unknown
dmz_tourism:c4e9881bd6570e6f,dmz_tourism,532,붕어섬,화천군,accessibility_unknown
dmz_tourism:c4e9881bd6570e6f,dmz_tourism,532,붕어섬,화천군,image_license_not_verified
dmz_tourism:b4c753f37b717ef1,dmz_tourism,533,비래암,화천군,operations_unverified
dmz_tourism:b4c753f37b717ef1,dmz_tourism,533,비래암,화천군,reservation_unknown
dmz_tourism:b4c753f37b717ef1,dmz_tourism,533,비래암,화천군,id_check_unknown
dmz_tourism:b4c753f37b717ef1,dmz_tourism,533,비래암,화천군,accessibility_unknown
dmz_tourism:b4c753f37b717ef1,dmz_tourism,533,비래암,화천군,telephone_is_municipal_contact
dmz_tourism:b4c753f37b717ef1,dmz_tourism,533,비래암,화천군,image_license_not_verified
dmz_tourism:f017ba1a452b2f68,dmz_tourism,534,비수구미마을(비수구미계곡),화천군,operations_unverified
dmz_tourism:f017ba1a452b2f68,dmz_tourism,534,비수구미마을(비수구미계곡),화천군,reservation_unknown
dmz_tourism:f017ba1a452b2f68,dmz_tourism,534,비수구미마을(비수구미계곡),화천군,id_check_unknown
dmz_tourism:f017ba1a452b2f68,dmz_tourism,534,비수구미마을(비수구미계곡),화천군,accessibility_unknown
dmz_tourism:f017ba1a452b2f68,dmz_tourism,534,비수구미마을(비수구미계곡),화천군,image_license_not_verified
dmz_tourism:762bcb2fe586abe6,dmz_tourism,535,산속호수마을,화천군,operations_unverified
dmz_tourism:762bcb2fe586abe6,dmz_tourism,535,산속호수마을,화천군,reservation_unknown
dmz_tourism:762bcb2fe586abe6,dmz_tourism,535,산속호수마을,화천군,id_check_unknown
dmz_tourism:762bcb2fe586abe6,dmz_tourism,535,산속호수마을,화천군,accessibility_unknown
dmz_tourism:762bcb2fe586abe6,dmz_tourism,535,산속호수마을,화천군,image_license_not_verified
dmz_tourism:5d0685caf06061d7,dmz_tourism,536,산천어시네마,화천군,operations_unverified
dmz_tourism:5d0685caf06061d7,dmz_tourism,536,산천어시네마,화천군,reservation_unknown
dmz_tourism:5d0685caf06061d7,dmz_tourism,536,산천어시네마,화천군,id_check_unknown
dmz_tourism:5d0685caf06061d7,dmz_tourism,536,산천어시네마,화천군,accessibility_unknown
dmz_tourism:5d0685caf06061d7,dmz_tourism,536,산천어시네마,화천군,image_license_not_verified
dmz_tourism:74e72a688082bc3f,dmz_tourism,537,산천어커피박물관,화천군,operations_unverified
dmz_tourism:74e72a688082bc3f,dmz_tourism,537,산천어커피박물관,화천군,reservation_unknown
dmz_tourism:74e72a688082bc3f,dmz_tourism,537,산천어커피박물관,화천군,id_check_unknown
dmz_tourism:74e72a688082bc3f,dmz_tourism,537,산천어커피박물관,화천군,accessibility_unknown
dmz_tourism:74e72a688082bc3f,dmz_tourism,537,산천어커피박물관,화천군,image_license_not_verified
dmz_tourism:11b9ea7d20954aae,dmz_tourism,538,삼일계곡,화천군,operations_unverified
dmz_tourism:11b9ea7d20954aae,dmz_tourism,538,삼일계곡,화천군,reservation_unknown
dmz_tourism:11b9ea7d20954aae,dmz_tourism,538,삼일계곡,화천군,id_check_unknown
dmz_tourism:11b9ea7d20954aae,dmz_tourism,538,삼일계곡,화천군,accessibility_unknown
dmz_tourism:11b9ea7d20954aae,dmz_tourism,538,삼일계곡,화천군,telephone_is_municipal_contact
dmz_tourism:11b9ea7d20954aae,dmz_tourism,538,삼일계곡,화천군,image_license_not_verified
dmz_tourism:cbda2b0bf4375eb0,dmz_tourism,539,서오지리,화천군,operations_unverified
dmz_tourism:cbda2b0bf4375eb0,dmz_tourism,539,서오지리,화천군,reservation_unknown
dmz_tourism:cbda2b0bf4375eb0,dmz_tourism,539,서오지리,화천군,id_check_unknown
dmz_tourism:cbda2b0bf4375eb0,dmz_tourism,539,서오지리,화천군,accessibility_unknown
dmz_tourism:cbda2b0bf4375eb0,dmz_tourism,539,서오지리,화천군,image_missing
dmz_tourism:cbda2b0bf4375eb0,dmz_tourism,539,서오지리,화천군,telephone_is_municipal_contact
dmz_tourism:30a5b6ea5a0b7a7b,dmz_tourism,540,수달연구센터,화천군,operations_unverified
dmz_tourism:30a5b6ea5a0b7a7b,dmz_tourism,540,수달연구센터,화천군,reservation_unknown
dmz_tourism:30a5b6ea5a0b7a7b,dmz_tourism,540,수달연구센터,화천군,id_check_unknown
dmz_tourism:30a5b6ea5a0b7a7b,dmz_tourism,540,수달연구센터,화천군,accessibility_unknown
dmz_tourism:30a5b6ea5a0b7a7b,dmz_tourism,540,수달연구센터,화천군,image_missing
dmz_tourism:34fa7fdec9e67386,dmz_tourism,541,신읍리 동지화 마을,화천군,operations_unverified
dmz_tourism:34fa7fdec9e67386,dmz_tourism,541,신읍리 동지화 마을,화천군,reservation_unknown
dmz_tourism:34fa7fdec9e67386,dmz_tourism,541,신읍리 동지화 마을,화천군,id_check_unknown
dmz_tourism:34fa7fdec9e67386,dmz_tourism,541,신읍리 동지화 마을,화천군,accessibility_unknown
dmz_tourism:34fa7fdec9e67386,dmz_tourism,541,신읍리 동지화 마을,화천군,telephone_is_municipal_contact
dmz_tourism:34fa7fdec9e67386,dmz_tourism,541,신읍리 동지화 마을,화천군,image_license_not_verified
dmz_tourism:636ba219480950af,dmz_tourism,542,양의대 하천습지,화천군,operations_unverified
dmz_tourism:636ba219480950af,dmz_tourism,542,양의대 하천습지,화천군,reservation_unknown
dmz_tourism:636ba219480950af,dmz_tourism,542,양의대 하천습지,화천군,id_check_unknown
dmz_tourism:636ba219480950af,dmz_tourism,542,양의대 하천습지,화천군,accessibility_unknown
dmz_tourism:636ba219480950af,dmz_tourism,542,양의대 하천습지,화천군,image_missing
dmz_tourism:636ba219480950af,dmz_tourism,542,양의대 하천습지,화천군,telephone_is_municipal_contact
dmz_tourism:5443b81f00f87ee6,dmz_tourism,543,에어링화천,화천군,operations_unverified
dmz_tourism:5443b81f00f87ee6,dmz_tourism,543,에어링화천,화천군,reservation_unknown
dmz_tourism:5443b81f00f87ee6,dmz_tourism,543,에어링화천,화천군,id_check_unknown
dmz_tourism:5443b81f00f87ee6,dmz_tourism,543,에어링화천,화천군,accessibility_unknown
dmz_tourism:5443b81f00f87ee6,dmz_tourism,543,에어링화천,화천군,telephone_is_municipal_contact
dmz_tourism:5443b81f00f87ee6,dmz_tourism,543,에어링화천,화천군,image_license_not_verified
dmz_tourism:917ddaf59d32c239,dmz_tourism,544,연꽃단지,화천군,operations_unverified
dmz_tourism:917ddaf59d32c239,dmz_tourism,544,연꽃단지,화천군,reservation_unknown
dmz_tourism:917ddaf59d32c239,dmz_tourism,544,연꽃단지,화천군,id_check_unknown
dmz_tourism:917ddaf59d32c239,dmz_tourism,544,연꽃단지,화천군,accessibility_unknown
dmz_tourism:917ddaf59d32c239,dmz_tourism,544,연꽃단지,화천군,image_missing
dmz_tourism:917ddaf59d32c239,dmz_tourism,544,연꽃단지,화천군,telephone_is_municipal_contact
dmz_tourism:6c5f7930cc3c2fc1,dmz_tourism,545,용담계곡,화천군,operations_unverified
dmz_tourism:6c5f7930cc3c2fc1,dmz_tourism,545,용담계곡,화천군,reservation_unknown
dmz_tourism:6c5f7930cc3c2fc1,dmz_tourism,545,용담계곡,화천군,id_check_unknown
dmz_tourism:6c5f7930cc3c2fc1,dmz_tourism,545,용담계곡,화천군,accessibility_unknown
dmz_tourism:6c5f7930cc3c2fc1,dmz_tourism,545,용담계곡,화천군,telephone_is_municipal_contact
dmz_tourism:6c5f7930cc3c2fc1,dmz_tourism,545,용담계곡,화천군,image_license_not_verified
dmz_tourism:2aa3493fed9da739,dmz_tourism,546,용암리선사유적,화천군,operations_unverified
dmz_tourism:2aa3493fed9da739,dmz_tourism,546,용암리선사유적,화천군,reservation_unknown
dmz_tourism:2aa3493fed9da739,dmz_tourism,546,용암리선사유적,화천군,id_check_unknown
dmz_tourism:2aa3493fed9da739,dmz_tourism,546,용암리선사유적,화천군,accessibility_unknown
dmz_tourism:2aa3493fed9da739,dmz_tourism,546,용암리선사유적,화천군,image_missing
dmz_tourism:2d63b07958679853,dmz_tourism,547,용화산,화천군,operations_unverified
dmz_tourism:2d63b07958679853,dmz_tourism,547,용화산,화천군,reservation_unknown
dmz_tourism:2d63b07958679853,dmz_tourism,547,용화산,화천군,id_check_unknown
dmz_tourism:2d63b07958679853,dmz_tourism,547,용화산,화천군,accessibility_unknown
dmz_tourism:2d63b07958679853,dmz_tourism,547,용화산,화천군,telephone_is_municipal_contact
dmz_tourism:2d63b07958679853,dmz_tourism,547,용화산,화천군,image_license_not_verified
dmz_tourism:0f092fb0d15bd604,dmz_tourism,548,월남 파병용사 만남의 장,화천군,operations_unverified
dmz_tourism:0f092fb0d15bd604,dmz_tourism,548,월남 파병용사 만남의 장,화천군,reservation_unknown
dmz_tourism:0f092fb0d15bd604,dmz_tourism,548,월남 파병용사 만남의 장,화천군,id_check_unknown
dmz_tourism:0f092fb0d15bd604,dmz_tourism,548,월남 파병용사 만남의 장,화천군,accessibility_unknown
dmz_tourism:0f092fb0d15bd604,dmz_tourism,548,월남 파병용사 만남의 장,화천군,image_license_not_verified
dmz_tourism:481deadf2a63d95a,dmz_tourism,549,위라리칠층석탑,화천군,operations_unverified
dmz_tourism:481deadf2a63d95a,dmz_tourism,549,위라리칠층석탑,화천군,reservation_unknown
dmz_tourism:481deadf2a63d95a,dmz_tourism,549,위라리칠층석탑,화천군,id_check_unknown
dmz_tourism:481deadf2a63d95a,dmz_tourism,549,위라리칠층석탑,화천군,accessibility_unknown
dmz_tourism:481deadf2a63d95a,dmz_tourism,549,위라리칠층석탑,화천군,telephone_is_municipal_contact
dmz_tourism:481deadf2a63d95a,dmz_tourism,549,위라리칠층석탑,화천군,image_license_not_verified
dmz_tourism:00fb47faf212d318,dmz_tourism,550,유촌리 파로호 느릅마을,화천군,operations_unverified
dmz_tourism:00fb47faf212d318,dmz_tourism,550,유촌리 파로호 느릅마을,화천군,reservation_unknown
dmz_tourism:00fb47faf212d318,dmz_tourism,550,유촌리 파로호 느릅마을,화천군,id_check_unknown
dmz_tourism:00fb47faf212d318,dmz_tourism,550,유촌리 파로호 느릅마을,화천군,accessibility_unknown
dmz_tourism:00fb47faf212d318,dmz_tourism,550,유촌리 파로호 느릅마을,화천군,image_license_not_verified
dmz_tourism:aaae6c5f001a3e86,dmz_tourism,551,창안산산림욕장,화천군,operations_unverified
dmz_tourism:aaae6c5f001a3e86,dmz_tourism,551,창안산산림욕장,화천군,reservation_unknown
dmz_tourism:aaae6c5f001a3e86,dmz_tourism,551,창안산산림욕장,화천군,id_check_unknown
dmz_tourism:aaae6c5f001a3e86,dmz_tourism,551,창안산산림욕장,화천군,accessibility_unknown
dmz_tourism:aaae6c5f001a3e86,dmz_tourism,551,창안산산림욕장,화천군,telephone_is_municipal_contact
dmz_tourism:aaae6c5f001a3e86,dmz_tourism,551,창안산산림욕장,화천군,image_license_not_verified
dmz_tourism:6f5682b6ecf437c5,dmz_tourism,552,칠성전망대,화천군,operations_unverified
dmz_tourism:6f5682b6ecf437c5,dmz_tourism,552,칠성전망대,화천군,reservation_unknown
dmz_tourism:6f5682b6ecf437c5,dmz_tourism,552,칠성전망대,화천군,id_check_unknown
dmz_tourism:6f5682b6ecf437c5,dmz_tourism,552,칠성전망대,화천군,accessibility_unknown
dmz_tourism:6f5682b6ecf437c5,dmz_tourism,552,칠성전망대,화천군,telephone_is_municipal_contact
dmz_tourism:6f5682b6ecf437c5,dmz_tourism,552,칠성전망대,화천군,image_license_not_verified
dmz_tourism:f34fcc1643453554,dmz_tourism,553,토마토조각공원,화천군,operations_unverified
dmz_tourism:f34fcc1643453554,dmz_tourism,553,토마토조각공원,화천군,reservation_unknown
dmz_tourism:f34fcc1643453554,dmz_tourism,553,토마토조각공원,화천군,id_check_unknown
dmz_tourism:f34fcc1643453554,dmz_tourism,553,토마토조각공원,화천군,accessibility_unknown
dmz_tourism:f34fcc1643453554,dmz_tourism,553,토마토조각공원,화천군,telephone_is_municipal_contact
dmz_tourism:f34fcc1643453554,dmz_tourism,553,토마토조각공원,화천군,image_license_not_verified
dmz_tourism:85d431e22d2842f8,dmz_tourism,554,파로호(화천),화천군,operations_unverified
dmz_tourism:85d431e22d2842f8,dmz_tourism,554,파로호(화천),화천군,reservation_unknown
dmz_tourism:85d431e22d2842f8,dmz_tourism,554,파로호(화천),화천군,id_check_unknown
dmz_tourism:85d431e22d2842f8,dmz_tourism,554,파로호(화천),화천군,accessibility_unknown
dmz_tourism:85d431e22d2842f8,dmz_tourism,554,파로호(화천),화천군,telephone_is_municipal_contact
dmz_tourism:85d431e22d2842f8,dmz_tourism,554,파로호(화천),화천군,image_license_not_verified
dmz_tourism:be8268a05dbea9a4,dmz_tourism,555,파로호전망대,화천군,operations_unverified
dmz_tourism:be8268a05dbea9a4,dmz_tourism,555,파로호전망대,화천군,reservation_unknown
dmz_tourism:be8268a05dbea9a4,dmz_tourism,555,파로호전망대,화천군,id_check_unknown
dmz_tourism:be8268a05dbea9a4,dmz_tourism,555,파로호전망대,화천군,accessibility_unknown
dmz_tourism:be8268a05dbea9a4,dmz_tourism,555,파로호전망대,화천군,telephone_is_municipal_contact
dmz_tourism:be8268a05dbea9a4,dmz_tourism,555,파로호전망대,화천군,image_license_not_verified
dmz_tourism:020dfd06ce27a270,dmz_tourism,556,평화의 댐 물 문화관,화천군,operations_unverified
dmz_tourism:020dfd06ce27a270,dmz_tourism,556,평화의 댐 물 문화관,화천군,reservation_unknown
dmz_tourism:020dfd06ce27a270,dmz_tourism,556,평화의 댐 물 문화관,화천군,id_check_unknown
dmz_tourism:020dfd06ce27a270,dmz_tourism,556,평화의 댐 물 문화관,화천군,accessibility_unknown
dmz_tourism:020dfd06ce27a270,dmz_tourism,556,평화의 댐 물 문화관,화천군,telephone_is_municipal_contact
dmz_tourism:020dfd06ce27a270,dmz_tourism,556,평화의 댐 물 문화관,화천군,image_license_not_verified
dmz_tourism:ebd03537ef3a6a39,dmz_tourism,557,평화의댐(화천),화천군,operations_unverified
dmz_tourism:ebd03537ef3a6a39,dmz_tourism,557,평화의댐(화천),화천군,reservation_unknown
dmz_tourism:ebd03537ef3a6a39,dmz_tourism,557,평화의댐(화천),화천군,id_check_unknown
dmz_tourism:ebd03537ef3a6a39,dmz_tourism,557,평화의댐(화천),화천군,accessibility_unknown
dmz_tourism:ebd03537ef3a6a39,dmz_tourism,557,평화의댐(화천),화천군,telephone_is_municipal_contact
dmz_tourism:ebd03537ef3a6a39,dmz_tourism,557,평화의댐(화천),화천군,image_license_not_verified
dmz_tourism:fc3cba15c92d19ab,dmz_tourism,560,해산전망대,화천군,operations_unverified
dmz_tourism:fc3cba15c92d19ab,dmz_tourism,560,해산전망대,화천군,reservation_unknown
dmz_tourism:fc3cba15c92d19ab,dmz_tourism,560,해산전망대,화천군,id_check_unknown
dmz_tourism:fc3cba15c92d19ab,dmz_tourism,560,해산전망대,화천군,accessibility_unknown
dmz_tourism:fc3cba15c92d19ab,dmz_tourism,560,해산전망대,화천군,telephone_is_municipal_contact
dmz_tourism:fc3cba15c92d19ab,dmz_tourism,560,해산전망대,화천군,image_license_not_verified
dmz_tourism:95e7cde049f15d5f,dmz_tourism,561,화악산,화천군,operations_unverified
dmz_tourism:95e7cde049f15d5f,dmz_tourism,561,화악산,화천군,reservation_unknown
dmz_tourism:95e7cde049f15d5f,dmz_tourism,561,화악산,화천군,id_check_unknown
dmz_tourism:95e7cde049f15d5f,dmz_tourism,561,화악산,화천군,accessibility_unknown
dmz_tourism:95e7cde049f15d5f,dmz_tourism,561,화악산,화천군,telephone_is_municipal_contact
dmz_tourism:95e7cde049f15d5f,dmz_tourism,561,화악산,화천군,image_license_not_verified
dmz_tourism:86c6bb1da327aeb9,dmz_tourism,562,화음동정사지,화천군,operations_unverified
dmz_tourism:86c6bb1da327aeb9,dmz_tourism,562,화음동정사지,화천군,reservation_unknown
dmz_tourism:86c6bb1da327aeb9,dmz_tourism,562,화음동정사지,화천군,id_check_unknown
dmz_tourism:86c6bb1da327aeb9,dmz_tourism,562,화음동정사지,화천군,accessibility_unknown
dmz_tourism:86c6bb1da327aeb9,dmz_tourism,562,화음동정사지,화천군,telephone_is_municipal_contact
dmz_tourism:86c6bb1da327aeb9,dmz_tourism,562,화음동정사지,화천군,image_license_not_verified
dmz_tourism:c6346e403f5a2b99,dmz_tourism,563,화천 계성리 석등,화천군,operations_unverified
dmz_tourism:c6346e403f5a2b99,dmz_tourism,563,화천 계성리 석등,화천군,reservation_unknown
dmz_tourism:c6346e403f5a2b99,dmz_tourism,563,화천 계성리 석등,화천군,id_check_unknown
dmz_tourism:c6346e403f5a2b99,dmz_tourism,563,화천 계성리 석등,화천군,accessibility_unknown
dmz_tourism:c6346e403f5a2b99,dmz_tourism,563,화천 계성리 석등,화천군,image_missing
dmz_tourism:c6346e403f5a2b99,dmz_tourism,563,화천 계성리 석등,화천군,telephone_is_municipal_contact
dmz_tourism:9d3b876bb15348a3,dmz_tourism,564,화천 구운리 산천어마을,화천군,operations_unverified
dmz_tourism:9d3b876bb15348a3,dmz_tourism,564,화천 구운리 산천어마을,화천군,reservation_unknown
dmz_tourism:9d3b876bb15348a3,dmz_tourism,564,화천 구운리 산천어마을,화천군,id_check_unknown
dmz_tourism:9d3b876bb15348a3,dmz_tourism,564,화천 구운리 산천어마을,화천군,accessibility_unknown
dmz_tourism:9d3b876bb15348a3,dmz_tourism,564,화천 구운리 산천어마을,화천군,image_license_not_verified
dmz_tourism:1e2ddd7162a350e0,dmz_tourism,565,화천 목재문화체험장,화천군,operations_unverified
dmz_tourism:1e2ddd7162a350e0,dmz_tourism,565,화천 목재문화체험장,화천군,reservation_unknown
dmz_tourism:1e2ddd7162a350e0,dmz_tourism,565,화천 목재문화체험장,화천군,id_check_unknown
dmz_tourism:1e2ddd7162a350e0,dmz_tourism,565,화천 목재문화체험장,화천군,accessibility_unknown
dmz_tourism:1e2ddd7162a350e0,dmz_tourism,565,화천 목재문화체험장,화천군,image_license_not_verified
dmz_tourism:f96b88c12aa6bb47,dmz_tourism,566,화천 반지교&아를테마수목공원,화천군,operations_unverified
dmz_tourism:f96b88c12aa6bb47,dmz_tourism,566,화천 반지교&아를테마수목공원,화천군,reservation_unknown
dmz_tourism:f96b88c12aa6bb47,dmz_tourism,566,화천 반지교&아를테마수목공원,화천군,id_check_unknown
dmz_tourism:f96b88c12aa6bb47,dmz_tourism,566,화천 반지교&아를테마수목공원,화천군,accessibility_unknown
dmz_tourism:f96b88c12aa6bb47,dmz_tourism,566,화천 반지교&아를테마수목공원,화천군,image_missing
dmz_tourism:f96b88c12aa6bb47,dmz_tourism,566,화천 반지교&아를테마수목공원,화천군,telephone_is_municipal_contact
dmz_tourism:d2e59cf518b1b564,dmz_tourism,567,화천 백립암복합체,화천군,operations_unverified
dmz_tourism:d2e59cf518b1b564,dmz_tourism,567,화천 백립암복합체,화천군,reservation_unknown
dmz_tourism:d2e59cf518b1b564,dmz_tourism,567,화천 백립암복합체,화천군,id_check_unknown
dmz_tourism:d2e59cf518b1b564,dmz_tourism,567,화천 백립암복합체,화천군,accessibility_unknown
dmz_tourism:d2e59cf518b1b564,dmz_tourism,567,화천 백립암복합체,화천군,telephone_is_municipal_contact
dmz_tourism:d2e59cf518b1b564,dmz_tourism,567,화천 백립암복합체,화천군,image_license_not_verified
dmz_tourism:f97b74a2d7645181,dmz_tourism,568,화천 비목공원,화천군,operations_unverified
dmz_tourism:f97b74a2d7645181,dmz_tourism,568,화천 비목공원,화천군,reservation_unknown
dmz_tourism:f97b74a2d7645181,dmz_tourism,568,화천 비목공원,화천군,id_check_unknown
dmz_tourism:f97b74a2d7645181,dmz_tourism,568,화천 비목공원,화천군,accessibility_unknown
dmz_tourism:f97b74a2d7645181,dmz_tourism,568,화천 비목공원,화천군,telephone_is_municipal_contact
dmz_tourism:f97b74a2d7645181,dmz_tourism,568,화천 비목공원,화천군,image_license_not_verified
dmz_tourism:f27886290b4e5f28,dmz_tourism,569,화천 산약초 마을,화천군,operations_unverified
dmz_tourism:f27886290b4e5f28,dmz_tourism,569,화천 산약초 마을,화천군,reservation_unknown
dmz_tourism:f27886290b4e5f28,dmz_tourism,569,화천 산약초 마을,화천군,id_check_unknown
dmz_tourism:f27886290b4e5f28,dmz_tourism,569,화천 산약초 마을,화천군,accessibility_unknown
dmz_tourism:f27886290b4e5f28,dmz_tourism,569,화천 산약초 마을,화천군,telephone_is_municipal_contact
dmz_tourism:f27886290b4e5f28,dmz_tourism,569,화천 산약초 마을,화천군,image_license_not_verified
dmz_tourism:f0281bf1c9fbcc1d,dmz_tourism,570,화천 토고미마을,화천군,operations_unverified
dmz_tourism:f0281bf1c9fbcc1d,dmz_tourism,570,화천 토고미마을,화천군,reservation_unknown
dmz_tourism:f0281bf1c9fbcc1d,dmz_tourism,570,화천 토고미마을,화천군,id_check_unknown
dmz_tourism:f0281bf1c9fbcc1d,dmz_tourism,570,화천 토고미마을,화천군,accessibility_unknown
dmz_tourism:f0281bf1c9fbcc1d,dmz_tourism,570,화천 토고미마을,화천군,image_missing
dmz_tourism:8d9099cc8af95007,dmz_tourism,571,화천 토속어류생태체험관,화천군,operations_unverified
dmz_tourism:8d9099cc8af95007,dmz_tourism,571,화천 토속어류생태체험관,화천군,reservation_unknown
dmz_tourism:8d9099cc8af95007,dmz_tourism,571,화천 토속어류생태체험관,화천군,id_check_unknown
dmz_tourism:8d9099cc8af95007,dmz_tourism,571,화천 토속어류생태체험관,화천군,accessibility_unknown
dmz_tourism:8d9099cc8af95007,dmz_tourism,571,화천 토속어류생태체험관,화천군,image_license_not_verified
dmz_tourism:8947c5ff96de9ee3,dmz_tourism,572,화천 풍산마을,화천군,operations_unverified
dmz_tourism:8947c5ff96de9ee3,dmz_tourism,572,화천 풍산마을,화천군,reservation_unknown
dmz_tourism:8947c5ff96de9ee3,dmz_tourism,572,화천 풍산마을,화천군,id_check_unknown
dmz_tourism:8947c5ff96de9ee3,dmz_tourism,572,화천 풍산마을,화천군,accessibility_unknown
dmz_tourism:8947c5ff96de9ee3,dmz_tourism,572,화천 풍산마을,화천군,telephone_is_municipal_contact
dmz_tourism:8947c5ff96de9ee3,dmz_tourism,572,화천 풍산마을,화천군,image_license_not_verified
dmz_tourism:b0d42c208fd7dda5,dmz_tourism,573,화천 하늘빛호수마을,화천군,operations_unverified
dmz_tourism:b0d42c208fd7dda5,dmz_tourism,573,화천 하늘빛호수마을,화천군,reservation_unknown
dmz_tourism:b0d42c208fd7dda5,dmz_tourism,573,화천 하늘빛호수마을,화천군,id_check_unknown
dmz_tourism:b0d42c208fd7dda5,dmz_tourism,573,화천 하늘빛호수마을,화천군,accessibility_unknown
dmz_tourism:b0d42c208fd7dda5,dmz_tourism,573,화천 하늘빛호수마을,화천군,image_license_not_verified
dmz_tourism:1f6e999502db63b6,dmz_tourism,574,화천사랑나무,화천군,operations_unverified
dmz_tourism:1f6e999502db63b6,dmz_tourism,574,화천사랑나무,화천군,reservation_unknown
dmz_tourism:1f6e999502db63b6,dmz_tourism,574,화천사랑나무,화천군,id_check_unknown
dmz_tourism:1f6e999502db63b6,dmz_tourism,574,화천사랑나무,화천군,accessibility_unknown
dmz_tourism:1f6e999502db63b6,dmz_tourism,574,화천사랑나무,화천군,image_missing
dmz_tourism:1f6e999502db63b6,dmz_tourism,574,화천사랑나무,화천군,telephone_is_municipal_contact
dmz_tourism:ba74c00870406fb8,dmz_tourism,575,화천조경철천문대,화천군,operations_unverified
dmz_tourism:ba74c00870406fb8,dmz_tourism,575,화천조경철천문대,화천군,reservation_unknown
dmz_tourism:ba74c00870406fb8,dmz_tourism,575,화천조경철천문대,화천군,id_check_unknown
dmz_tourism:ba74c00870406fb8,dmz_tourism,575,화천조경철천문대,화천군,accessibility_unknown
dmz_tourism:ba74c00870406fb8,dmz_tourism,575,화천조경철천문대,화천군,image_license_not_verified
dmz_tourism:a94941f42fd2b0be,dmz_tourism,576,화천향교,화천군,operations_unverified
dmz_tourism:a94941f42fd2b0be,dmz_tourism,576,화천향교,화천군,reservation_unknown
dmz_tourism:a94941f42fd2b0be,dmz_tourism,576,화천향교,화천군,id_check_unknown
dmz_tourism:a94941f42fd2b0be,dmz_tourism,576,화천향교,화천군,accessibility_unknown
dmz_tourism:a94941f42fd2b0be,dmz_tourism,576,화천향교,화천군,telephone_is_municipal_contact
dmz_tourism:a94941f42fd2b0be,dmz_tourism,576,화천향교,화천군,image_license_not_verified
dmz_tourism:bf744537d474b61e,dmz_tourism,577,643고지전투전적비,화천군,operations_unverified
dmz_tourism:bf744537d474b61e,dmz_tourism,577,643고지전투전적비,화천군,reservation_unknown
dmz_tourism:bf744537d474b61e,dmz_tourism,577,643고지전투전적비,화천군,id_check_unknown
dmz_tourism:bf744537d474b61e,dmz_tourism,577,643고지전투전적비,화천군,accessibility_unknown
dmz_tourism:bf744537d474b61e,dmz_tourism,577,643고지전투전적비,화천군,telephone_is_municipal_contact
dmz_tourism:bf744537d474b61e,dmz_tourism,577,643고지전투전적비,화천군,image_license_not_verified
dmz_tourism:bf744537d474b61e,dmz_tourism,577,643고지전투전적비,화천군,duplicate_title_county_review
dmz_tourism:64f9c7c5e422324a,dmz_tourism,578,88공원,화천군,operations_unverified
dmz_tourism:64f9c7c5e422324a,dmz_tourism,578,88공원,화천군,reservation_unknown
dmz_tourism:64f9c7c5e422324a,dmz_tourism,578,88공원,화천군,id_check_unknown
dmz_tourism:64f9c7c5e422324a,dmz_tourism,578,88공원,화천군,accessibility_unknown
dmz_tourism:64f9c7c5e422324a,dmz_tourism,578,88공원,화천군,telephone_is_municipal_contact
dmz_tourism:64f9c7c5e422324a,dmz_tourism,578,88공원,화천군,image_license_not_verified
dmz_tourism:a04f7b66a4cc448f,dmz_tourism,586,거진 등대,고성군,operations_unverified
dmz_tourism:a04f7b66a4cc448f,dmz_tourism,586,거진 등대,고성군,reservation_unknown
dmz_tourism:a04f7b66a4cc448f,dmz_tourism,586,거진 등대,고성군,id_check_unknown
dmz_tourism:a04f7b66a4cc448f,dmz_tourism,586,거진 등대,고성군,accessibility_unknown
dmz_tourism:a04f7b66a4cc448f,dmz_tourism,586,거진 등대,고성군,telephone_is_municipal_contact
dmz_tourism:a04f7b66a4cc448f,dmz_tourism,586,거진 등대,고성군,image_license_not_verified
dmz_tourism:3b56106bfe6d52e6,dmz_tourism,587,거진항,고성군,operations_unverified
dmz_tourism:3b56106bfe6d52e6,dmz_tourism,587,거진항,고성군,reservation_unknown
dmz_tourism:3b56106bfe6d52e6,dmz_tourism,587,거진항,고성군,id_check_unknown
dmz_tourism:3b56106bfe6d52e6,dmz_tourism,587,거진항,고성군,accessibility_unknown
dmz_tourism:3b56106bfe6d52e6,dmz_tourism,587,거진항,고성군,telephone_is_municipal_contact
dmz_tourism:3b56106bfe6d52e6,dmz_tourism,587,거진항,고성군,image_license_not_verified
dmz_tourism:03b7e76162f7963b,dmz_tourism,588,대진항 해상공원,고성군,operations_unverified
dmz_tourism:03b7e76162f7963b,dmz_tourism,588,대진항 해상공원,고성군,reservation_unknown
dmz_tourism:03b7e76162f7963b,dmz_tourism,588,대진항 해상공원,고성군,id_check_unknown
dmz_tourism:03b7e76162f7963b,dmz_tourism,588,대진항 해상공원,고성군,accessibility_unknown
dmz_tourism:03b7e76162f7963b,dmz_tourism,588,대진항 해상공원,고성군,telephone_is_municipal_contact
dmz_tourism:03b7e76162f7963b,dmz_tourism,588,대진항 해상공원,고성군,image_license_not_verified
dmz_tourism:fdecaa5b648734d3,dmz_tourism,589,오호어촌체험마을,고성군,operations_unverified
dmz_tourism:fdecaa5b648734d3,dmz_tourism,589,오호어촌체험마을,고성군,reservation_unknown
dmz_tourism:fdecaa5b648734d3,dmz_tourism,589,오호어촌체험마을,고성군,id_check_unknown
dmz_tourism:fdecaa5b648734d3,dmz_tourism,589,오호어촌체험마을,고성군,accessibility_unknown
dmz_tourism:fdecaa5b648734d3,dmz_tourism,589,오호어촌체험마을,고성군,image_license_not_verified
dmz_tourism:6ac4326f6d181572,dmz_tourism,590,이기붕별장,고성군,operations_unverified
dmz_tourism:6ac4326f6d181572,dmz_tourism,590,이기붕별장,고성군,reservation_unknown
dmz_tourism:6ac4326f6d181572,dmz_tourism,590,이기붕별장,고성군,id_check_unknown
dmz_tourism:6ac4326f6d181572,dmz_tourism,590,이기붕별장,고성군,accessibility_unknown
dmz_tourism:6ac4326f6d181572,dmz_tourism,590,이기붕별장,고성군,image_license_not_verified
dmz_tourism:cac9f23a60787d9a,dmz_tourism,591,통일안보공원,고성군,operations_unverified
dmz_tourism:cac9f23a60787d9a,dmz_tourism,591,통일안보공원,고성군,reservation_unknown
dmz_tourism:cac9f23a60787d9a,dmz_tourism,591,통일안보공원,고성군,id_check_unknown
dmz_tourism:cac9f23a60787d9a,dmz_tourism,591,통일안보공원,고성군,accessibility_unknown
dmz_tourism:cac9f23a60787d9a,dmz_tourism,591,통일안보공원,고성군,image_license_not_verified
dmz_tourism:c33856b8f1719909,dmz_tourism,594,광치자연휴양림,양구군,operations_unverified
dmz_tourism:c33856b8f1719909,dmz_tourism,594,광치자연휴양림,양구군,reservation_unknown
dmz_tourism:c33856b8f1719909,dmz_tourism,594,광치자연휴양림,양구군,id_check_unknown
dmz_tourism:c33856b8f1719909,dmz_tourism,594,광치자연휴양림,양구군,accessibility_unknown
dmz_tourism:c33856b8f1719909,dmz_tourism,594,광치자연휴양림,양구군,image_license_not_verified
dmz_tourism:0dcc8e9b755e3c05,dmz_tourism,595,양구인문학박물관,양구군,operations_unverified
dmz_tourism:0dcc8e9b755e3c05,dmz_tourism,595,양구인문학박물관,양구군,reservation_unknown
dmz_tourism:0dcc8e9b755e3c05,dmz_tourism,595,양구인문학박물관,양구군,id_check_unknown
dmz_tourism:0dcc8e9b755e3c05,dmz_tourism,595,양구인문학박물관,양구군,accessibility_unknown
dmz_tourism:0dcc8e9b755e3c05,dmz_tourism,595,양구인문학박물관,양구군,image_license_not_verified
dmz_tourism:3f670c4fb0c2b125,dmz_tourism,600,국립 방태산자연휴양림,인제군,operations_unverified
dmz_tourism:3f670c4fb0c2b125,dmz_tourism,600,국립 방태산자연휴양림,인제군,reservation_unknown
dmz_tourism:3f670c4fb0c2b125,dmz_tourism,600,국립 방태산자연휴양림,인제군,id_check_unknown
dmz_tourism:3f670c4fb0c2b125,dmz_tourism,600,국립 방태산자연휴양림,인제군,accessibility_unknown
dmz_tourism:3f670c4fb0c2b125,dmz_tourism,600,국립 방태산자연휴양림,인제군,image_license_not_verified
dmz_tourism:5b723b218d20a2cc,dmz_tourism,601,마의태자권역마을,인제군,operations_unverified
dmz_tourism:5b723b218d20a2cc,dmz_tourism,601,마의태자권역마을,인제군,reservation_unknown
dmz_tourism:5b723b218d20a2cc,dmz_tourism,601,마의태자권역마을,인제군,id_check_unknown
dmz_tourism:5b723b218d20a2cc,dmz_tourism,601,마의태자권역마을,인제군,accessibility_unknown
dmz_tourism:5b723b218d20a2cc,dmz_tourism,601,마의태자권역마을,인제군,image_license_not_verified
dmz_tourism:9d297865cf8d52f3,dmz_tourism,602,소양강 하안단구,인제군,operations_unverified
dmz_tourism:9d297865cf8d52f3,dmz_tourism,602,소양강 하안단구,인제군,reservation_unknown
dmz_tourism:9d297865cf8d52f3,dmz_tourism,602,소양강 하안단구,인제군,id_check_unknown
dmz_tourism:9d297865cf8d52f3,dmz_tourism,602,소양강 하안단구,인제군,accessibility_unknown
dmz_tourism:9d297865cf8d52f3,dmz_tourism,602,소양강 하안단구,인제군,telephone_is_municipal_contact
dmz_tourism:9d297865cf8d52f3,dmz_tourism,602,소양강 하안단구,인제군,image_license_not_verified
dmz_tourism:0840cfcd629778a2,dmz_tourism,603,용늪자연생태학교,인제군,operations_unverified
dmz_tourism:0840cfcd629778a2,dmz_tourism,603,용늪자연생태학교,인제군,reservation_unknown
dmz_tourism:0840cfcd629778a2,dmz_tourism,603,용늪자연생태학교,인제군,id_check_unknown
dmz_tourism:0840cfcd629778a2,dmz_tourism,603,용늪자연생태학교,인제군,accessibility_unknown
dmz_tourism:0840cfcd629778a2,dmz_tourism,603,용늪자연생태학교,인제군,image_license_not_verified
dmz_tourism:494cd281ebd7561e,dmz_tourism,604,고석정,철원군,operations_unverified
dmz_tourism:494cd281ebd7561e,dmz_tourism,604,고석정,철원군,reservation_unknown
dmz_tourism:494cd281ebd7561e,dmz_tourism,604,고석정,철원군,id_check_unknown
dmz_tourism:494cd281ebd7561e,dmz_tourism,604,고석정,철원군,accessibility_unknown
dmz_tourism:494cd281ebd7561e,dmz_tourism,604,고석정,철원군,image_license_not_verified
dmz_tourism:2a28d99e14b20257,dmz_tourism,605,백마고지 위령비와 기념관,철원군,operations_unverified
dmz_tourism:2a28d99e14b20257,dmz_tourism,605,백마고지 위령비와 기념관,철원군,reservation_unknown
dmz_tourism:2a28d99e14b20257,dmz_tourism,605,백마고지 위령비와 기념관,철원군,id_check_unknown
dmz_tourism:2a28d99e14b20257,dmz_tourism,605,백마고지 위령비와 기념관,철원군,accessibility_unknown
dmz_tourism:2a28d99e14b20257,dmz_tourism,605,백마고지 위령비와 기념관,철원군,telephone_is_municipal_contact
dmz_tourism:2a28d99e14b20257,dmz_tourism,605,백마고지 위령비와 기념관,철원군,image_license_not_verified
dmz_tourism:1a779dd68bc3f5a0,dmz_tourism,606,철원 누에마을,철원군,operations_unverified
dmz_tourism:1a779dd68bc3f5a0,dmz_tourism,606,철원 누에마을,철원군,reservation_unknown
dmz_tourism:1a779dd68bc3f5a0,dmz_tourism,606,철원 누에마을,철원군,id_check_unknown
dmz_tourism:1a779dd68bc3f5a0,dmz_tourism,606,철원 누에마을,철원군,accessibility_unknown
dmz_tourism:1a779dd68bc3f5a0,dmz_tourism,606,철원 누에마을,철원군,image_license_not_verified
dmz_tourism:35fd7f1ae60e9e1c,dmz_tourism,613,산타우체국,화천군,operations_unverified
dmz_tourism:35fd7f1ae60e9e1c,dmz_tourism,613,산타우체국,화천군,reservation_unknown
dmz_tourism:35fd7f1ae60e9e1c,dmz_tourism,613,산타우체국,화천군,id_check_unknown
dmz_tourism:35fd7f1ae60e9e1c,dmz_tourism,613,산타우체국,화천군,accessibility_unknown
dmz_tourism:35fd7f1ae60e9e1c,dmz_tourism,613,산타우체국,화천군,image_license_not_verified
dmz_tourism:1e1d882846d0672b,dmz_tourism,614,세계 평화의종 공원,화천군,operations_unverified
dmz_tourism:1e1d882846d0672b,dmz_tourism,614,세계 평화의종 공원,화천군,reservation_unknown
dmz_tourism:1e1d882846d0672b,dmz_tourism,614,세계 평화의종 공원,화천군,id_check_unknown
dmz_tourism:1e1d882846d0672b,dmz_tourism,614,세계 평화의종 공원,화천군,accessibility_unknown
dmz_tourism:1e1d882846d0672b,dmz_tourism,614,세계 평화의종 공원,화천군,telephone_is_municipal_contact
dmz_tourism:1e1d882846d0672b,dmz_tourism,614,세계 평화의종 공원,화천군,image_license_not_verified
dmz_tourism:d35d68e8189ffa72,dmz_tourism,615,피니시타워,화천군,operations_unverified
dmz_tourism:d35d68e8189ffa72,dmz_tourism,615,피니시타워,화천군,reservation_unknown
dmz_tourism:d35d68e8189ffa72,dmz_tourism,615,피니시타워,화천군,id_check_unknown
dmz_tourism:d35d68e8189ffa72,dmz_tourism,615,피니시타워,화천군,accessibility_unknown
dmz_tourism:d35d68e8189ffa72,dmz_tourism,615,피니시타워,화천군,telephone_is_municipal_contact
dmz_tourism:d35d68e8189ffa72,dmz_tourism,615,피니시타워,화천군,image_license_not_verified
dmz_cafe:a727cc594d1fad48,dmz_cafe,1560,이디야,철원군,operations_unverified
dmz_cafe:a727cc594d1fad48,dmz_cafe,1560,이디야,철원군,reservation_unknown
dmz_cafe:a727cc594d1fad48,dmz_cafe,1560,이디야,철원군,id_check_unknown
dmz_cafe:a727cc594d1fad48,dmz_cafe,1560,이디야,철원군,accessibility_unknown
dmz_cafe:a727cc594d1fad48,dmz_cafe,1560,이디야,철원군,image_missing
dmz_cafe:e8665d1e44643672,dmz_cafe,1561,알로하,철원군,operations_unverified
dmz_cafe:e8665d1e44643672,dmz_cafe,1561,알로하,철원군,reservation_unknown
dmz_cafe:e8665d1e44643672,dmz_cafe,1561,알로하,철원군,id_check_unknown
dmz_cafe:e8665d1e44643672,dmz_cafe,1561,알로하,철원군,accessibility_unknown
dmz_cafe:e8665d1e44643672,dmz_cafe,1561,알로하,철원군,image_missing
dmz_cafe:a422796ed9b4ea29,dmz_cafe,1571,어울림,철원군,operations_unverified
dmz_cafe:a422796ed9b4ea29,dmz_cafe,1571,어울림,철원군,reservation_unknown
dmz_cafe:a422796ed9b4ea29,dmz_cafe,1571,어울림,철원군,id_check_unknown
dmz_cafe:a422796ed9b4ea29,dmz_cafe,1571,어울림,철원군,accessibility_unknown
dmz_cafe:a422796ed9b4ea29,dmz_cafe,1571,어울림,철원군,image_missing
dmz_cafe:920f777f7dcc86d3,dmz_cafe,1572,커피안,철원군,operations_unverified
dmz_cafe:920f777f7dcc86d3,dmz_cafe,1572,커피안,철원군,reservation_unknown
dmz_cafe:920f777f7dcc86d3,dmz_cafe,1572,커피안,철원군,id_check_unknown
dmz_cafe:920f777f7dcc86d3,dmz_cafe,1572,커피안,철원군,accessibility_unknown
dmz_cafe:920f777f7dcc86d3,dmz_cafe,1572,커피안,철원군,image_missing
dmz_cafe:c0ceaa5b5ab00ecf,dmz_cafe,1573,릴리베이크샵,철원군,operations_unverified
dmz_cafe:c0ceaa5b5ab00ecf,dmz_cafe,1573,릴리베이크샵,철원군,reservation_unknown
dmz_cafe:c0ceaa5b5ab00ecf,dmz_cafe,1573,릴리베이크샵,철원군,id_check_unknown
dmz_cafe:c0ceaa5b5ab00ecf,dmz_cafe,1573,릴리베이크샵,철원군,accessibility_unknown
dmz_cafe:c0ceaa5b5ab00ecf,dmz_cafe,1573,릴리베이크샵,철원군,telephone_missing
dmz_cafe:c0ceaa5b5ab00ecf,dmz_cafe,1573,릴리베이크샵,철원군,image_missing
dmz_cafe:428848d4c9c1f91b,dmz_cafe,1574,이디야철원와수점,철원군,operations_unverified
dmz_cafe:428848d4c9c1f91b,dmz_cafe,1574,이디야철원와수점,철원군,reservation_unknown
dmz_cafe:428848d4c9c1f91b,dmz_cafe,1574,이디야철원와수점,철원군,id_check_unknown
dmz_cafe:428848d4c9c1f91b,dmz_cafe,1574,이디야철원와수점,철원군,accessibility_unknown
dmz_cafe:428848d4c9c1f91b,dmz_cafe,1574,이디야철원와수점,철원군,telephone_missing
dmz_cafe:428848d4c9c1f91b,dmz_cafe,1574,이디야철원와수점,철원군,image_missing
dmz_cafe:7cb85f315fd5204b,dmz_cafe,1575,메가커피와수리점,철원군,operations_unverified
dmz_cafe:7cb85f315fd5204b,dmz_cafe,1575,메가커피와수리점,철원군,reservation_unknown
dmz_cafe:7cb85f315fd5204b,dmz_cafe,1575,메가커피와수리점,철원군,id_check_unknown
dmz_cafe:7cb85f315fd5204b,dmz_cafe,1575,메가커피와수리점,철원군,accessibility_unknown
dmz_cafe:7cb85f315fd5204b,dmz_cafe,1575,메가커피와수리점,철원군,image_missing
dmz_cafe:df77cc0fb1736d45,dmz_cafe,1576,요거프레소(철원갈말점),철원군,operations_unverified
dmz_cafe:df77cc0fb1736d45,dmz_cafe,1576,요거프레소(철원갈말점),철원군,reservation_unknown
dmz_cafe:df77cc0fb1736d45,dmz_cafe,1576,요거프레소(철원갈말점),철원군,id_check_unknown
dmz_cafe:df77cc0fb1736d45,dmz_cafe,1576,요거프레소(철원갈말점),철원군,accessibility_unknown
dmz_cafe:df77cc0fb1736d45,dmz_cafe,1576,요거프레소(철원갈말점),철원군,image_missing
dmz_cafe:ad961da8ad56253f,dmz_cafe,1577,카페오후3시,철원군,operations_unverified
dmz_cafe:ad961da8ad56253f,dmz_cafe,1577,카페오후3시,철원군,reservation_unknown
dmz_cafe:ad961da8ad56253f,dmz_cafe,1577,카페오후3시,철원군,id_check_unknown
dmz_cafe:ad961da8ad56253f,dmz_cafe,1577,카페오후3시,철원군,accessibility_unknown
dmz_cafe:ad961da8ad56253f,dmz_cafe,1577,카페오후3시,철원군,telephone_missing
dmz_cafe:ad961da8ad56253f,dmz_cafe,1577,카페오후3시,철원군,image_missing
dmz_cafe:4e2606a0cb3d3371,dmz_cafe,1578,카페두루미(cafe GRU),철원군,operations_unverified
dmz_cafe:4e2606a0cb3d3371,dmz_cafe,1578,카페두루미(cafe GRU),철원군,reservation_unknown
dmz_cafe:4e2606a0cb3d3371,dmz_cafe,1578,카페두루미(cafe GRU),철원군,id_check_unknown
dmz_cafe:4e2606a0cb3d3371,dmz_cafe,1578,카페두루미(cafe GRU),철원군,accessibility_unknown
dmz_cafe:4e2606a0cb3d3371,dmz_cafe,1578,카페두루미(cafe GRU),철원군,telephone_missing
dmz_cafe:4e2606a0cb3d3371,dmz_cafe,1578,카페두루미(cafe GRU),철원군,image_missing
dmz_cafe:62099d47f21e119a,dmz_cafe,1579,더벤티철원와수점,철원군,operations_unverified
dmz_cafe:62099d47f21e119a,dmz_cafe,1579,더벤티철원와수점,철원군,reservation_unknown
dmz_cafe:62099d47f21e119a,dmz_cafe,1579,더벤티철원와수점,철원군,id_check_unknown
dmz_cafe:62099d47f21e119a,dmz_cafe,1579,더벤티철원와수점,철원군,accessibility_unknown
dmz_cafe:62099d47f21e119a,dmz_cafe,1579,더벤티철원와수점,철원군,image_missing
dmz_cafe:c1f09ec68184b165,dmz_cafe,1580,메머드익스프레스철원동송점,철원군,operations_unverified
dmz_cafe:c1f09ec68184b165,dmz_cafe,1580,메머드익스프레스철원동송점,철원군,reservation_unknown
dmz_cafe:c1f09ec68184b165,dmz_cafe,1580,메머드익스프레스철원동송점,철원군,id_check_unknown
dmz_cafe:c1f09ec68184b165,dmz_cafe,1580,메머드익스프레스철원동송점,철원군,accessibility_unknown
dmz_cafe:c1f09ec68184b165,dmz_cafe,1580,메머드익스프레스철원동송점,철원군,telephone_missing
dmz_cafe:c1f09ec68184b165,dmz_cafe,1580,메머드익스프레스철원동송점,철원군,image_missing
dmz_cafe:59d278a3239643ee,dmz_cafe,1581,직원카페,인제군,operations_unverified
dmz_cafe:59d278a3239643ee,dmz_cafe,1581,직원카페,인제군,reservation_unknown
dmz_cafe:59d278a3239643ee,dmz_cafe,1581,직원카페,인제군,id_check_unknown
dmz_cafe:59d278a3239643ee,dmz_cafe,1581,직원카페,인제군,accessibility_unknown
dmz_cafe:59d278a3239643ee,dmz_cafe,1581,직원카페,인제군,telephone_missing
dmz_cafe:59d278a3239643ee,dmz_cafe,1581,직원카페,인제군,image_missing
dmz_cafe:4c4caeb989b2d3f5,dmz_cafe,1582,"수고했어, 오늘도",철원군,operations_unverified
dmz_cafe:4c4caeb989b2d3f5,dmz_cafe,1582,"수고했어, 오늘도",철원군,reservation_unknown
dmz_cafe:4c4caeb989b2d3f5,dmz_cafe,1582,"수고했어, 오늘도",철원군,id_check_unknown
dmz_cafe:4c4caeb989b2d3f5,dmz_cafe,1582,"수고했어, 오늘도",철원군,accessibility_unknown
dmz_cafe:4c4caeb989b2d3f5,dmz_cafe,1582,"수고했어, 오늘도",철원군,telephone_missing
dmz_cafe:4c4caeb989b2d3f5,dmz_cafe,1582,"수고했어, 오늘도",철원군,image_missing
dmz_cafe:cf6ed7f717af4362,dmz_cafe,1583,단풍도넛,철원군,operations_unverified
dmz_cafe:cf6ed7f717af4362,dmz_cafe,1583,단풍도넛,철원군,reservation_unknown
dmz_cafe:cf6ed7f717af4362,dmz_cafe,1583,단풍도넛,철원군,id_check_unknown
dmz_cafe:cf6ed7f717af4362,dmz_cafe,1583,단풍도넛,철원군,accessibility_unknown
dmz_cafe:cf6ed7f717af4362,dmz_cafe,1583,단풍도넛,철원군,telephone_missing
dmz_cafe:cf6ed7f717af4362,dmz_cafe,1583,단풍도넛,철원군,image_missing
dmz_cafe:a633fc1a457f98f4,dmz_cafe,1584,(노인일자리사업단) 심쿵,철원군,operations_unverified
dmz_cafe:a633fc1a457f98f4,dmz_cafe,1584,(노인일자리사업단) 심쿵,철원군,reservation_unknown
dmz_cafe:a633fc1a457f98f4,dmz_cafe,1584,(노인일자리사업단) 심쿵,철원군,id_check_unknown
dmz_cafe:a633fc1a457f98f4,dmz_cafe,1584,(노인일자리사업단) 심쿵,철원군,accessibility_unknown
dmz_cafe:a633fc1a457f98f4,dmz_cafe,1584,(노인일자리사업단) 심쿵,철원군,image_missing
dmz_cafe:0764b1033b1062d3,dmz_cafe,1585,와플대학 갈말도서관캠퍼스,철원군,operations_unverified
dmz_cafe:0764b1033b1062d3,dmz_cafe,1585,와플대학 갈말도서관캠퍼스,철원군,reservation_unknown
dmz_cafe:0764b1033b1062d3,dmz_cafe,1585,와플대학 갈말도서관캠퍼스,철원군,id_check_unknown
dmz_cafe:0764b1033b1062d3,dmz_cafe,1585,와플대학 갈말도서관캠퍼스,철원군,accessibility_unknown
dmz_cafe:0764b1033b1062d3,dmz_cafe,1585,와플대학 갈말도서관캠퍼스,철원군,image_missing
dmz_cafe:c86cc60073ea2bd0,dmz_cafe,1586,마실,철원군,operations_unverified
dmz_cafe:c86cc60073ea2bd0,dmz_cafe,1586,마실,철원군,reservation_unknown
dmz_cafe:c86cc60073ea2bd0,dmz_cafe,1586,마실,철원군,id_check_unknown
dmz_cafe:c86cc60073ea2bd0,dmz_cafe,1586,마실,철원군,accessibility_unknown
dmz_cafe:c86cc60073ea2bd0,dmz_cafe,1586,마실,철원군,telephone_missing
dmz_cafe:c86cc60073ea2bd0,dmz_cafe,1586,마실,철원군,image_missing
dmz_cafe:ac53fc3116cbf9ea,dmz_cafe,1587,동송돈가스,철원군,operations_unverified
dmz_cafe:ac53fc3116cbf9ea,dmz_cafe,1587,동송돈가스,철원군,reservation_unknown
dmz_cafe:ac53fc3116cbf9ea,dmz_cafe,1587,동송돈가스,철원군,id_check_unknown
dmz_cafe:ac53fc3116cbf9ea,dmz_cafe,1587,동송돈가스,철원군,accessibility_unknown
dmz_cafe:ac53fc3116cbf9ea,dmz_cafe,1587,동송돈가스,철원군,image_missing
dmz_cafe:3d87310533b93807,dmz_cafe,1588,우주인 무인카페,철원군,operations_unverified
dmz_cafe:3d87310533b93807,dmz_cafe,1588,우주인 무인카페,철원군,reservation_unknown
dmz_cafe:3d87310533b93807,dmz_cafe,1588,우주인 무인카페,철원군,id_check_unknown
dmz_cafe:3d87310533b93807,dmz_cafe,1588,우주인 무인카페,철원군,accessibility_unknown
dmz_cafe:3d87310533b93807,dmz_cafe,1588,우주인 무인카페,철원군,telephone_missing
dmz_cafe:3d87310533b93807,dmz_cafe,1588,우주인 무인카페,철원군,image_missing
dmz_cafe:73dd268fb94f1197,dmz_cafe,1589,투썸플레이스 동송점,철원군,operations_unverified
dmz_cafe:73dd268fb94f1197,dmz_cafe,1589,투썸플레이스 동송점,철원군,reservation_unknown
dmz_cafe:73dd268fb94f1197,dmz_cafe,1589,투썸플레이스 동송점,철원군,id_check_unknown
dmz_cafe:73dd268fb94f1197,dmz_cafe,1589,투썸플레이스 동송점,철원군,accessibility_unknown
dmz_cafe:73dd268fb94f1197,dmz_cafe,1589,투썸플레이스 동송점,철원군,telephone_missing
dmz_cafe:73dd268fb94f1197,dmz_cafe,1589,투썸플레이스 동송점,철원군,image_missing
dmz_cafe:4d6a9619cf69c0ac,dmz_cafe,1590,커피베이,철원군,operations_unverified
dmz_cafe:4d6a9619cf69c0ac,dmz_cafe,1590,커피베이,철원군,reservation_unknown
dmz_cafe:4d6a9619cf69c0ac,dmz_cafe,1590,커피베이,철원군,id_check_unknown
dmz_cafe:4d6a9619cf69c0ac,dmz_cafe,1590,커피베이,철원군,accessibility_unknown
dmz_cafe:4d6a9619cf69c0ac,dmz_cafe,1590,커피베이,철원군,image_missing
dmz_cafe:60f995382de0a8ea,dmz_cafe,1591,투썸플레이스 철원주상절리점,철원군,operations_unverified
dmz_cafe:60f995382de0a8ea,dmz_cafe,1591,투썸플레이스 철원주상절리점,철원군,reservation_unknown
dmz_cafe:60f995382de0a8ea,dmz_cafe,1591,투썸플레이스 철원주상절리점,철원군,id_check_unknown
dmz_cafe:60f995382de0a8ea,dmz_cafe,1591,투썸플레이스 철원주상절리점,철원군,accessibility_unknown
dmz_cafe:60f995382de0a8ea,dmz_cafe,1591,투썸플레이스 철원주상절리점,철원군,image_missing
dmz_cafe:d01e276e3b7f6d73,dmz_cafe,1592,카페리아,철원군,operations_unverified
dmz_cafe:d01e276e3b7f6d73,dmz_cafe,1592,카페리아,철원군,reservation_unknown
dmz_cafe:d01e276e3b7f6d73,dmz_cafe,1592,카페리아,철원군,id_check_unknown
dmz_cafe:d01e276e3b7f6d73,dmz_cafe,1592,카페리아,철원군,accessibility_unknown
dmz_cafe:d01e276e3b7f6d73,dmz_cafe,1592,카페리아,철원군,telephone_missing
dmz_cafe:d01e276e3b7f6d73,dmz_cafe,1592,카페리아,철원군,image_missing
dmz_cafe:50fbb6baff3bd300,dmz_cafe,1593,투썸플레이스 철원와수점,철원군,operations_unverified
dmz_cafe:50fbb6baff3bd300,dmz_cafe,1593,투썸플레이스 철원와수점,철원군,reservation_unknown
dmz_cafe:50fbb6baff3bd300,dmz_cafe,1593,투썸플레이스 철원와수점,철원군,id_check_unknown
dmz_cafe:50fbb6baff3bd300,dmz_cafe,1593,투썸플레이스 철원와수점,철원군,accessibility_unknown
dmz_cafe:50fbb6baff3bd300,dmz_cafe,1593,투썸플레이스 철원와수점,철원군,image_missing
dmz_cafe:980efc5d906c3c2d,dmz_cafe,1594,코다,철원군,operations_unverified
dmz_cafe:980efc5d906c3c2d,dmz_cafe,1594,코다,철원군,reservation_unknown
dmz_cafe:980efc5d906c3c2d,dmz_cafe,1594,코다,철원군,id_check_unknown
dmz_cafe:980efc5d906c3c2d,dmz_cafe,1594,코다,철원군,accessibility_unknown
dmz_cafe:980efc5d906c3c2d,dmz_cafe,1594,코다,철원군,telephone_missing
dmz_cafe:980efc5d906c3c2d,dmz_cafe,1594,코다,철원군,image_missing
dmz_cafe:5a7abedb206daae5,dmz_cafe,1595,인경화이트하우스,철원군,operations_unverified
dmz_cafe:5a7abedb206daae5,dmz_cafe,1595,인경화이트하우스,철원군,reservation_unknown
dmz_cafe:5a7abedb206daae5,dmz_cafe,1595,인경화이트하우스,철원군,id_check_unknown
dmz_cafe:5a7abedb206daae5,dmz_cafe,1595,인경화이트하우스,철원군,accessibility_unknown
dmz_cafe:5a7abedb206daae5,dmz_cafe,1595,인경화이트하우스,철원군,telephone_missing
dmz_cafe:5a7abedb206daae5,dmz_cafe,1595,인경화이트하우스,철원군,image_missing
dmz_cafe:c2583e979fbff885,dmz_cafe,1596,브로트퀸즈제빵소,철원군,operations_unverified
dmz_cafe:c2583e979fbff885,dmz_cafe,1596,브로트퀸즈제빵소,철원군,reservation_unknown
dmz_cafe:c2583e979fbff885,dmz_cafe,1596,브로트퀸즈제빵소,철원군,id_check_unknown
dmz_cafe:c2583e979fbff885,dmz_cafe,1596,브로트퀸즈제빵소,철원군,accessibility_unknown
dmz_cafe:c2583e979fbff885,dmz_cafe,1596,브로트퀸즈제빵소,철원군,image_missing
dmz_cafe:1be8adea587ebf24,dmz_cafe,1597,오라또,철원군,operations_unverified
dmz_cafe:1be8adea587ebf24,dmz_cafe,1597,오라또,철원군,reservation_unknown
dmz_cafe:1be8adea587ebf24,dmz_cafe,1597,오라또,철원군,id_check_unknown
dmz_cafe:1be8adea587ebf24,dmz_cafe,1597,오라또,철원군,accessibility_unknown
dmz_cafe:1be8adea587ebf24,dmz_cafe,1597,오라또,철원군,telephone_missing
dmz_cafe:1be8adea587ebf24,dmz_cafe,1597,오라또,철원군,image_missing
dmz_cafe:6777020e39fbd60a,dmz_cafe,1598,앨리커피,철원군,operations_unverified
dmz_cafe:6777020e39fbd60a,dmz_cafe,1598,앨리커피,철원군,reservation_unknown
dmz_cafe:6777020e39fbd60a,dmz_cafe,1598,앨리커피,철원군,id_check_unknown
dmz_cafe:6777020e39fbd60a,dmz_cafe,1598,앨리커피,철원군,accessibility_unknown
dmz_cafe:6777020e39fbd60a,dmz_cafe,1598,앨리커피,철원군,telephone_missing
dmz_cafe:6777020e39fbd60a,dmz_cafe,1598,앨리커피,철원군,image_missing
dmz_cafe:c3586d4b40659290,dmz_cafe,1599,햇살좋은날 2호점,철원군,operations_unverified
dmz_cafe:c3586d4b40659290,dmz_cafe,1599,햇살좋은날 2호점,철원군,reservation_unknown
dmz_cafe:c3586d4b40659290,dmz_cafe,1599,햇살좋은날 2호점,철원군,id_check_unknown
dmz_cafe:c3586d4b40659290,dmz_cafe,1599,햇살좋은날 2호점,철원군,accessibility_unknown
dmz_cafe:c3586d4b40659290,dmz_cafe,1599,햇살좋은날 2호점,철원군,image_missing
dmz_cafe:3e369c0d585f2d06,dmz_cafe,1600,카페카테고리,철원군,operations_unverified
dmz_cafe:3e369c0d585f2d06,dmz_cafe,1600,카페카테고리,철원군,reservation_unknown
dmz_cafe:3e369c0d585f2d06,dmz_cafe,1600,카페카테고리,철원군,id_check_unknown
dmz_cafe:3e369c0d585f2d06,dmz_cafe,1600,카페카테고리,철원군,accessibility_unknown
dmz_cafe:3e369c0d585f2d06,dmz_cafe,1600,카페카테고리,철원군,telephone_missing
dmz_cafe:3e369c0d585f2d06,dmz_cafe,1600,카페카테고리,철원군,image_missing
dmz_cafe:b1edf4a1b0db7822,dmz_cafe,1601,미리내,철원군,operations_unverified
dmz_cafe:b1edf4a1b0db7822,dmz_cafe,1601,미리내,철원군,reservation_unknown
dmz_cafe:b1edf4a1b0db7822,dmz_cafe,1601,미리내,철원군,id_check_unknown
dmz_cafe:b1edf4a1b0db7822,dmz_cafe,1601,미리내,철원군,accessibility_unknown
dmz_cafe:b1edf4a1b0db7822,dmz_cafe,1601,미리내,철원군,telephone_missing
dmz_cafe:b1edf4a1b0db7822,dmz_cafe,1601,미리내,철원군,image_missing
dmz_cafe:31cba1dbf5e6e2d3,dmz_cafe,1602,빽다방 철원동송점,철원군,operations_unverified
dmz_cafe:31cba1dbf5e6e2d3,dmz_cafe,1602,빽다방 철원동송점,철원군,reservation_unknown
dmz_cafe:31cba1dbf5e6e2d3,dmz_cafe,1602,빽다방 철원동송점,철원군,id_check_unknown
dmz_cafe:31cba1dbf5e6e2d3,dmz_cafe,1602,빽다방 철원동송점,철원군,accessibility_unknown
dmz_cafe:31cba1dbf5e6e2d3,dmz_cafe,1602,빽다방 철원동송점,철원군,telephone_missing
dmz_cafe:31cba1dbf5e6e2d3,dmz_cafe,1602,빽다방 철원동송점,철원군,image_missing
dmz_cafe:56e5278690349bb7,dmz_cafe,1603,힐링카페,철원군,operations_unverified
dmz_cafe:56e5278690349bb7,dmz_cafe,1603,힐링카페,철원군,reservation_unknown
dmz_cafe:56e5278690349bb7,dmz_cafe,1603,힐링카페,철원군,id_check_unknown
dmz_cafe:56e5278690349bb7,dmz_cafe,1603,힐링카페,철원군,accessibility_unknown
dmz_cafe:56e5278690349bb7,dmz_cafe,1603,힐링카페,철원군,telephone_missing
dmz_cafe:56e5278690349bb7,dmz_cafe,1603,힐링카페,철원군,image_missing
dmz_cafe:6b11b19a57ed1034,dmz_cafe,1604,카페 그리고,철원군,operations_unverified
dmz_cafe:6b11b19a57ed1034,dmz_cafe,1604,카페 그리고,철원군,reservation_unknown
dmz_cafe:6b11b19a57ed1034,dmz_cafe,1604,카페 그리고,철원군,id_check_unknown
dmz_cafe:6b11b19a57ed1034,dmz_cafe,1604,카페 그리고,철원군,accessibility_unknown
dmz_cafe:6b11b19a57ed1034,dmz_cafe,1604,카페 그리고,철원군,telephone_missing
dmz_cafe:6b11b19a57ed1034,dmz_cafe,1604,카페 그리고,철원군,image_missing
dmz_cafe:69d6cbef770e074b,dmz_cafe,1605,미엘리커피숍,철원군,operations_unverified
dmz_cafe:69d6cbef770e074b,dmz_cafe,1605,미엘리커피숍,철원군,reservation_unknown
dmz_cafe:69d6cbef770e074b,dmz_cafe,1605,미엘리커피숍,철원군,id_check_unknown
dmz_cafe:69d6cbef770e074b,dmz_cafe,1605,미엘리커피숍,철원군,accessibility_unknown
dmz_cafe:69d6cbef770e074b,dmz_cafe,1605,미엘리커피숍,철원군,telephone_missing
dmz_cafe:69d6cbef770e074b,dmz_cafe,1605,미엘리커피숍,철원군,image_missing
dmz_cafe:c311d0e34dd541d5,dmz_cafe,1606,볼링카페,철원군,operations_unverified
dmz_cafe:c311d0e34dd541d5,dmz_cafe,1606,볼링카페,철원군,reservation_unknown
dmz_cafe:c311d0e34dd541d5,dmz_cafe,1606,볼링카페,철원군,id_check_unknown
dmz_cafe:c311d0e34dd541d5,dmz_cafe,1606,볼링카페,철원군,accessibility_unknown
dmz_cafe:c311d0e34dd541d5,dmz_cafe,1606,볼링카페,철원군,telephone_missing
dmz_cafe:c311d0e34dd541d5,dmz_cafe,1606,볼링카페,철원군,image_missing
dmz_cafe:8edbe50ef939966c,dmz_cafe,1607,꿀스커피 철원점,철원군,operations_unverified
dmz_cafe:8edbe50ef939966c,dmz_cafe,1607,꿀스커피 철원점,철원군,reservation_unknown
dmz_cafe:8edbe50ef939966c,dmz_cafe,1607,꿀스커피 철원점,철원군,id_check_unknown
dmz_cafe:8edbe50ef939966c,dmz_cafe,1607,꿀스커피 철원점,철원군,accessibility_unknown
dmz_cafe:8edbe50ef939966c,dmz_cafe,1607,꿀스커피 철원점,철원군,telephone_missing
dmz_cafe:8edbe50ef939966c,dmz_cafe,1607,꿀스커피 철원점,철원군,image_missing
dmz_cafe:258f13e9eeb899c8,dmz_cafe,1608,커피에 반하다 철원김화점,철원군,operations_unverified
dmz_cafe:258f13e9eeb899c8,dmz_cafe,1608,커피에 반하다 철원김화점,철원군,reservation_unknown
dmz_cafe:258f13e9eeb899c8,dmz_cafe,1608,커피에 반하다 철원김화점,철원군,id_check_unknown
dmz_cafe:258f13e9eeb899c8,dmz_cafe,1608,커피에 반하다 철원김화점,철원군,accessibility_unknown
dmz_cafe:258f13e9eeb899c8,dmz_cafe,1608,커피에 반하다 철원김화점,철원군,telephone_missing
dmz_cafe:258f13e9eeb899c8,dmz_cafe,1608,커피에 반하다 철원김화점,철원군,image_missing
dmz_cafe:c4872c041cc7f2c1,dmz_cafe,1609,카페논에,철원군,operations_unverified
dmz_cafe:c4872c041cc7f2c1,dmz_cafe,1609,카페논에,철원군,reservation_unknown
dmz_cafe:c4872c041cc7f2c1,dmz_cafe,1609,카페논에,철원군,id_check_unknown
dmz_cafe:c4872c041cc7f2c1,dmz_cafe,1609,카페논에,철원군,accessibility_unknown
dmz_cafe:c4872c041cc7f2c1,dmz_cafe,1609,카페논에,철원군,telephone_missing
dmz_cafe:c4872c041cc7f2c1,dmz_cafe,1609,카페논에,철원군,image_missing
dmz_cafe:e3d4282fd1e6aeb3,dmz_cafe,1610,커피에 반하다 철원국민체육센터점,철원군,operations_unverified
dmz_cafe:e3d4282fd1e6aeb3,dmz_cafe,1610,커피에 반하다 철원국민체육센터점,철원군,reservation_unknown
dmz_cafe:e3d4282fd1e6aeb3,dmz_cafe,1610,커피에 반하다 철원국민체육센터점,철원군,id_check_unknown
dmz_cafe:e3d4282fd1e6aeb3,dmz_cafe,1610,커피에 반하다 철원국민체육센터점,철원군,accessibility_unknown
dmz_cafe:e3d4282fd1e6aeb3,dmz_cafe,1610,커피에 반하다 철원국민체육센터점,철원군,image_missing
dmz_cafe:31aff510cbf0d120,dmz_cafe,1611,라스베이글&뜰,철원군,operations_unverified
dmz_cafe:31aff510cbf0d120,dmz_cafe,1611,라스베이글&뜰,철원군,reservation_unknown
dmz_cafe:31aff510cbf0d120,dmz_cafe,1611,라스베이글&뜰,철원군,id_check_unknown
dmz_cafe:31aff510cbf0d120,dmz_cafe,1611,라스베이글&뜰,철원군,accessibility_unknown
dmz_cafe:31aff510cbf0d120,dmz_cafe,1611,라스베이글&뜰,철원군,telephone_missing
dmz_cafe:31aff510cbf0d120,dmz_cafe,1611,라스베이글&뜰,철원군,image_missing
dmz_cafe:de9567aa0588997b,dmz_cafe,1612,쉼,철원군,operations_unverified
dmz_cafe:de9567aa0588997b,dmz_cafe,1612,쉼,철원군,reservation_unknown
dmz_cafe:de9567aa0588997b,dmz_cafe,1612,쉼,철원군,id_check_unknown
dmz_cafe:de9567aa0588997b,dmz_cafe,1612,쉼,철원군,accessibility_unknown
dmz_cafe:de9567aa0588997b,dmz_cafe,1612,쉼,철원군,telephone_missing
dmz_cafe:de9567aa0588997b,dmz_cafe,1612,쉼,철원군,image_missing
dmz_cafe:0286790cd8c369aa,dmz_cafe,1613,군청앞카페,철원군,operations_unverified
dmz_cafe:0286790cd8c369aa,dmz_cafe,1613,군청앞카페,철원군,reservation_unknown
dmz_cafe:0286790cd8c369aa,dmz_cafe,1613,군청앞카페,철원군,id_check_unknown
dmz_cafe:0286790cd8c369aa,dmz_cafe,1613,군청앞카페,철원군,accessibility_unknown
dmz_cafe:0286790cd8c369aa,dmz_cafe,1613,군청앞카페,철원군,telephone_missing
dmz_cafe:0286790cd8c369aa,dmz_cafe,1613,군청앞카페,철원군,image_missing
dmz_cafe:0b6eea88fb192fc6,dmz_cafe,1614,실과바늘이야기 공방커피,철원군,operations_unverified
dmz_cafe:0b6eea88fb192fc6,dmz_cafe,1614,실과바늘이야기 공방커피,철원군,reservation_unknown
dmz_cafe:0b6eea88fb192fc6,dmz_cafe,1614,실과바늘이야기 공방커피,철원군,id_check_unknown
dmz_cafe:0b6eea88fb192fc6,dmz_cafe,1614,실과바늘이야기 공방커피,철원군,accessibility_unknown
dmz_cafe:0b6eea88fb192fc6,dmz_cafe,1614,실과바늘이야기 공방커피,철원군,image_missing
dmz_cafe:2e9091ad562ee78e,dmz_cafe,1615,메가커피신철원점,철원군,operations_unverified
dmz_cafe:2e9091ad562ee78e,dmz_cafe,1615,메가커피신철원점,철원군,reservation_unknown
dmz_cafe:2e9091ad562ee78e,dmz_cafe,1615,메가커피신철원점,철원군,id_check_unknown
dmz_cafe:2e9091ad562ee78e,dmz_cafe,1615,메가커피신철원점,철원군,accessibility_unknown
dmz_cafe:2e9091ad562ee78e,dmz_cafe,1615,메가커피신철원점,철원군,telephone_missing
dmz_cafe:2e9091ad562ee78e,dmz_cafe,1615,메가커피신철원점,철원군,image_missing
dmz_cafe:d3784b02e5ff44ff,dmz_cafe,1616,빽다방 철원와수리점,철원군,operations_unverified
dmz_cafe:d3784b02e5ff44ff,dmz_cafe,1616,빽다방 철원와수리점,철원군,reservation_unknown
dmz_cafe:d3784b02e5ff44ff,dmz_cafe,1616,빽다방 철원와수리점,철원군,id_check_unknown
dmz_cafe:d3784b02e5ff44ff,dmz_cafe,1616,빽다방 철원와수리점,철원군,accessibility_unknown
dmz_cafe:d3784b02e5ff44ff,dmz_cafe,1616,빽다방 철원와수리점,철원군,telephone_missing
dmz_cafe:d3784b02e5ff44ff,dmz_cafe,1616,빽다방 철원와수리점,철원군,image_missing
dmz_cafe:3849abb9f7da8d83,dmz_cafe,1617,멜란지(melange),철원군,operations_unverified
dmz_cafe:3849abb9f7da8d83,dmz_cafe,1617,멜란지(melange),철원군,reservation_unknown
dmz_cafe:3849abb9f7da8d83,dmz_cafe,1617,멜란지(melange),철원군,id_check_unknown
dmz_cafe:3849abb9f7da8d83,dmz_cafe,1617,멜란지(melange),철원군,accessibility_unknown
dmz_cafe:3849abb9f7da8d83,dmz_cafe,1617,멜란지(melange),철원군,telephone_missing
dmz_cafe:3849abb9f7da8d83,dmz_cafe,1617,멜란지(melange),철원군,image_missing
dmz_cafe:560486a4db3e82e6,dmz_cafe,1618,컴포즈커피 강원신철원점,철원군,operations_unverified
dmz_cafe:560486a4db3e82e6,dmz_cafe,1618,컴포즈커피 강원신철원점,철원군,reservation_unknown
dmz_cafe:560486a4db3e82e6,dmz_cafe,1618,컴포즈커피 강원신철원점,철원군,id_check_unknown
dmz_cafe:560486a4db3e82e6,dmz_cafe,1618,컴포즈커피 강원신철원점,철원군,accessibility_unknown
dmz_cafe:560486a4db3e82e6,dmz_cafe,1618,컴포즈커피 강원신철원점,철원군,telephone_missing
dmz_cafe:560486a4db3e82e6,dmz_cafe,1618,컴포즈커피 강원신철원점,철원군,image_missing
dmz_cafe:62bd870913951804,dmz_cafe,1619,손길,철원군,operations_unverified
dmz_cafe:62bd870913951804,dmz_cafe,1619,손길,철원군,reservation_unknown
dmz_cafe:62bd870913951804,dmz_cafe,1619,손길,철원군,id_check_unknown
dmz_cafe:62bd870913951804,dmz_cafe,1619,손길,철원군,accessibility_unknown
dmz_cafe:62bd870913951804,dmz_cafe,1619,손길,철원군,telephone_missing
dmz_cafe:62bd870913951804,dmz_cafe,1619,손길,철원군,image_missing
dmz_cafe:023408b6bf377e3c,dmz_cafe,1620,커피홀베이커리 철원동송점,철원군,operations_unverified
dmz_cafe:023408b6bf377e3c,dmz_cafe,1620,커피홀베이커리 철원동송점,철원군,reservation_unknown
dmz_cafe:023408b6bf377e3c,dmz_cafe,1620,커피홀베이커리 철원동송점,철원군,id_check_unknown
dmz_cafe:023408b6bf377e3c,dmz_cafe,1620,커피홀베이커리 철원동송점,철원군,accessibility_unknown
dmz_cafe:023408b6bf377e3c,dmz_cafe,1620,커피홀베이커리 철원동송점,철원군,telephone_missing
dmz_cafe:023408b6bf377e3c,dmz_cafe,1620,커피홀베이커리 철원동송점,철원군,image_missing
dmz_cafe:fbf9c598efdd853e,dmz_cafe,1621,이디야신철원터미널점,철원군,operations_unverified
dmz_cafe:fbf9c598efdd853e,dmz_cafe,1621,이디야신철원터미널점,철원군,reservation_unknown
dmz_cafe:fbf9c598efdd853e,dmz_cafe,1621,이디야신철원터미널점,철원군,id_check_unknown
dmz_cafe:fbf9c598efdd853e,dmz_cafe,1621,이디야신철원터미널점,철원군,accessibility_unknown
dmz_cafe:fbf9c598efdd853e,dmz_cafe,1621,이디야신철원터미널점,철원군,image_missing
dmz_cafe:20e7ca2f2ecd2fc9,dmz_cafe,1622,쥬씨철원와수점,철원군,operations_unverified
dmz_cafe:20e7ca2f2ecd2fc9,dmz_cafe,1622,쥬씨철원와수점,철원군,reservation_unknown
dmz_cafe:20e7ca2f2ecd2fc9,dmz_cafe,1622,쥬씨철원와수점,철원군,id_check_unknown
dmz_cafe:20e7ca2f2ecd2fc9,dmz_cafe,1622,쥬씨철원와수점,철원군,accessibility_unknown
dmz_cafe:20e7ca2f2ecd2fc9,dmz_cafe,1622,쥬씨철원와수점,철원군,image_missing
dmz_cafe:b199ca83ddb3e315,dmz_cafe,1623,메가커피철원문혜리점,철원군,operations_unverified
dmz_cafe:b199ca83ddb3e315,dmz_cafe,1623,메가커피철원문혜리점,철원군,reservation_unknown
dmz_cafe:b199ca83ddb3e315,dmz_cafe,1623,메가커피철원문혜리점,철원군,id_check_unknown
dmz_cafe:b199ca83ddb3e315,dmz_cafe,1623,메가커피철원문혜리점,철원군,accessibility_unknown
dmz_cafe:b199ca83ddb3e315,dmz_cafe,1623,메가커피철원문혜리점,철원군,telephone_missing
dmz_cafe:b199ca83ddb3e315,dmz_cafe,1623,메가커피철원문혜리점,철원군,image_missing
dmz_cafe:cff16e2c3affceef,dmz_cafe,1624,커피마마동송점,철원군,operations_unverified
dmz_cafe:cff16e2c3affceef,dmz_cafe,1624,커피마마동송점,철원군,reservation_unknown
dmz_cafe:cff16e2c3affceef,dmz_cafe,1624,커피마마동송점,철원군,id_check_unknown
dmz_cafe:cff16e2c3affceef,dmz_cafe,1624,커피마마동송점,철원군,accessibility_unknown
dmz_cafe:cff16e2c3affceef,dmz_cafe,1624,커피마마동송점,철원군,image_missing
dmz_cafe:816e464965346a12,dmz_cafe,1625,더벤티 동송터미널점,철원군,operations_unverified
dmz_cafe:816e464965346a12,dmz_cafe,1625,더벤티 동송터미널점,철원군,reservation_unknown
dmz_cafe:816e464965346a12,dmz_cafe,1625,더벤티 동송터미널점,철원군,id_check_unknown
dmz_cafe:816e464965346a12,dmz_cafe,1625,더벤티 동송터미널점,철원군,accessibility_unknown
dmz_cafe:816e464965346a12,dmz_cafe,1625,더벤티 동송터미널점,철원군,image_missing
dmz_cafe:77b252f239007455,dmz_cafe,1626,DMZ농부카페&농산물판매,철원군,operations_unverified
dmz_cafe:77b252f239007455,dmz_cafe,1626,DMZ농부카페&농산물판매,철원군,reservation_unknown
dmz_cafe:77b252f239007455,dmz_cafe,1626,DMZ농부카페&농산물판매,철원군,id_check_unknown
dmz_cafe:77b252f239007455,dmz_cafe,1626,DMZ농부카페&농산물판매,철원군,accessibility_unknown
dmz_cafe:77b252f239007455,dmz_cafe,1626,DMZ농부카페&농산물판매,철원군,image_missing
dmz_cafe:4d9cefc1f464a1a1,dmz_cafe,1627,멍모닝멍나잇,철원군,operations_unverified
dmz_cafe:4d9cefc1f464a1a1,dmz_cafe,1627,멍모닝멍나잇,철원군,reservation_unknown
dmz_cafe:4d9cefc1f464a1a1,dmz_cafe,1627,멍모닝멍나잇,철원군,id_check_unknown
dmz_cafe:4d9cefc1f464a1a1,dmz_cafe,1627,멍모닝멍나잇,철원군,accessibility_unknown
dmz_cafe:4d9cefc1f464a1a1,dmz_cafe,1627,멍모닝멍나잇,철원군,telephone_missing
dmz_cafe:4d9cefc1f464a1a1,dmz_cafe,1627,멍모닝멍나잇,철원군,image_missing
dmz_cafe:bf05a43ee7a49e64,dmz_cafe,1628,철새마을,철원군,operations_unverified
dmz_cafe:bf05a43ee7a49e64,dmz_cafe,1628,철새마을,철원군,reservation_unknown
dmz_cafe:bf05a43ee7a49e64,dmz_cafe,1628,철새마을,철원군,id_check_unknown
dmz_cafe:bf05a43ee7a49e64,dmz_cafe,1628,철새마을,철원군,accessibility_unknown
dmz_cafe:bf05a43ee7a49e64,dmz_cafe,1628,철새마을,철원군,telephone_missing
dmz_cafe:bf05a43ee7a49e64,dmz_cafe,1628,철새마을,철원군,image_missing
dmz_cafe:bf05a43ee7a49e64,dmz_cafe,1628,철새마을,철원군,duplicate_title_county_review
dmz_cafe:adaaaad3cf2e5091,dmz_cafe,1629,메가엠지씨커피 철원동송점,철원군,operations_unverified
dmz_cafe:adaaaad3cf2e5091,dmz_cafe,1629,메가엠지씨커피 철원동송점,철원군,reservation_unknown
dmz_cafe:adaaaad3cf2e5091,dmz_cafe,1629,메가엠지씨커피 철원동송점,철원군,id_check_unknown
dmz_cafe:adaaaad3cf2e5091,dmz_cafe,1629,메가엠지씨커피 철원동송점,철원군,accessibility_unknown
dmz_cafe:adaaaad3cf2e5091,dmz_cafe,1629,메가엠지씨커피 철원동송점,철원군,image_missing
dmz_cafe:9ea0964664fbd945,dmz_cafe,1630,cafe page,철원군,operations_unverified
dmz_cafe:9ea0964664fbd945,dmz_cafe,1630,cafe page,철원군,reservation_unknown
dmz_cafe:9ea0964664fbd945,dmz_cafe,1630,cafe page,철원군,id_check_unknown
dmz_cafe:9ea0964664fbd945,dmz_cafe,1630,cafe page,철원군,accessibility_unknown
dmz_cafe:9ea0964664fbd945,dmz_cafe,1630,cafe page,철원군,telephone_missing
dmz_cafe:9ea0964664fbd945,dmz_cafe,1630,cafe page,철원군,image_missing
dmz_cafe:8fd9a3cc2c76e987,dmz_cafe,1631,더 착한커피 사랑해,철원군,operations_unverified
dmz_cafe:8fd9a3cc2c76e987,dmz_cafe,1631,더 착한커피 사랑해,철원군,reservation_unknown
dmz_cafe:8fd9a3cc2c76e987,dmz_cafe,1631,더 착한커피 사랑해,철원군,id_check_unknown
dmz_cafe:8fd9a3cc2c76e987,dmz_cafe,1631,더 착한커피 사랑해,철원군,accessibility_unknown
dmz_cafe:8fd9a3cc2c76e987,dmz_cafe,1631,더 착한커피 사랑해,철원군,telephone_missing
dmz_cafe:8fd9a3cc2c76e987,dmz_cafe,1631,더 착한커피 사랑해,철원군,image_missing
dmz_cafe:c2bf8d956a1deb64,dmz_cafe,1632,카페라도,철원군,operations_unverified
dmz_cafe:c2bf8d956a1deb64,dmz_cafe,1632,카페라도,철원군,reservation_unknown
dmz_cafe:c2bf8d956a1deb64,dmz_cafe,1632,카페라도,철원군,id_check_unknown
dmz_cafe:c2bf8d956a1deb64,dmz_cafe,1632,카페라도,철원군,accessibility_unknown
dmz_cafe:c2bf8d956a1deb64,dmz_cafe,1632,카페라도,철원군,telephone_missing
dmz_cafe:c2bf8d956a1deb64,dmz_cafe,1632,카페라도,철원군,image_missing
dmz_cafe:dd05fc225bf55516,dmz_cafe,1633,BC800커피앤티,철원군,operations_unverified
dmz_cafe:dd05fc225bf55516,dmz_cafe,1633,BC800커피앤티,철원군,reservation_unknown
dmz_cafe:dd05fc225bf55516,dmz_cafe,1633,BC800커피앤티,철원군,id_check_unknown
dmz_cafe:dd05fc225bf55516,dmz_cafe,1633,BC800커피앤티,철원군,accessibility_unknown
dmz_cafe:dd05fc225bf55516,dmz_cafe,1633,BC800커피앤티,철원군,image_missing
dmz_cafe:1043ceadd697b394,dmz_cafe,1634,햇살좋은날,철원군,operations_unverified
dmz_cafe:1043ceadd697b394,dmz_cafe,1634,햇살좋은날,철원군,reservation_unknown
dmz_cafe:1043ceadd697b394,dmz_cafe,1634,햇살좋은날,철원군,id_check_unknown
dmz_cafe:1043ceadd697b394,dmz_cafe,1634,햇살좋은날,철원군,accessibility_unknown
dmz_cafe:1043ceadd697b394,dmz_cafe,1634,햇살좋은날,철원군,image_missing
dmz_cafe:ecdeca011462687f,dmz_cafe,1635,Prett salon,철원군,operations_unverified
dmz_cafe:ecdeca011462687f,dmz_cafe,1635,Prett salon,철원군,reservation_unknown
dmz_cafe:ecdeca011462687f,dmz_cafe,1635,Prett salon,철원군,id_check_unknown
dmz_cafe:ecdeca011462687f,dmz_cafe,1635,Prett salon,철원군,accessibility_unknown
dmz_cafe:ecdeca011462687f,dmz_cafe,1635,Prett salon,철원군,telephone_missing
dmz_cafe:ecdeca011462687f,dmz_cafe,1635,Prett salon,철원군,image_missing
dmz_cafe:4e158d2c3d0cf7e6,dmz_cafe,1636,지.셈(G.SEM) 커피하우스,철원군,operations_unverified
dmz_cafe:4e158d2c3d0cf7e6,dmz_cafe,1636,지.셈(G.SEM) 커피하우스,철원군,reservation_unknown
dmz_cafe:4e158d2c3d0cf7e6,dmz_cafe,1636,지.셈(G.SEM) 커피하우스,철원군,id_check_unknown
dmz_cafe:4e158d2c3d0cf7e6,dmz_cafe,1636,지.셈(G.SEM) 커피하우스,철원군,accessibility_unknown
dmz_cafe:4e158d2c3d0cf7e6,dmz_cafe,1636,지.셈(G.SEM) 커피하우스,철원군,telephone_missing
dmz_cafe:4e158d2c3d0cf7e6,dmz_cafe,1636,지.셈(G.SEM) 커피하우스,철원군,image_missing
dmz_cafe:1958309b21f5159c,dmz_cafe,1637,258데이빗,철원군,operations_unverified
dmz_cafe:1958309b21f5159c,dmz_cafe,1637,258데이빗,철원군,reservation_unknown
dmz_cafe:1958309b21f5159c,dmz_cafe,1637,258데이빗,철원군,id_check_unknown
dmz_cafe:1958309b21f5159c,dmz_cafe,1637,258데이빗,철원군,accessibility_unknown
dmz_cafe:1958309b21f5159c,dmz_cafe,1637,258데이빗,철원군,telephone_missing
dmz_cafe:1958309b21f5159c,dmz_cafe,1637,258데이빗,철원군,image_missing
dmz_cafe:6b9247076a615921,dmz_cafe,1638,타임리스,철원군,operations_unverified
dmz_cafe:6b9247076a615921,dmz_cafe,1638,타임리스,철원군,reservation_unknown
dmz_cafe:6b9247076a615921,dmz_cafe,1638,타임리스,철원군,id_check_unknown
dmz_cafe:6b9247076a615921,dmz_cafe,1638,타임리스,철원군,accessibility_unknown
dmz_cafe:6b9247076a615921,dmz_cafe,1638,타임리스,철원군,image_missing
dmz_cafe:289b588a99e6b46c,dmz_cafe,1639,콤마,철원군,operations_unverified
dmz_cafe:289b588a99e6b46c,dmz_cafe,1639,콤마,철원군,reservation_unknown
dmz_cafe:289b588a99e6b46c,dmz_cafe,1639,콤마,철원군,id_check_unknown
dmz_cafe:289b588a99e6b46c,dmz_cafe,1639,콤마,철원군,accessibility_unknown
dmz_cafe:289b588a99e6b46c,dmz_cafe,1639,콤마,철원군,telephone_missing
dmz_cafe:289b588a99e6b46c,dmz_cafe,1639,콤마,철원군,image_missing
dmz_cafe:80a3109176791493,dmz_cafe,1640,와수수 붕어빵,철원군,operations_unverified
dmz_cafe:80a3109176791493,dmz_cafe,1640,와수수 붕어빵,철원군,reservation_unknown
dmz_cafe:80a3109176791493,dmz_cafe,1640,와수수 붕어빵,철원군,id_check_unknown
dmz_cafe:80a3109176791493,dmz_cafe,1640,와수수 붕어빵,철원군,accessibility_unknown
dmz_cafe:80a3109176791493,dmz_cafe,1640,와수수 붕어빵,철원군,telephone_missing
dmz_cafe:80a3109176791493,dmz_cafe,1640,와수수 붕어빵,철원군,image_missing
dmz_cafe:4b421873821d81ed,dmz_cafe,1641,이랑카페,철원군,operations_unverified
dmz_cafe:4b421873821d81ed,dmz_cafe,1641,이랑카페,철원군,reservation_unknown
dmz_cafe:4b421873821d81ed,dmz_cafe,1641,이랑카페,철원군,id_check_unknown
dmz_cafe:4b421873821d81ed,dmz_cafe,1641,이랑카페,철원군,accessibility_unknown
dmz_cafe:4b421873821d81ed,dmz_cafe,1641,이랑카페,철원군,image_missing
dmz_cafe:eb87f45bd1493304,dmz_cafe,1642,쥬씨앤차얌 신철원점,철원군,operations_unverified
dmz_cafe:eb87f45bd1493304,dmz_cafe,1642,쥬씨앤차얌 신철원점,철원군,reservation_unknown
dmz_cafe:eb87f45bd1493304,dmz_cafe,1642,쥬씨앤차얌 신철원점,철원군,id_check_unknown
dmz_cafe:eb87f45bd1493304,dmz_cafe,1642,쥬씨앤차얌 신철원점,철원군,accessibility_unknown
dmz_cafe:eb87f45bd1493304,dmz_cafe,1642,쥬씨앤차얌 신철원점,철원군,telephone_missing
dmz_cafe:eb87f45bd1493304,dmz_cafe,1642,쥬씨앤차얌 신철원점,철원군,image_missing
dmz_cafe:e0a2985e2d5eeec7,dmz_cafe,1643,와수리커피,철원군,operations_unverified
dmz_cafe:e0a2985e2d5eeec7,dmz_cafe,1643,와수리커피,철원군,reservation_unknown
dmz_cafe:e0a2985e2d5eeec7,dmz_cafe,1643,와수리커피,철원군,id_check_unknown
dmz_cafe:e0a2985e2d5eeec7,dmz_cafe,1643,와수리커피,철원군,accessibility_unknown
dmz_cafe:e0a2985e2d5eeec7,dmz_cafe,1643,와수리커피,철원군,telephone_missing
dmz_cafe:e0a2985e2d5eeec7,dmz_cafe,1643,와수리커피,철원군,image_missing
dmz_cafe:1650474b2e70ae3e,dmz_cafe,1644,그럼에도,철원군,operations_unverified
dmz_cafe:1650474b2e70ae3e,dmz_cafe,1644,그럼에도,철원군,reservation_unknown
dmz_cafe:1650474b2e70ae3e,dmz_cafe,1644,그럼에도,철원군,id_check_unknown
dmz_cafe:1650474b2e70ae3e,dmz_cafe,1644,그럼에도,철원군,accessibility_unknown
dmz_cafe:1650474b2e70ae3e,dmz_cafe,1644,그럼에도,철원군,telephone_missing
dmz_cafe:1650474b2e70ae3e,dmz_cafe,1644,그럼에도,철원군,image_missing
dmz_cafe:265c0f5a442a8fe3,dmz_cafe,1645,새록(SAEROK),철원군,operations_unverified
dmz_cafe:265c0f5a442a8fe3,dmz_cafe,1645,새록(SAEROK),철원군,reservation_unknown
dmz_cafe:265c0f5a442a8fe3,dmz_cafe,1645,새록(SAEROK),철원군,id_check_unknown
dmz_cafe:265c0f5a442a8fe3,dmz_cafe,1645,새록(SAEROK),철원군,accessibility_unknown
dmz_cafe:265c0f5a442a8fe3,dmz_cafe,1645,새록(SAEROK),철원군,telephone_missing
dmz_cafe:265c0f5a442a8fe3,dmz_cafe,1645,새록(SAEROK),철원군,image_missing
dmz_cafe:a5691f5c4318b07c,dmz_cafe,1646,카페공간,철원군,operations_unverified
dmz_cafe:a5691f5c4318b07c,dmz_cafe,1646,카페공간,철원군,reservation_unknown
dmz_cafe:a5691f5c4318b07c,dmz_cafe,1646,카페공간,철원군,id_check_unknown
dmz_cafe:a5691f5c4318b07c,dmz_cafe,1646,카페공간,철원군,accessibility_unknown
dmz_cafe:a5691f5c4318b07c,dmz_cafe,1646,카페공간,철원군,telephone_missing
dmz_cafe:a5691f5c4318b07c,dmz_cafe,1646,카페공간,철원군,image_missing
dmz_cafe:63cddae670a5af6e,dmz_cafe,1647,카페실버메이드,인제군,operations_unverified
dmz_cafe:63cddae670a5af6e,dmz_cafe,1647,카페실버메이드,인제군,reservation_unknown
dmz_cafe:63cddae670a5af6e,dmz_cafe,1647,카페실버메이드,인제군,id_check_unknown
dmz_cafe:63cddae670a5af6e,dmz_cafe,1647,카페실버메이드,인제군,accessibility_unknown
dmz_cafe:63cddae670a5af6e,dmz_cafe,1647,카페실버메이드,인제군,image_missing
dmz_cafe:80bea17b33ed23fa,dmz_cafe,1648,자작나무 숲의 투데이,인제군,operations_unverified
dmz_cafe:80bea17b33ed23fa,dmz_cafe,1648,자작나무 숲의 투데이,인제군,reservation_unknown
dmz_cafe:80bea17b33ed23fa,dmz_cafe,1648,자작나무 숲의 투데이,인제군,id_check_unknown
dmz_cafe:80bea17b33ed23fa,dmz_cafe,1648,자작나무 숲의 투데이,인제군,accessibility_unknown
dmz_cafe:80bea17b33ed23fa,dmz_cafe,1648,자작나무 숲의 투데이,인제군,telephone_missing
dmz_cafe:80bea17b33ed23fa,dmz_cafe,1648,자작나무 숲의 투데이,인제군,image_missing
dmz_cafe:309298773cec370c,dmz_cafe,1649,한자루체험농원(휴앤아크),인제군,operations_unverified
dmz_cafe:309298773cec370c,dmz_cafe,1649,한자루체험농원(휴앤아크),인제군,reservation_unknown
dmz_cafe:309298773cec370c,dmz_cafe,1649,한자루체험농원(휴앤아크),인제군,id_check_unknown
dmz_cafe:309298773cec370c,dmz_cafe,1649,한자루체험농원(휴앤아크),인제군,accessibility_unknown
dmz_cafe:309298773cec370c,dmz_cafe,1649,한자루체험농원(휴앤아크),인제군,telephone_missing
dmz_cafe:309298773cec370c,dmz_cafe,1649,한자루체험농원(휴앤아크),인제군,image_missing
dmz_cafe:a83e92f29571fb41,dmz_cafe,1650,이디야 인제점,인제군,operations_unverified
dmz_cafe:a83e92f29571fb41,dmz_cafe,1650,이디야 인제점,인제군,reservation_unknown
dmz_cafe:a83e92f29571fb41,dmz_cafe,1650,이디야 인제점,인제군,id_check_unknown
dmz_cafe:a83e92f29571fb41,dmz_cafe,1650,이디야 인제점,인제군,accessibility_unknown
dmz_cafe:a83e92f29571fb41,dmz_cafe,1650,이디야 인제점,인제군,telephone_missing
dmz_cafe:a83e92f29571fb41,dmz_cafe,1650,이디야 인제점,인제군,image_missing
dmz_cafe:f5a0a30ec24fc9f0,dmz_cafe,1651,하늘빛풍차,인제군,operations_unverified
dmz_cafe:f5a0a30ec24fc9f0,dmz_cafe,1651,하늘빛풍차,인제군,reservation_unknown
dmz_cafe:f5a0a30ec24fc9f0,dmz_cafe,1651,하늘빛풍차,인제군,id_check_unknown
dmz_cafe:f5a0a30ec24fc9f0,dmz_cafe,1651,하늘빛풍차,인제군,accessibility_unknown
dmz_cafe:f5a0a30ec24fc9f0,dmz_cafe,1651,하늘빛풍차,인제군,image_missing
dmz_cafe:94314b169a80dba0,dmz_cafe,1652,달콤커피 인제점,인제군,operations_unverified
dmz_cafe:94314b169a80dba0,dmz_cafe,1652,달콤커피 인제점,인제군,reservation_unknown
dmz_cafe:94314b169a80dba0,dmz_cafe,1652,달콤커피 인제점,인제군,id_check_unknown
dmz_cafe:94314b169a80dba0,dmz_cafe,1652,달콤커피 인제점,인제군,accessibility_unknown
dmz_cafe:94314b169a80dba0,dmz_cafe,1652,달콤커피 인제점,인제군,telephone_missing
dmz_cafe:94314b169a80dba0,dmz_cafe,1652,달콤커피 인제점,인제군,image_missing
dmz_cafe:e5252fd6b360e96e,dmz_cafe,1653,커피홀 인제기린점,인제군,operations_unverified
dmz_cafe:e5252fd6b360e96e,dmz_cafe,1653,커피홀 인제기린점,인제군,reservation_unknown
dmz_cafe:e5252fd6b360e96e,dmz_cafe,1653,커피홀 인제기린점,인제군,id_check_unknown
dmz_cafe:e5252fd6b360e96e,dmz_cafe,1653,커피홀 인제기린점,인제군,accessibility_unknown
dmz_cafe:e5252fd6b360e96e,dmz_cafe,1653,커피홀 인제기린점,인제군,telephone_missing
dmz_cafe:e5252fd6b360e96e,dmz_cafe,1653,커피홀 인제기린점,인제군,image_missing
dmz_cafe:e3c36b28f21f5c62,dmz_cafe,1654,설악휴게소 커피점,인제군,operations_unverified
dmz_cafe:e3c36b28f21f5c62,dmz_cafe,1654,설악휴게소 커피점,인제군,reservation_unknown
dmz_cafe:e3c36b28f21f5c62,dmz_cafe,1654,설악휴게소 커피점,인제군,id_check_unknown
dmz_cafe:e3c36b28f21f5c62,dmz_cafe,1654,설악휴게소 커피점,인제군,accessibility_unknown
dmz_cafe:e3c36b28f21f5c62,dmz_cafe,1654,설악휴게소 커피점,인제군,image_missing
dmz_cafe:b01a276e3a8e0a95,dmz_cafe,1655,할리스인제점,인제군,operations_unverified
dmz_cafe:b01a276e3a8e0a95,dmz_cafe,1655,할리스인제점,인제군,reservation_unknown
dmz_cafe:b01a276e3a8e0a95,dmz_cafe,1655,할리스인제점,인제군,id_check_unknown
dmz_cafe:b01a276e3a8e0a95,dmz_cafe,1655,할리스인제점,인제군,accessibility_unknown
dmz_cafe:b01a276e3a8e0a95,dmz_cafe,1655,할리스인제점,인제군,telephone_missing
dmz_cafe:b01a276e3a8e0a95,dmz_cafe,1655,할리스인제점,인제군,image_missing
dmz_cafe:f7cec8a4522bc075,dmz_cafe,1656,카페 나무야,인제군,operations_unverified
dmz_cafe:f7cec8a4522bc075,dmz_cafe,1656,카페 나무야,인제군,reservation_unknown
dmz_cafe:f7cec8a4522bc075,dmz_cafe,1656,카페 나무야,인제군,id_check_unknown
dmz_cafe:f7cec8a4522bc075,dmz_cafe,1656,카페 나무야,인제군,accessibility_unknown
dmz_cafe:f7cec8a4522bc075,dmz_cafe,1656,카페 나무야,인제군,image_missing
dmz_cafe:c41e759202dd4a40,dmz_cafe,1657,메가엠지씨커피 인제신남점,인제군,operations_unverified
dmz_cafe:c41e759202dd4a40,dmz_cafe,1657,메가엠지씨커피 인제신남점,인제군,reservation_unknown
dmz_cafe:c41e759202dd4a40,dmz_cafe,1657,메가엠지씨커피 인제신남점,인제군,id_check_unknown
dmz_cafe:c41e759202dd4a40,dmz_cafe,1657,메가엠지씨커피 인제신남점,인제군,accessibility_unknown
dmz_cafe:c41e759202dd4a40,dmz_cafe,1657,메가엠지씨커피 인제신남점,인제군,telephone_missing
dmz_cafe:c41e759202dd4a40,dmz_cafe,1657,메가엠지씨커피 인제신남점,인제군,image_missing
dmz_cafe:97c8ee41953e01d9,dmz_cafe,1658,뒤란,인제군,operations_unverified
dmz_cafe:97c8ee41953e01d9,dmz_cafe,1658,뒤란,인제군,reservation_unknown
dmz_cafe:97c8ee41953e01d9,dmz_cafe,1658,뒤란,인제군,id_check_unknown
dmz_cafe:97c8ee41953e01d9,dmz_cafe,1658,뒤란,인제군,accessibility_unknown
dmz_cafe:97c8ee41953e01d9,dmz_cafe,1658,뒤란,인제군,telephone_missing
dmz_cafe:97c8ee41953e01d9,dmz_cafe,1658,뒤란,인제군,image_missing
dmz_cafe:7da4e8aab8cad894,dmz_cafe,1659,컴포즈커피 강원원통점,인제군,operations_unverified
dmz_cafe:7da4e8aab8cad894,dmz_cafe,1659,컴포즈커피 강원원통점,인제군,reservation_unknown
dmz_cafe:7da4e8aab8cad894,dmz_cafe,1659,컴포즈커피 강원원통점,인제군,id_check_unknown
dmz_cafe:7da4e8aab8cad894,dmz_cafe,1659,컴포즈커피 강원원통점,인제군,accessibility_unknown
dmz_cafe:7da4e8aab8cad894,dmz_cafe,1659,컴포즈커피 강원원통점,인제군,telephone_missing
dmz_cafe:7da4e8aab8cad894,dmz_cafe,1659,컴포즈커피 강원원통점,인제군,image_missing
dmz_cafe:7418ce615732a6a3,dmz_cafe,1660,시월오일,인제군,operations_unverified
dmz_cafe:7418ce615732a6a3,dmz_cafe,1660,시월오일,인제군,reservation_unknown
dmz_cafe:7418ce615732a6a3,dmz_cafe,1660,시월오일,인제군,id_check_unknown
dmz_cafe:7418ce615732a6a3,dmz_cafe,1660,시월오일,인제군,accessibility_unknown
dmz_cafe:7418ce615732a6a3,dmz_cafe,1660,시월오일,인제군,telephone_missing
dmz_cafe:7418ce615732a6a3,dmz_cafe,1660,시월오일,인제군,image_missing
dmz_cafe:fd38c18f34f119c6,dmz_cafe,1661,메가엠지씨커피 인제현리점,인제군,operations_unverified
dmz_cafe:fd38c18f34f119c6,dmz_cafe,1661,메가엠지씨커피 인제현리점,인제군,reservation_unknown
dmz_cafe:fd38c18f34f119c6,dmz_cafe,1661,메가엠지씨커피 인제현리점,인제군,id_check_unknown
dmz_cafe:fd38c18f34f119c6,dmz_cafe,1661,메가엠지씨커피 인제현리점,인제군,accessibility_unknown
dmz_cafe:fd38c18f34f119c6,dmz_cafe,1661,메가엠지씨커피 인제현리점,인제군,telephone_missing
dmz_cafe:fd38c18f34f119c6,dmz_cafe,1661,메가엠지씨커피 인제현리점,인제군,image_missing
dmz_cafe:95b6e6b30770d36a,dmz_cafe,1662,카페 자작,인제군,operations_unverified
dmz_cafe:95b6e6b30770d36a,dmz_cafe,1662,카페 자작,인제군,reservation_unknown
dmz_cafe:95b6e6b30770d36a,dmz_cafe,1662,카페 자작,인제군,id_check_unknown
dmz_cafe:95b6e6b30770d36a,dmz_cafe,1662,카페 자작,인제군,accessibility_unknown
dmz_cafe:95b6e6b30770d36a,dmz_cafe,1662,카페 자작,인제군,telephone_missing
dmz_cafe:95b6e6b30770d36a,dmz_cafe,1662,카페 자작,인제군,image_missing
dmz_cafe:a27c3659afd277bd,dmz_cafe,1663,일레븐커피,인제군,operations_unverified
dmz_cafe:a27c3659afd277bd,dmz_cafe,1663,일레븐커피,인제군,reservation_unknown
dmz_cafe:a27c3659afd277bd,dmz_cafe,1663,일레븐커피,인제군,id_check_unknown
dmz_cafe:a27c3659afd277bd,dmz_cafe,1663,일레븐커피,인제군,accessibility_unknown
dmz_cafe:a27c3659afd277bd,dmz_cafe,1663,일레븐커피,인제군,telephone_missing
dmz_cafe:a27c3659afd277bd,dmz_cafe,1663,일레븐커피,인제군,image_missing
dmz_cafe:434335be83bdc501,dmz_cafe,1664,휴크닉 옥수수카페,인제군,operations_unverified
dmz_cafe:434335be83bdc501,dmz_cafe,1664,휴크닉 옥수수카페,인제군,reservation_unknown
dmz_cafe:434335be83bdc501,dmz_cafe,1664,휴크닉 옥수수카페,인제군,id_check_unknown
dmz_cafe:434335be83bdc501,dmz_cafe,1664,휴크닉 옥수수카페,인제군,accessibility_unknown
dmz_cafe:434335be83bdc501,dmz_cafe,1664,휴크닉 옥수수카페,인제군,telephone_missing
dmz_cafe:434335be83bdc501,dmz_cafe,1664,휴크닉 옥수수카페,인제군,image_missing
dmz_cafe:37ce4eb501862d42,dmz_cafe,1665,곰배골길146·29,인제군,operations_unverified
dmz_cafe:37ce4eb501862d42,dmz_cafe,1665,곰배골길146·29,인제군,reservation_unknown
dmz_cafe:37ce4eb501862d42,dmz_cafe,1665,곰배골길146·29,인제군,id_check_unknown
dmz_cafe:37ce4eb501862d42,dmz_cafe,1665,곰배골길146·29,인제군,accessibility_unknown
dmz_cafe:37ce4eb501862d42,dmz_cafe,1665,곰배골길146·29,인제군,telephone_missing
dmz_cafe:37ce4eb501862d42,dmz_cafe,1665,곰배골길146·29,인제군,image_missing
dmz_cafe:4b42c91177410f6b,dmz_cafe,1666,서저울,인제군,operations_unverified
dmz_cafe:4b42c91177410f6b,dmz_cafe,1666,서저울,인제군,reservation_unknown
dmz_cafe:4b42c91177410f6b,dmz_cafe,1666,서저울,인제군,id_check_unknown
dmz_cafe:4b42c91177410f6b,dmz_cafe,1666,서저울,인제군,accessibility_unknown
dmz_cafe:4b42c91177410f6b,dmz_cafe,1666,서저울,인제군,image_missing
dmz_cafe:ed37d90240c2f70c,dmz_cafe,1667,류cafe,인제군,operations_unverified
dmz_cafe:ed37d90240c2f70c,dmz_cafe,1667,류cafe,인제군,reservation_unknown
dmz_cafe:ed37d90240c2f70c,dmz_cafe,1667,류cafe,인제군,id_check_unknown
dmz_cafe:ed37d90240c2f70c,dmz_cafe,1667,류cafe,인제군,accessibility_unknown
dmz_cafe:ed37d90240c2f70c,dmz_cafe,1667,류cafe,인제군,telephone_missing
dmz_cafe:ed37d90240c2f70c,dmz_cafe,1667,류cafe,인제군,image_missing
dmz_cafe:01dd5c9c39cf3353,dmz_cafe,1668,cafe na(카페 나),인제군,operations_unverified
dmz_cafe:01dd5c9c39cf3353,dmz_cafe,1668,cafe na(카페 나),인제군,reservation_unknown
dmz_cafe:01dd5c9c39cf3353,dmz_cafe,1668,cafe na(카페 나),인제군,id_check_unknown
dmz_cafe:01dd5c9c39cf3353,dmz_cafe,1668,cafe na(카페 나),인제군,accessibility_unknown
dmz_cafe:01dd5c9c39cf3353,dmz_cafe,1668,cafe na(카페 나),인제군,telephone_missing
dmz_cafe:01dd5c9c39cf3353,dmz_cafe,1668,cafe na(카페 나),인제군,image_missing
dmz_cafe:f332838fc3caae33,dmz_cafe,1669,워니베이크샵,인제군,operations_unverified
dmz_cafe:f332838fc3caae33,dmz_cafe,1669,워니베이크샵,인제군,reservation_unknown
dmz_cafe:f332838fc3caae33,dmz_cafe,1669,워니베이크샵,인제군,id_check_unknown
dmz_cafe:f332838fc3caae33,dmz_cafe,1669,워니베이크샵,인제군,accessibility_unknown
dmz_cafe:f332838fc3caae33,dmz_cafe,1669,워니베이크샵,인제군,telephone_missing
dmz_cafe:f332838fc3caae33,dmz_cafe,1669,워니베이크샵,인제군,image_missing
dmz_cafe:65001c727c4813b6,dmz_cafe,1670,다라니 커피,인제군,operations_unverified
dmz_cafe:65001c727c4813b6,dmz_cafe,1670,다라니 커피,인제군,reservation_unknown
dmz_cafe:65001c727c4813b6,dmz_cafe,1670,다라니 커피,인제군,id_check_unknown
dmz_cafe:65001c727c4813b6,dmz_cafe,1670,다라니 커피,인제군,accessibility_unknown
dmz_cafe:65001c727c4813b6,dmz_cafe,1670,다라니 커피,인제군,telephone_missing
dmz_cafe:65001c727c4813b6,dmz_cafe,1670,다라니 커피,인제군,image_missing
dmz_cafe:c475e030e2151187,dmz_cafe,1671,하추리 카페,인제군,operations_unverified
dmz_cafe:c475e030e2151187,dmz_cafe,1671,하추리 카페,인제군,reservation_unknown
dmz_cafe:c475e030e2151187,dmz_cafe,1671,하추리 카페,인제군,id_check_unknown
dmz_cafe:c475e030e2151187,dmz_cafe,1671,하추리 카페,인제군,accessibility_unknown
dmz_cafe:c475e030e2151187,dmz_cafe,1671,하추리 카페,인제군,telephone_missing
dmz_cafe:c475e030e2151187,dmz_cafe,1671,하추리 카페,인제군,image_missing
dmz_cafe:dd3253c2246dfd56,dmz_cafe,1672,커피다,인제군,operations_unverified
dmz_cafe:dd3253c2246dfd56,dmz_cafe,1672,커피다,인제군,reservation_unknown
dmz_cafe:dd3253c2246dfd56,dmz_cafe,1672,커피다,인제군,id_check_unknown
dmz_cafe:dd3253c2246dfd56,dmz_cafe,1672,커피다,인제군,accessibility_unknown
dmz_cafe:dd3253c2246dfd56,dmz_cafe,1672,커피다,인제군,telephone_missing
dmz_cafe:dd3253c2246dfd56,dmz_cafe,1672,커피다,인제군,image_missing
dmz_cafe:2a6ea201742f1c35,dmz_cafe,1673,곰배령농산물&카페,인제군,operations_unverified
dmz_cafe:2a6ea201742f1c35,dmz_cafe,1673,곰배령농산물&카페,인제군,reservation_unknown
dmz_cafe:2a6ea201742f1c35,dmz_cafe,1673,곰배령농산물&카페,인제군,id_check_unknown
dmz_cafe:2a6ea201742f1c35,dmz_cafe,1673,곰배령농산물&카페,인제군,accessibility_unknown
dmz_cafe:2a6ea201742f1c35,dmz_cafe,1673,곰배령농산물&카페,인제군,telephone_missing
dmz_cafe:2a6ea201742f1c35,dmz_cafe,1673,곰배령농산물&카페,인제군,image_missing
dmz_cafe:e4f20c37217fe412,dmz_cafe,1674,예티커피,인제군,operations_unverified
dmz_cafe:e4f20c37217fe412,dmz_cafe,1674,예티커피,인제군,reservation_unknown
dmz_cafe:e4f20c37217fe412,dmz_cafe,1674,예티커피,인제군,id_check_unknown
dmz_cafe:e4f20c37217fe412,dmz_cafe,1674,예티커피,인제군,accessibility_unknown
dmz_cafe:e4f20c37217fe412,dmz_cafe,1674,예티커피,인제군,image_missing
dmz_cafe:13282eb6bb8a5f97,dmz_cafe,1675,이디야 원통점,인제군,operations_unverified
dmz_cafe:13282eb6bb8a5f97,dmz_cafe,1675,이디야 원통점,인제군,reservation_unknown
dmz_cafe:13282eb6bb8a5f97,dmz_cafe,1675,이디야 원통점,인제군,id_check_unknown
dmz_cafe:13282eb6bb8a5f97,dmz_cafe,1675,이디야 원통점,인제군,accessibility_unknown
dmz_cafe:13282eb6bb8a5f97,dmz_cafe,1675,이디야 원통점,인제군,image_missing
dmz_cafe:12c83b5a066b951f,dmz_cafe,1676,라이딩카페,인제군,operations_unverified
dmz_cafe:12c83b5a066b951f,dmz_cafe,1676,라이딩카페,인제군,reservation_unknown
dmz_cafe:12c83b5a066b951f,dmz_cafe,1676,라이딩카페,인제군,id_check_unknown
dmz_cafe:12c83b5a066b951f,dmz_cafe,1676,라이딩카페,인제군,accessibility_unknown
dmz_cafe:12c83b5a066b951f,dmz_cafe,1676,라이딩카페,인제군,image_missing
dmz_cafe:4b489c6043fda8d0,dmz_cafe,1677,앤트리카페(Anne tree),고성군,operations_unverified
dmz_cafe:4b489c6043fda8d0,dmz_cafe,1677,앤트리카페(Anne tree),고성군,reservation_unknown
dmz_cafe:4b489c6043fda8d0,dmz_cafe,1677,앤트리카페(Anne tree),고성군,id_check_unknown
dmz_cafe:4b489c6043fda8d0,dmz_cafe,1677,앤트리카페(Anne tree),고성군,accessibility_unknown
dmz_cafe:4b489c6043fda8d0,dmz_cafe,1677,앤트리카페(Anne tree),고성군,telephone_missing
dmz_cafe:4b489c6043fda8d0,dmz_cafe,1677,앤트리카페(Anne tree),고성군,image_missing
dmz_cafe:805bd8774855aeae,dmz_cafe,1678,달달커피,인제군,operations_unverified
dmz_cafe:805bd8774855aeae,dmz_cafe,1678,달달커피,인제군,reservation_unknown
dmz_cafe:805bd8774855aeae,dmz_cafe,1678,달달커피,인제군,id_check_unknown
dmz_cafe:805bd8774855aeae,dmz_cafe,1678,달달커피,인제군,accessibility_unknown
dmz_cafe:805bd8774855aeae,dmz_cafe,1678,달달커피,인제군,image_missing
dmz_cafe:8258604f87d5ced8,dmz_cafe,1679,백담역 카페,인제군,operations_unverified
dmz_cafe:8258604f87d5ced8,dmz_cafe,1679,백담역 카페,인제군,reservation_unknown
dmz_cafe:8258604f87d5ced8,dmz_cafe,1679,백담역 카페,인제군,id_check_unknown
dmz_cafe:8258604f87d5ced8,dmz_cafe,1679,백담역 카페,인제군,accessibility_unknown
dmz_cafe:8258604f87d5ced8,dmz_cafe,1679,백담역 카페,인제군,telephone_missing
dmz_cafe:8258604f87d5ced8,dmz_cafe,1679,백담역 카페,인제군,image_missing
dmz_cafe:e8375789cb0ea3d8,dmz_cafe,1680,아니오니 베이커리카페,인제군,operations_unverified
dmz_cafe:e8375789cb0ea3d8,dmz_cafe,1680,아니오니 베이커리카페,인제군,reservation_unknown
dmz_cafe:e8375789cb0ea3d8,dmz_cafe,1680,아니오니 베이커리카페,인제군,id_check_unknown
dmz_cafe:e8375789cb0ea3d8,dmz_cafe,1680,아니오니 베이커리카페,인제군,accessibility_unknown
dmz_cafe:e8375789cb0ea3d8,dmz_cafe,1680,아니오니 베이커리카페,인제군,telephone_missing
dmz_cafe:e8375789cb0ea3d8,dmz_cafe,1680,아니오니 베이커리카페,인제군,image_missing
dmz_cafe:f3bdb5367560fe8e,dmz_cafe,1681,북끝서점,고성군,operations_unverified
dmz_cafe:f3bdb5367560fe8e,dmz_cafe,1681,북끝서점,고성군,reservation_unknown
dmz_cafe:f3bdb5367560fe8e,dmz_cafe,1681,북끝서점,고성군,id_check_unknown
dmz_cafe:f3bdb5367560fe8e,dmz_cafe,1681,북끝서점,고성군,accessibility_unknown
dmz_cafe:f3bdb5367560fe8e,dmz_cafe,1681,북끝서점,고성군,telephone_missing
dmz_cafe:f3bdb5367560fe8e,dmz_cafe,1681,북끝서점,고성군,image_missing
dmz_cafe:df4273ce429cc620,dmz_cafe,1682,데코르 고성점,고성군,operations_unverified
dmz_cafe:df4273ce429cc620,dmz_cafe,1682,데코르 고성점,고성군,reservation_unknown
dmz_cafe:df4273ce429cc620,dmz_cafe,1682,데코르 고성점,고성군,id_check_unknown
dmz_cafe:df4273ce429cc620,dmz_cafe,1682,데코르 고성점,고성군,accessibility_unknown
dmz_cafe:df4273ce429cc620,dmz_cafe,1682,데코르 고성점,고성군,image_missing
dmz_cafe:3780600326706e40,dmz_cafe,1683,햇살마을,인제군,operations_unverified
dmz_cafe:3780600326706e40,dmz_cafe,1683,햇살마을,인제군,reservation_unknown
dmz_cafe:3780600326706e40,dmz_cafe,1683,햇살마을,인제군,id_check_unknown
dmz_cafe:3780600326706e40,dmz_cafe,1683,햇살마을,인제군,accessibility_unknown
dmz_cafe:3780600326706e40,dmz_cafe,1683,햇살마을,인제군,image_missing
dmz_cafe:35928cfbe5553cc1,dmz_cafe,1684,투썸플레이스 금강농협 죽왕점,고성군,operations_unverified
dmz_cafe:35928cfbe5553cc1,dmz_cafe,1684,투썸플레이스 금강농협 죽왕점,고성군,reservation_unknown
dmz_cafe:35928cfbe5553cc1,dmz_cafe,1684,투썸플레이스 금강농협 죽왕점,고성군,id_check_unknown
dmz_cafe:35928cfbe5553cc1,dmz_cafe,1684,투썸플레이스 금강농협 죽왕점,고성군,accessibility_unknown
dmz_cafe:35928cfbe5553cc1,dmz_cafe,1684,투썸플레이스 금강농협 죽왕점,고성군,telephone_missing
dmz_cafe:35928cfbe5553cc1,dmz_cafe,1684,투썸플레이스 금강농협 죽왕점,고성군,image_missing
dmz_cafe:e0d0732cb3268865,dmz_cafe,1685,카페달홀,고성군,operations_unverified
dmz_cafe:e0d0732cb3268865,dmz_cafe,1685,카페달홀,고성군,reservation_unknown
dmz_cafe:e0d0732cb3268865,dmz_cafe,1685,카페달홀,고성군,id_check_unknown
dmz_cafe:e0d0732cb3268865,dmz_cafe,1685,카페달홀,고성군,accessibility_unknown
dmz_cafe:e0d0732cb3268865,dmz_cafe,1685,카페달홀,고성군,telephone_missing
dmz_cafe:e0d0732cb3268865,dmz_cafe,1685,카페달홀,고성군,image_missing
dmz_cafe:ae2a1f32b62fd1c3,dmz_cafe,1686,옥란푸딩,고성군,operations_unverified
dmz_cafe:ae2a1f32b62fd1c3,dmz_cafe,1686,옥란푸딩,고성군,reservation_unknown
dmz_cafe:ae2a1f32b62fd1c3,dmz_cafe,1686,옥란푸딩,고성군,id_check_unknown
dmz_cafe:ae2a1f32b62fd1c3,dmz_cafe,1686,옥란푸딩,고성군,accessibility_unknown
dmz_cafe:ae2a1f32b62fd1c3,dmz_cafe,1686,옥란푸딩,고성군,telephone_missing
dmz_cafe:ae2a1f32b62fd1c3,dmz_cafe,1686,옥란푸딩,고성군,image_missing
dmz_cafe:4d19a1ff0b9eed48,dmz_cafe,1687,미태리 고성봉포점,고성군,operations_unverified
dmz_cafe:4d19a1ff0b9eed48,dmz_cafe,1687,미태리 고성봉포점,고성군,reservation_unknown
dmz_cafe:4d19a1ff0b9eed48,dmz_cafe,1687,미태리 고성봉포점,고성군,id_check_unknown
dmz_cafe:4d19a1ff0b9eed48,dmz_cafe,1687,미태리 고성봉포점,고성군,accessibility_unknown
dmz_cafe:4d19a1ff0b9eed48,dmz_cafe,1687,미태리 고성봉포점,고성군,telephone_missing
dmz_cafe:4d19a1ff0b9eed48,dmz_cafe,1687,미태리 고성봉포점,고성군,image_missing
dmz_cafe:ff3ee053ebee80ca,dmz_cafe,1688,카페아야진,고성군,operations_unverified
dmz_cafe:ff3ee053ebee80ca,dmz_cafe,1688,카페아야진,고성군,reservation_unknown
dmz_cafe:ff3ee053ebee80ca,dmz_cafe,1688,카페아야진,고성군,id_check_unknown
dmz_cafe:ff3ee053ebee80ca,dmz_cafe,1688,카페아야진,고성군,accessibility_unknown
dmz_cafe:ff3ee053ebee80ca,dmz_cafe,1688,카페아야진,고성군,telephone_missing
dmz_cafe:ff3ee053ebee80ca,dmz_cafe,1688,카페아야진,고성군,image_missing
dmz_cafe:ae2b54db8be8f5af,dmz_cafe,1689,그레이클라우드커피,고성군,operations_unverified
dmz_cafe:ae2b54db8be8f5af,dmz_cafe,1689,그레이클라우드커피,고성군,reservation_unknown
dmz_cafe:ae2b54db8be8f5af,dmz_cafe,1689,그레이클라우드커피,고성군,id_check_unknown
dmz_cafe:ae2b54db8be8f5af,dmz_cafe,1689,그레이클라우드커피,고성군,accessibility_unknown
dmz_cafe:ae2b54db8be8f5af,dmz_cafe,1689,그레이클라우드커피,고성군,telephone_missing
dmz_cafe:ae2b54db8be8f5af,dmz_cafe,1689,그레이클라우드커피,고성군,image_missing
dmz_cafe:9fd4830e477f6b31,dmz_cafe,1690,루트(ROUTE) 57,고성군,operations_unverified
dmz_cafe:9fd4830e477f6b31,dmz_cafe,1690,루트(ROUTE) 57,고성군,reservation_unknown
dmz_cafe:9fd4830e477f6b31,dmz_cafe,1690,루트(ROUTE) 57,고성군,id_check_unknown
dmz_cafe:9fd4830e477f6b31,dmz_cafe,1690,루트(ROUTE) 57,고성군,accessibility_unknown
dmz_cafe:9fd4830e477f6b31,dmz_cafe,1690,루트(ROUTE) 57,고성군,telephone_missing
dmz_cafe:9fd4830e477f6b31,dmz_cafe,1690,루트(ROUTE) 57,고성군,image_missing
dmz_cafe:fa56c0f6477c9e0d,dmz_cafe,1691,얼굴스,고성군,operations_unverified
dmz_cafe:fa56c0f6477c9e0d,dmz_cafe,1691,얼굴스,고성군,reservation_unknown
dmz_cafe:fa56c0f6477c9e0d,dmz_cafe,1691,얼굴스,고성군,id_check_unknown
dmz_cafe:fa56c0f6477c9e0d,dmz_cafe,1691,얼굴스,고성군,accessibility_unknown
dmz_cafe:fa56c0f6477c9e0d,dmz_cafe,1691,얼굴스,고성군,telephone_missing
dmz_cafe:fa56c0f6477c9e0d,dmz_cafe,1691,얼굴스,고성군,image_missing
dmz_cafe:bbb348909b5aeea3,dmz_cafe,1692,고성빵가,고성군,operations_unverified
dmz_cafe:bbb348909b5aeea3,dmz_cafe,1692,고성빵가,고성군,reservation_unknown
dmz_cafe:bbb348909b5aeea3,dmz_cafe,1692,고성빵가,고성군,id_check_unknown
dmz_cafe:bbb348909b5aeea3,dmz_cafe,1692,고성빵가,고성군,accessibility_unknown
dmz_cafe:bbb348909b5aeea3,dmz_cafe,1692,고성빵가,고성군,telephone_missing
dmz_cafe:bbb348909b5aeea3,dmz_cafe,1692,고성빵가,고성군,image_missing
dmz_cafe:8d84079cb8891cf9,dmz_cafe,1693,에이프레임,고성군,operations_unverified
dmz_cafe:8d84079cb8891cf9,dmz_cafe,1693,에이프레임,고성군,reservation_unknown
dmz_cafe:8d84079cb8891cf9,dmz_cafe,1693,에이프레임,고성군,id_check_unknown
dmz_cafe:8d84079cb8891cf9,dmz_cafe,1693,에이프레임,고성군,accessibility_unknown
dmz_cafe:8d84079cb8891cf9,dmz_cafe,1693,에이프레임,고성군,telephone_missing
dmz_cafe:8d84079cb8891cf9,dmz_cafe,1693,에이프레임,고성군,image_missing
dmz_cafe:579e1de0b5ad8aae,dmz_cafe,1694,요거프레소 강원공현진점,고성군,operations_unverified
dmz_cafe:579e1de0b5ad8aae,dmz_cafe,1694,요거프레소 강원공현진점,고성군,reservation_unknown
dmz_cafe:579e1de0b5ad8aae,dmz_cafe,1694,요거프레소 강원공현진점,고성군,id_check_unknown
dmz_cafe:579e1de0b5ad8aae,dmz_cafe,1694,요거프레소 강원공현진점,고성군,accessibility_unknown
dmz_cafe:579e1de0b5ad8aae,dmz_cafe,1694,요거프레소 강원공현진점,고성군,telephone_missing
dmz_cafe:579e1de0b5ad8aae,dmz_cafe,1694,요거프레소 강원공현진점,고성군,image_missing
dmz_cafe:19f62afd54054cda,dmz_cafe,1695,시크릿블루 카페&펜션,고성군,operations_unverified
dmz_cafe:19f62afd54054cda,dmz_cafe,1695,시크릿블루 카페&펜션,고성군,reservation_unknown
dmz_cafe:19f62afd54054cda,dmz_cafe,1695,시크릿블루 카페&펜션,고성군,id_check_unknown
dmz_cafe:19f62afd54054cda,dmz_cafe,1695,시크릿블루 카페&펜션,고성군,accessibility_unknown
dmz_cafe:19f62afd54054cda,dmz_cafe,1695,시크릿블루 카페&펜션,고성군,telephone_missing
dmz_cafe:19f62afd54054cda,dmz_cafe,1695,시크릿블루 카페&펜션,고성군,image_missing
dmz_cafe:fa2faed3f7de0c36,dmz_cafe,1696,헬로우씨카페,고성군,operations_unverified
dmz_cafe:fa2faed3f7de0c36,dmz_cafe,1696,헬로우씨카페,고성군,reservation_unknown
dmz_cafe:fa2faed3f7de0c36,dmz_cafe,1696,헬로우씨카페,고성군,id_check_unknown
dmz_cafe:fa2faed3f7de0c36,dmz_cafe,1696,헬로우씨카페,고성군,accessibility_unknown
dmz_cafe:fa2faed3f7de0c36,dmz_cafe,1696,헬로우씨카페,고성군,telephone_missing
dmz_cafe:fa2faed3f7de0c36,dmz_cafe,1696,헬로우씨카페,고성군,image_missing
dmz_cafe:e101d919c3b97fb5,dmz_cafe,1697,비치브런치카페,고성군,operations_unverified
dmz_cafe:e101d919c3b97fb5,dmz_cafe,1697,비치브런치카페,고성군,reservation_unknown
dmz_cafe:e101d919c3b97fb5,dmz_cafe,1697,비치브런치카페,고성군,id_check_unknown
dmz_cafe:e101d919c3b97fb5,dmz_cafe,1697,비치브런치카페,고성군,accessibility_unknown
dmz_cafe:e101d919c3b97fb5,dmz_cafe,1697,비치브런치카페,고성군,image_missing
dmz_cafe:b785ffd5937c549c,dmz_cafe,1698,카페스테이지,고성군,operations_unverified
dmz_cafe:b785ffd5937c549c,dmz_cafe,1698,카페스테이지,고성군,reservation_unknown
dmz_cafe:b785ffd5937c549c,dmz_cafe,1698,카페스테이지,고성군,id_check_unknown
dmz_cafe:b785ffd5937c549c,dmz_cafe,1698,카페스테이지,고성군,accessibility_unknown
dmz_cafe:b785ffd5937c549c,dmz_cafe,1698,카페스테이지,고성군,telephone_missing
dmz_cafe:b785ffd5937c549c,dmz_cafe,1698,카페스테이지,고성군,image_missing
dmz_cafe:193a8d8373cdfe3e,dmz_cafe,1699,봉포 아고라,고성군,operations_unverified
dmz_cafe:193a8d8373cdfe3e,dmz_cafe,1699,봉포 아고라,고성군,reservation_unknown
dmz_cafe:193a8d8373cdfe3e,dmz_cafe,1699,봉포 아고라,고성군,id_check_unknown
dmz_cafe:193a8d8373cdfe3e,dmz_cafe,1699,봉포 아고라,고성군,accessibility_unknown
dmz_cafe:193a8d8373cdfe3e,dmz_cafe,1699,봉포 아고라,고성군,telephone_missing
dmz_cafe:193a8d8373cdfe3e,dmz_cafe,1699,봉포 아고라,고성군,image_missing
dmz_cafe:342dade380bd5dec,dmz_cafe,1700,브루잉(Brewing),고성군,operations_unverified
dmz_cafe:342dade380bd5dec,dmz_cafe,1700,브루잉(Brewing),고성군,reservation_unknown
dmz_cafe:342dade380bd5dec,dmz_cafe,1700,브루잉(Brewing),고성군,id_check_unknown
dmz_cafe:342dade380bd5dec,dmz_cafe,1700,브루잉(Brewing),고성군,accessibility_unknown
dmz_cafe:342dade380bd5dec,dmz_cafe,1700,브루잉(Brewing),고성군,telephone_missing
dmz_cafe:342dade380bd5dec,dmz_cafe,1700,브루잉(Brewing),고성군,image_missing
dmz_cafe:64a65dc662e2a793,dmz_cafe,1701,미송,고성군,operations_unverified
dmz_cafe:64a65dc662e2a793,dmz_cafe,1701,미송,고성군,reservation_unknown
dmz_cafe:64a65dc662e2a793,dmz_cafe,1701,미송,고성군,id_check_unknown
dmz_cafe:64a65dc662e2a793,dmz_cafe,1701,미송,고성군,accessibility_unknown
dmz_cafe:64a65dc662e2a793,dmz_cafe,1701,미송,고성군,telephone_missing
dmz_cafe:64a65dc662e2a793,dmz_cafe,1701,미송,고성군,image_missing
dmz_cafe:957e7d5d59d64789,dmz_cafe,1702,스테이165,고성군,operations_unverified
dmz_cafe:957e7d5d59d64789,dmz_cafe,1702,스테이165,고성군,reservation_unknown
dmz_cafe:957e7d5d59d64789,dmz_cafe,1702,스테이165,고성군,id_check_unknown
dmz_cafe:957e7d5d59d64789,dmz_cafe,1702,스테이165,고성군,accessibility_unknown
dmz_cafe:957e7d5d59d64789,dmz_cafe,1702,스테이165,고성군,telephone_missing
dmz_cafe:957e7d5d59d64789,dmz_cafe,1702,스테이165,고성군,image_missing
dmz_cafe:e0c6c774f7c7111b,dmz_cafe,1703,파스쿠찌 토성농협점,고성군,operations_unverified
dmz_cafe:e0c6c774f7c7111b,dmz_cafe,1703,파스쿠찌 토성농협점,고성군,reservation_unknown
dmz_cafe:e0c6c774f7c7111b,dmz_cafe,1703,파스쿠찌 토성농협점,고성군,id_check_unknown
dmz_cafe:e0c6c774f7c7111b,dmz_cafe,1703,파스쿠찌 토성농협점,고성군,accessibility_unknown
dmz_cafe:e0c6c774f7c7111b,dmz_cafe,1703,파스쿠찌 토성농협점,고성군,image_missing
dmz_cafe:8556171720d8ea1a,dmz_cafe,1704,파우제(PAUSE),고성군,operations_unverified
dmz_cafe:8556171720d8ea1a,dmz_cafe,1704,파우제(PAUSE),고성군,reservation_unknown
dmz_cafe:8556171720d8ea1a,dmz_cafe,1704,파우제(PAUSE),고성군,id_check_unknown
dmz_cafe:8556171720d8ea1a,dmz_cafe,1704,파우제(PAUSE),고성군,accessibility_unknown
dmz_cafe:8556171720d8ea1a,dmz_cafe,1704,파우제(PAUSE),고성군,telephone_missing
dmz_cafe:8556171720d8ea1a,dmz_cafe,1704,파우제(PAUSE),고성군,image_missing
dmz_cafe:d8279a239a8170cb,dmz_cafe,1705,씨유(CU) 고성해변점,고성군,operations_unverified
dmz_cafe:d8279a239a8170cb,dmz_cafe,1705,씨유(CU) 고성해변점,고성군,reservation_unknown
dmz_cafe:d8279a239a8170cb,dmz_cafe,1705,씨유(CU) 고성해변점,고성군,id_check_unknown
dmz_cafe:d8279a239a8170cb,dmz_cafe,1705,씨유(CU) 고성해변점,고성군,accessibility_unknown
dmz_cafe:d8279a239a8170cb,dmz_cafe,1705,씨유(CU) 고성해변점,고성군,telephone_missing
dmz_cafe:d8279a239a8170cb,dmz_cafe,1705,씨유(CU) 고성해변점,고성군,image_missing
dmz_cafe:068948c4f52cb584,dmz_cafe,1706,카페올라(olla),고성군,operations_unverified
dmz_cafe:068948c4f52cb584,dmz_cafe,1706,카페올라(olla),고성군,reservation_unknown
dmz_cafe:068948c4f52cb584,dmz_cafe,1706,카페올라(olla),고성군,id_check_unknown
dmz_cafe:068948c4f52cb584,dmz_cafe,1706,카페올라(olla),고성군,accessibility_unknown
dmz_cafe:068948c4f52cb584,dmz_cafe,1706,카페올라(olla),고성군,telephone_missing
dmz_cafe:068948c4f52cb584,dmz_cafe,1706,카페올라(olla),고성군,image_missing
dmz_cafe:f56a5f9329634f41,dmz_cafe,1707,카페노던,고성군,operations_unverified
dmz_cafe:f56a5f9329634f41,dmz_cafe,1707,카페노던,고성군,reservation_unknown
dmz_cafe:f56a5f9329634f41,dmz_cafe,1707,카페노던,고성군,id_check_unknown
dmz_cafe:f56a5f9329634f41,dmz_cafe,1707,카페노던,고성군,accessibility_unknown
dmz_cafe:f56a5f9329634f41,dmz_cafe,1707,카페노던,고성군,telephone_missing
dmz_cafe:f56a5f9329634f41,dmz_cafe,1707,카페노던,고성군,image_missing
dmz_cafe:256ed0c51660c36c,dmz_cafe,1708,하늬라벤더팜,고성군,operations_unverified
dmz_cafe:256ed0c51660c36c,dmz_cafe,1708,하늬라벤더팜,고성군,reservation_unknown
dmz_cafe:256ed0c51660c36c,dmz_cafe,1708,하늬라벤더팜,고성군,id_check_unknown
dmz_cafe:256ed0c51660c36c,dmz_cafe,1708,하늬라벤더팜,고성군,accessibility_unknown
dmz_cafe:256ed0c51660c36c,dmz_cafe,1708,하늬라벤더팜,고성군,image_missing
dmz_cafe:256ed0c51660c36c,dmz_cafe,1708,하늬라벤더팜,고성군,duplicate_title_county_review
dmz_cafe:6dcdd39300d17ede,dmz_cafe,1709,나무,고성군,operations_unverified
dmz_cafe:6dcdd39300d17ede,dmz_cafe,1709,나무,고성군,reservation_unknown
dmz_cafe:6dcdd39300d17ede,dmz_cafe,1709,나무,고성군,id_check_unknown
dmz_cafe:6dcdd39300d17ede,dmz_cafe,1709,나무,고성군,accessibility_unknown
dmz_cafe:6dcdd39300d17ede,dmz_cafe,1709,나무,고성군,telephone_missing
dmz_cafe:6dcdd39300d17ede,dmz_cafe,1709,나무,고성군,image_missing
dmz_cafe:8bbcc6a9bf0e24db,dmz_cafe,1710,달콤커피,고성군,operations_unverified
dmz_cafe:8bbcc6a9bf0e24db,dmz_cafe,1710,달콤커피,고성군,reservation_unknown
dmz_cafe:8bbcc6a9bf0e24db,dmz_cafe,1710,달콤커피,고성군,id_check_unknown
dmz_cafe:8bbcc6a9bf0e24db,dmz_cafe,1710,달콤커피,고성군,accessibility_unknown
dmz_cafe:8bbcc6a9bf0e24db,dmz_cafe,1710,달콤커피,고성군,image_missing
dmz_cafe:1e3ded4e48192a7a,dmz_cafe,1711,레이크오션 카페,고성군,operations_unverified
dmz_cafe:1e3ded4e48192a7a,dmz_cafe,1711,레이크오션 카페,고성군,reservation_unknown
dmz_cafe:1e3ded4e48192a7a,dmz_cafe,1711,레이크오션 카페,고성군,id_check_unknown
dmz_cafe:1e3ded4e48192a7a,dmz_cafe,1711,레이크오션 카페,고성군,accessibility_unknown
dmz_cafe:1e3ded4e48192a7a,dmz_cafe,1711,레이크오션 카페,고성군,image_missing
dmz_cafe:c90bf479efaa8374,dmz_cafe,1712,온더버튼(on the button),고성군,operations_unverified
dmz_cafe:c90bf479efaa8374,dmz_cafe,1712,온더버튼(on the button),고성군,reservation_unknown
dmz_cafe:c90bf479efaa8374,dmz_cafe,1712,온더버튼(on the button),고성군,id_check_unknown
dmz_cafe:c90bf479efaa8374,dmz_cafe,1712,온더버튼(on the button),고성군,accessibility_unknown
dmz_cafe:c90bf479efaa8374,dmz_cafe,1712,온더버튼(on the button),고성군,telephone_missing
dmz_cafe:c90bf479efaa8374,dmz_cafe,1712,온더버튼(on the button),고성군,image_missing
dmz_cafe:b8f6ab8def87e68c,dmz_cafe,1713,보나테라(주),고성군,operations_unverified
dmz_cafe:b8f6ab8def87e68c,dmz_cafe,1713,보나테라(주),고성군,reservation_unknown
dmz_cafe:b8f6ab8def87e68c,dmz_cafe,1713,보나테라(주),고성군,id_check_unknown
dmz_cafe:b8f6ab8def87e68c,dmz_cafe,1713,보나테라(주),고성군,accessibility_unknown
dmz_cafe:b8f6ab8def87e68c,dmz_cafe,1713,보나테라(주),고성군,telephone_missing
dmz_cafe:b8f6ab8def87e68c,dmz_cafe,1713,보나테라(주),고성군,image_missing
dmz_cafe:80cbfe3652f7020d,dmz_cafe,1714,커피생각,고성군,operations_unverified
dmz_cafe:80cbfe3652f7020d,dmz_cafe,1714,커피생각,고성군,reservation_unknown
dmz_cafe:80cbfe3652f7020d,dmz_cafe,1714,커피생각,고성군,id_check_unknown
dmz_cafe:80cbfe3652f7020d,dmz_cafe,1714,커피생각,고성군,accessibility_unknown
dmz_cafe:80cbfe3652f7020d,dmz_cafe,1714,커피생각,고성군,image_missing
dmz_cafe:faf255a0981d2278,dmz_cafe,1715,스타벅스 소노델피노점,고성군,operations_unverified
dmz_cafe:faf255a0981d2278,dmz_cafe,1715,스타벅스 소노델피노점,고성군,reservation_unknown
dmz_cafe:faf255a0981d2278,dmz_cafe,1715,스타벅스 소노델피노점,고성군,id_check_unknown
dmz_cafe:faf255a0981d2278,dmz_cafe,1715,스타벅스 소노델피노점,고성군,accessibility_unknown
dmz_cafe:faf255a0981d2278,dmz_cafe,1715,스타벅스 소노델피노점,고성군,image_missing
dmz_cafe:510d64174780aaac,dmz_cafe,1716,고성카페 라오라나,고성군,operations_unverified
dmz_cafe:510d64174780aaac,dmz_cafe,1716,고성카페 라오라나,고성군,reservation_unknown
dmz_cafe:510d64174780aaac,dmz_cafe,1716,고성카페 라오라나,고성군,id_check_unknown
dmz_cafe:510d64174780aaac,dmz_cafe,1716,고성카페 라오라나,고성군,accessibility_unknown
dmz_cafe:510d64174780aaac,dmz_cafe,1716,고성카페 라오라나,고성군,image_missing
dmz_cafe:a593e13783c150ea,dmz_cafe,1717,헬로엠,고성군,operations_unverified
dmz_cafe:a593e13783c150ea,dmz_cafe,1717,헬로엠,고성군,reservation_unknown
dmz_cafe:a593e13783c150ea,dmz_cafe,1717,헬로엠,고성군,id_check_unknown
dmz_cafe:a593e13783c150ea,dmz_cafe,1717,헬로엠,고성군,accessibility_unknown
dmz_cafe:a593e13783c150ea,dmz_cafe,1717,헬로엠,고성군,telephone_missing
dmz_cafe:a593e13783c150ea,dmz_cafe,1717,헬로엠,고성군,image_missing
dmz_cafe:eb8f0089e4dd898e,dmz_cafe,1718,비엔토테이크아웃,고성군,operations_unverified
dmz_cafe:eb8f0089e4dd898e,dmz_cafe,1718,비엔토테이크아웃,고성군,reservation_unknown
dmz_cafe:eb8f0089e4dd898e,dmz_cafe,1718,비엔토테이크아웃,고성군,id_check_unknown
dmz_cafe:eb8f0089e4dd898e,dmz_cafe,1718,비엔토테이크아웃,고성군,accessibility_unknown
dmz_cafe:eb8f0089e4dd898e,dmz_cafe,1718,비엔토테이크아웃,고성군,telephone_missing
dmz_cafe:eb8f0089e4dd898e,dmz_cafe,1718,비엔토테이크아웃,고성군,image_missing
dmz_cafe:806e580dd3c99f12,dmz_cafe,1719,까페바우,고성군,operations_unverified
dmz_cafe:806e580dd3c99f12,dmz_cafe,1719,까페바우,고성군,reservation_unknown
dmz_cafe:806e580dd3c99f12,dmz_cafe,1719,까페바우,고성군,id_check_unknown
dmz_cafe:806e580dd3c99f12,dmz_cafe,1719,까페바우,고성군,accessibility_unknown
dmz_cafe:806e580dd3c99f12,dmz_cafe,1719,까페바우,고성군,telephone_missing
dmz_cafe:806e580dd3c99f12,dmz_cafe,1719,까페바우,고성군,image_missing
dmz_cafe:a18bb0dfe1ac7d88,dmz_cafe,1720,DMZ전망대카페,고성군,operations_unverified
dmz_cafe:a18bb0dfe1ac7d88,dmz_cafe,1720,DMZ전망대카페,고성군,reservation_unknown
dmz_cafe:a18bb0dfe1ac7d88,dmz_cafe,1720,DMZ전망대카페,고성군,id_check_unknown
dmz_cafe:a18bb0dfe1ac7d88,dmz_cafe,1720,DMZ전망대카페,고성군,accessibility_unknown
dmz_cafe:a18bb0dfe1ac7d88,dmz_cafe,1720,DMZ전망대카페,고성군,image_missing
dmz_cafe:e46b5639cae842fa,dmz_cafe,1721,커피플랫폼 188,고성군,operations_unverified
dmz_cafe:e46b5639cae842fa,dmz_cafe,1721,커피플랫폼 188,고성군,reservation_unknown
dmz_cafe:e46b5639cae842fa,dmz_cafe,1721,커피플랫폼 188,고성군,id_check_unknown
dmz_cafe:e46b5639cae842fa,dmz_cafe,1721,커피플랫폼 188,고성군,accessibility_unknown
dmz_cafe:e46b5639cae842fa,dmz_cafe,1721,커피플랫폼 188,고성군,telephone_missing
dmz_cafe:e46b5639cae842fa,dmz_cafe,1721,커피플랫폼 188,고성군,image_missing
dmz_cafe:187c0441e18c461b,dmz_cafe,1722,백도카페,고성군,operations_unverified
dmz_cafe:187c0441e18c461b,dmz_cafe,1722,백도카페,고성군,reservation_unknown
dmz_cafe:187c0441e18c461b,dmz_cafe,1722,백도카페,고성군,id_check_unknown
dmz_cafe:187c0441e18c461b,dmz_cafe,1722,백도카페,고성군,accessibility_unknown
dmz_cafe:187c0441e18c461b,dmz_cafe,1722,백도카페,고성군,telephone_missing
dmz_cafe:187c0441e18c461b,dmz_cafe,1722,백도카페,고성군,image_missing
dmz_cafe:c85a3553d7823901,dmz_cafe,1723,행복한 시간이 있는 곳,고성군,operations_unverified
dmz_cafe:c85a3553d7823901,dmz_cafe,1723,행복한 시간이 있는 곳,고성군,reservation_unknown
dmz_cafe:c85a3553d7823901,dmz_cafe,1723,행복한 시간이 있는 곳,고성군,id_check_unknown
dmz_cafe:c85a3553d7823901,dmz_cafe,1723,행복한 시간이 있는 곳,고성군,accessibility_unknown
dmz_cafe:c85a3553d7823901,dmz_cafe,1723,행복한 시간이 있는 곳,고성군,image_missing
dmz_cafe:30a195f7064c3346,dmz_cafe,1724,제니정 스튜디오,고성군,operations_unverified
dmz_cafe:30a195f7064c3346,dmz_cafe,1724,제니정 스튜디오,고성군,reservation_unknown
dmz_cafe:30a195f7064c3346,dmz_cafe,1724,제니정 스튜디오,고성군,id_check_unknown
dmz_cafe:30a195f7064c3346,dmz_cafe,1724,제니정 스튜디오,고성군,accessibility_unknown
dmz_cafe:30a195f7064c3346,dmz_cafe,1724,제니정 스튜디오,고성군,image_missing
dmz_cafe:49d0c6c928dda1c6,dmz_cafe,1725,스테이지알(stage.r),고성군,operations_unverified
dmz_cafe:49d0c6c928dda1c6,dmz_cafe,1725,스테이지알(stage.r),고성군,reservation_unknown
dmz_cafe:49d0c6c928dda1c6,dmz_cafe,1725,스테이지알(stage.r),고성군,id_check_unknown
dmz_cafe:49d0c6c928dda1c6,dmz_cafe,1725,스테이지알(stage.r),고성군,accessibility_unknown
dmz_cafe:49d0c6c928dda1c6,dmz_cafe,1725,스테이지알(stage.r),고성군,telephone_missing
dmz_cafe:49d0c6c928dda1c6,dmz_cafe,1725,스테이지알(stage.r),고성군,image_missing
dmz_cafe:31e22f9a0fc71eca,dmz_cafe,1726,카페 달록,고성군,operations_unverified
dmz_cafe:31e22f9a0fc71eca,dmz_cafe,1726,카페 달록,고성군,reservation_unknown
dmz_cafe:31e22f9a0fc71eca,dmz_cafe,1726,카페 달록,고성군,id_check_unknown
dmz_cafe:31e22f9a0fc71eca,dmz_cafe,1726,카페 달록,고성군,accessibility_unknown
dmz_cafe:31e22f9a0fc71eca,dmz_cafe,1726,카페 달록,고성군,image_missing
dmz_cafe:0e0466152f37d748,dmz_cafe,1727,투썸플레이스 고성간성점,고성군,operations_unverified
dmz_cafe:0e0466152f37d748,dmz_cafe,1727,투썸플레이스 고성간성점,고성군,reservation_unknown
dmz_cafe:0e0466152f37d748,dmz_cafe,1727,투썸플레이스 고성간성점,고성군,id_check_unknown
dmz_cafe:0e0466152f37d748,dmz_cafe,1727,투썸플레이스 고성간성점,고성군,accessibility_unknown
dmz_cafe:0e0466152f37d748,dmz_cafe,1727,투썸플레이스 고성간성점,고성군,image_missing
dmz_cafe:cfbe09405337ccfc,dmz_cafe,1728,도자기별,고성군,operations_unverified
dmz_cafe:cfbe09405337ccfc,dmz_cafe,1728,도자기별,고성군,reservation_unknown
dmz_cafe:cfbe09405337ccfc,dmz_cafe,1728,도자기별,고성군,id_check_unknown
dmz_cafe:cfbe09405337ccfc,dmz_cafe,1728,도자기별,고성군,accessibility_unknown
dmz_cafe:cfbe09405337ccfc,dmz_cafe,1728,도자기별,고성군,telephone_missing
dmz_cafe:cfbe09405337ccfc,dmz_cafe,1728,도자기별,고성군,image_missing
dmz_cafe:555c7cc61ff50f3f,dmz_cafe,1729,포레스트카페(For Rest cafe),고성군,operations_unverified
dmz_cafe:555c7cc61ff50f3f,dmz_cafe,1729,포레스트카페(For Rest cafe),고성군,reservation_unknown
dmz_cafe:555c7cc61ff50f3f,dmz_cafe,1729,포레스트카페(For Rest cafe),고성군,id_check_unknown
dmz_cafe:555c7cc61ff50f3f,dmz_cafe,1729,포레스트카페(For Rest cafe),고성군,accessibility_unknown
dmz_cafe:555c7cc61ff50f3f,dmz_cafe,1729,포레스트카페(For Rest cafe),고성군,telephone_missing
dmz_cafe:555c7cc61ff50f3f,dmz_cafe,1729,포레스트카페(For Rest cafe),고성군,image_missing
dmz_cafe:13fe5da20180e65a,dmz_cafe,1730,마추깡카페,고성군,operations_unverified
dmz_cafe:13fe5da20180e65a,dmz_cafe,1730,마추깡카페,고성군,reservation_unknown
dmz_cafe:13fe5da20180e65a,dmz_cafe,1730,마추깡카페,고성군,id_check_unknown
dmz_cafe:13fe5da20180e65a,dmz_cafe,1730,마추깡카페,고성군,accessibility_unknown
dmz_cafe:13fe5da20180e65a,dmz_cafe,1730,마추깡카페,고성군,telephone_missing
dmz_cafe:13fe5da20180e65a,dmz_cafe,1730,마추깡카페,고성군,image_missing
dmz_cafe:60e432cb003c58fa,dmz_cafe,1731,모퉁이카페,양구군,operations_unverified
dmz_cafe:60e432cb003c58fa,dmz_cafe,1731,모퉁이카페,양구군,reservation_unknown
dmz_cafe:60e432cb003c58fa,dmz_cafe,1731,모퉁이카페,양구군,id_check_unknown
dmz_cafe:60e432cb003c58fa,dmz_cafe,1731,모퉁이카페,양구군,accessibility_unknown
dmz_cafe:60e432cb003c58fa,dmz_cafe,1731,모퉁이카페,양구군,image_missing
dmz_cafe:fb6a00cf41ef482b,dmz_cafe,1732,청춘크루즈 간이매점,양구군,operations_unverified
dmz_cafe:fb6a00cf41ef482b,dmz_cafe,1732,청춘크루즈 간이매점,양구군,reservation_unknown
dmz_cafe:fb6a00cf41ef482b,dmz_cafe,1732,청춘크루즈 간이매점,양구군,id_check_unknown
dmz_cafe:fb6a00cf41ef482b,dmz_cafe,1732,청춘크루즈 간이매점,양구군,accessibility_unknown
dmz_cafe:fb6a00cf41ef482b,dmz_cafe,1732,청춘크루즈 간이매점,양구군,telephone_missing
dmz_cafe:fb6a00cf41ef482b,dmz_cafe,1732,청춘크루즈 간이매점,양구군,image_missing
dmz_cafe:bd4be31f036ad008,dmz_cafe,1733,롤리폴리 양구지점,양구군,operations_unverified
dmz_cafe:bd4be31f036ad008,dmz_cafe,1733,롤리폴리 양구지점,양구군,reservation_unknown
dmz_cafe:bd4be31f036ad008,dmz_cafe,1733,롤리폴리 양구지점,양구군,id_check_unknown
dmz_cafe:bd4be31f036ad008,dmz_cafe,1733,롤리폴리 양구지점,양구군,accessibility_unknown
dmz_cafe:bd4be31f036ad008,dmz_cafe,1733,롤리폴리 양구지점,양구군,telephone_missing
dmz_cafe:bd4be31f036ad008,dmz_cafe,1733,롤리폴리 양구지점,양구군,image_missing
dmz_cafe:d9067e931dc3eb5b,dmz_cafe,1734,공차 강원양구점,양구군,operations_unverified
dmz_cafe:d9067e931dc3eb5b,dmz_cafe,1734,공차 강원양구점,양구군,reservation_unknown
dmz_cafe:d9067e931dc3eb5b,dmz_cafe,1734,공차 강원양구점,양구군,id_check_unknown
dmz_cafe:d9067e931dc3eb5b,dmz_cafe,1734,공차 강원양구점,양구군,accessibility_unknown
dmz_cafe:d9067e931dc3eb5b,dmz_cafe,1734,공차 강원양구점,양구군,telephone_missing
dmz_cafe:d9067e931dc3eb5b,dmz_cafe,1734,공차 강원양구점,양구군,image_missing
dmz_cafe:78deb3aaaee88ebd,dmz_cafe,1735,오롯이무드,양구군,operations_unverified
dmz_cafe:78deb3aaaee88ebd,dmz_cafe,1735,오롯이무드,양구군,reservation_unknown
dmz_cafe:78deb3aaaee88ebd,dmz_cafe,1735,오롯이무드,양구군,id_check_unknown
dmz_cafe:78deb3aaaee88ebd,dmz_cafe,1735,오롯이무드,양구군,accessibility_unknown
dmz_cafe:78deb3aaaee88ebd,dmz_cafe,1735,오롯이무드,양구군,telephone_missing
dmz_cafe:78deb3aaaee88ebd,dmz_cafe,1735,오롯이무드,양구군,image_missing
dmz_cafe:9c0e1d26173c1c7a,dmz_cafe,1736,펀치스 11-2,양구군,operations_unverified
dmz_cafe:9c0e1d26173c1c7a,dmz_cafe,1736,펀치스 11-2,양구군,reservation_unknown
dmz_cafe:9c0e1d26173c1c7a,dmz_cafe,1736,펀치스 11-2,양구군,id_check_unknown
dmz_cafe:9c0e1d26173c1c7a,dmz_cafe,1736,펀치스 11-2,양구군,accessibility_unknown
dmz_cafe:9c0e1d26173c1c7a,dmz_cafe,1736,펀치스 11-2,양구군,telephone_missing
dmz_cafe:9c0e1d26173c1c7a,dmz_cafe,1736,펀치스 11-2,양구군,image_missing
dmz_cafe:46ecacb76a732603,dmz_cafe,1737,"디어, 예슬린",양구군,operations_unverified
dmz_cafe:46ecacb76a732603,dmz_cafe,1737,"디어, 예슬린",양구군,reservation_unknown
dmz_cafe:46ecacb76a732603,dmz_cafe,1737,"디어, 예슬린",양구군,id_check_unknown
dmz_cafe:46ecacb76a732603,dmz_cafe,1737,"디어, 예슬린",양구군,accessibility_unknown
dmz_cafe:46ecacb76a732603,dmz_cafe,1737,"디어, 예슬린",양구군,telephone_missing
dmz_cafe:46ecacb76a732603,dmz_cafe,1737,"디어, 예슬린",양구군,image_missing
dmz_cafe:7dd93385d7ab9c11,dmz_cafe,1738,아인53 만나,양구군,operations_unverified
dmz_cafe:7dd93385d7ab9c11,dmz_cafe,1738,아인53 만나,양구군,reservation_unknown
dmz_cafe:7dd93385d7ab9c11,dmz_cafe,1738,아인53 만나,양구군,id_check_unknown
dmz_cafe:7dd93385d7ab9c11,dmz_cafe,1738,아인53 만나,양구군,accessibility_unknown
dmz_cafe:7dd93385d7ab9c11,dmz_cafe,1738,아인53 만나,양구군,telephone_missing
dmz_cafe:7dd93385d7ab9c11,dmz_cafe,1738,아인53 만나,양구군,image_missing
dmz_cafe:de750dd05ccf20f6,dmz_cafe,1739,리아숲 자연주의스토아,양구군,operations_unverified
dmz_cafe:de750dd05ccf20f6,dmz_cafe,1739,리아숲 자연주의스토아,양구군,reservation_unknown
dmz_cafe:de750dd05ccf20f6,dmz_cafe,1739,리아숲 자연주의스토아,양구군,id_check_unknown
dmz_cafe:de750dd05ccf20f6,dmz_cafe,1739,리아숲 자연주의스토아,양구군,accessibility_unknown
dmz_cafe:de750dd05ccf20f6,dmz_cafe,1739,리아숲 자연주의스토아,양구군,telephone_missing
dmz_cafe:de750dd05ccf20f6,dmz_cafe,1739,리아숲 자연주의스토아,양구군,image_missing
dmz_cafe:aaef8cad33bbadce,dmz_cafe,1740,무인카페&수제디저트,양구군,operations_unverified
dmz_cafe:aaef8cad33bbadce,dmz_cafe,1740,무인카페&수제디저트,양구군,reservation_unknown
dmz_cafe:aaef8cad33bbadce,dmz_cafe,1740,무인카페&수제디저트,양구군,id_check_unknown
dmz_cafe:aaef8cad33bbadce,dmz_cafe,1740,무인카페&수제디저트,양구군,accessibility_unknown
dmz_cafe:aaef8cad33bbadce,dmz_cafe,1740,무인카페&수제디저트,양구군,image_missing
dmz_cafe:81a69b3d58a17da6,dmz_cafe,1741,하늘카페,양구군,operations_unverified
dmz_cafe:81a69b3d58a17da6,dmz_cafe,1741,하늘카페,양구군,reservation_unknown
dmz_cafe:81a69b3d58a17da6,dmz_cafe,1741,하늘카페,양구군,id_check_unknown
dmz_cafe:81a69b3d58a17da6,dmz_cafe,1741,하늘카페,양구군,accessibility_unknown
dmz_cafe:81a69b3d58a17da6,dmz_cafe,1741,하늘카페,양구군,image_missing
dmz_cafe:8081bfc13dd7a1a4,dmz_cafe,1742,카페 방앗간,양구군,operations_unverified
dmz_cafe:8081bfc13dd7a1a4,dmz_cafe,1742,카페 방앗간,양구군,reservation_unknown
dmz_cafe:8081bfc13dd7a1a4,dmz_cafe,1742,카페 방앗간,양구군,id_check_unknown
dmz_cafe:8081bfc13dd7a1a4,dmz_cafe,1742,카페 방앗간,양구군,accessibility_unknown
dmz_cafe:8081bfc13dd7a1a4,dmz_cafe,1742,카페 방앗간,양구군,telephone_missing
dmz_cafe:8081bfc13dd7a1a4,dmz_cafe,1742,카페 방앗간,양구군,image_missing
dmz_cafe:474cacd4f54854f6,dmz_cafe,1743,카페 따 숲 1983,양구군,operations_unverified
dmz_cafe:474cacd4f54854f6,dmz_cafe,1743,카페 따 숲 1983,양구군,reservation_unknown
dmz_cafe:474cacd4f54854f6,dmz_cafe,1743,카페 따 숲 1983,양구군,id_check_unknown
dmz_cafe:474cacd4f54854f6,dmz_cafe,1743,카페 따 숲 1983,양구군,accessibility_unknown
dmz_cafe:474cacd4f54854f6,dmz_cafe,1743,카페 따 숲 1983,양구군,telephone_missing
dmz_cafe:474cacd4f54854f6,dmz_cafe,1743,카페 따 숲 1983,양구군,image_missing
dmz_cafe:015d011c64c3a78b,dmz_cafe,1744,공감 카페,양구군,operations_unverified
dmz_cafe:015d011c64c3a78b,dmz_cafe,1744,공감 카페,양구군,reservation_unknown
dmz_cafe:015d011c64c3a78b,dmz_cafe,1744,공감 카페,양구군,id_check_unknown
dmz_cafe:015d011c64c3a78b,dmz_cafe,1744,공감 카페,양구군,accessibility_unknown
dmz_cafe:015d011c64c3a78b,dmz_cafe,1744,공감 카페,양구군,image_missing
dmz_cafe:ce6b1018b1c22b17,dmz_cafe,1745,PC토랑,양구군,operations_unverified
dmz_cafe:ce6b1018b1c22b17,dmz_cafe,1745,PC토랑,양구군,reservation_unknown
dmz_cafe:ce6b1018b1c22b17,dmz_cafe,1745,PC토랑,양구군,id_check_unknown
dmz_cafe:ce6b1018b1c22b17,dmz_cafe,1745,PC토랑,양구군,accessibility_unknown
dmz_cafe:ce6b1018b1c22b17,dmz_cafe,1745,PC토랑,양구군,image_missing
dmz_cafe:16a57572b0a9b449,dmz_cafe,1746,헨리(Henry),양구군,operations_unverified
dmz_cafe:16a57572b0a9b449,dmz_cafe,1746,헨리(Henry),양구군,reservation_unknown
dmz_cafe:16a57572b0a9b449,dmz_cafe,1746,헨리(Henry),양구군,id_check_unknown
dmz_cafe:16a57572b0a9b449,dmz_cafe,1746,헨리(Henry),양구군,accessibility_unknown
dmz_cafe:16a57572b0a9b449,dmz_cafe,1746,헨리(Henry),양구군,telephone_missing
dmz_cafe:16a57572b0a9b449,dmz_cafe,1746,헨리(Henry),양구군,image_missing
dmz_cafe:37396823d0b964ff,dmz_cafe,1747,커피한잔,양구군,operations_unverified
dmz_cafe:37396823d0b964ff,dmz_cafe,1747,커피한잔,양구군,reservation_unknown
dmz_cafe:37396823d0b964ff,dmz_cafe,1747,커피한잔,양구군,id_check_unknown
dmz_cafe:37396823d0b964ff,dmz_cafe,1747,커피한잔,양구군,accessibility_unknown
dmz_cafe:37396823d0b964ff,dmz_cafe,1747,커피한잔,양구군,image_missing
dmz_cafe:a6885c4c9be305ca,dmz_cafe,1748,어셈블(Assemble),양구군,operations_unverified
dmz_cafe:a6885c4c9be305ca,dmz_cafe,1748,어셈블(Assemble),양구군,reservation_unknown
dmz_cafe:a6885c4c9be305ca,dmz_cafe,1748,어셈블(Assemble),양구군,id_check_unknown
dmz_cafe:a6885c4c9be305ca,dmz_cafe,1748,어셈블(Assemble),양구군,accessibility_unknown
dmz_cafe:a6885c4c9be305ca,dmz_cafe,1748,어셈블(Assemble),양구군,image_missing
dmz_cafe:c4d08f31fbce42c1,dmz_cafe,1749,이디야,양구군,operations_unverified
dmz_cafe:c4d08f31fbce42c1,dmz_cafe,1749,이디야,양구군,reservation_unknown
dmz_cafe:c4d08f31fbce42c1,dmz_cafe,1749,이디야,양구군,id_check_unknown
dmz_cafe:c4d08f31fbce42c1,dmz_cafe,1749,이디야,양구군,accessibility_unknown
dmz_cafe:c4d08f31fbce42c1,dmz_cafe,1749,이디야,양구군,image_missing
dmz_cafe:b00d44cfec4ec1d7,dmz_cafe,1750,DODO RELLA,양구군,operations_unverified
dmz_cafe:b00d44cfec4ec1d7,dmz_cafe,1750,DODO RELLA,양구군,reservation_unknown
dmz_cafe:b00d44cfec4ec1d7,dmz_cafe,1750,DODO RELLA,양구군,id_check_unknown
dmz_cafe:b00d44cfec4ec1d7,dmz_cafe,1750,DODO RELLA,양구군,accessibility_unknown
dmz_cafe:b00d44cfec4ec1d7,dmz_cafe,1750,DODO RELLA,양구군,telephone_missing
dmz_cafe:b00d44cfec4ec1d7,dmz_cafe,1750,DODO RELLA,양구군,image_missing
dmz_cafe:06c39422c6bbc095,dmz_cafe,1751,에그존&샌드베이 강원양구점,양구군,operations_unverified
dmz_cafe:06c39422c6bbc095,dmz_cafe,1751,에그존&샌드베이 강원양구점,양구군,reservation_unknown
dmz_cafe:06c39422c6bbc095,dmz_cafe,1751,에그존&샌드베이 강원양구점,양구군,id_check_unknown
dmz_cafe:06c39422c6bbc095,dmz_cafe,1751,에그존&샌드베이 강원양구점,양구군,accessibility_unknown
dmz_cafe:06c39422c6bbc095,dmz_cafe,1751,에그존&샌드베이 강원양구점,양구군,image_missing
dmz_cafe:a58013174a2a8561,dmz_cafe,1752,아인53,양구군,operations_unverified
dmz_cafe:a58013174a2a8561,dmz_cafe,1752,아인53,양구군,reservation_unknown
dmz_cafe:a58013174a2a8561,dmz_cafe,1752,아인53,양구군,id_check_unknown
dmz_cafe:a58013174a2a8561,dmz_cafe,1752,아인53,양구군,accessibility_unknown
dmz_cafe:a58013174a2a8561,dmz_cafe,1752,아인53,양구군,telephone_missing
dmz_cafe:a58013174a2a8561,dmz_cafe,1752,아인53,양구군,image_missing
dmz_cafe:fd729631b310c347,dmz_cafe,1753,숲소울,양구군,operations_unverified
dmz_cafe:fd729631b310c347,dmz_cafe,1753,숲소울,양구군,reservation_unknown
dmz_cafe:fd729631b310c347,dmz_cafe,1753,숲소울,양구군,id_check_unknown
dmz_cafe:fd729631b310c347,dmz_cafe,1753,숲소울,양구군,accessibility_unknown
dmz_cafe:fd729631b310c347,dmz_cafe,1753,숲소울,양구군,image_missing
dmz_cafe:a6ab65109dc4a5c9,dmz_cafe,1754,카페1001-8,양구군,operations_unverified
dmz_cafe:a6ab65109dc4a5c9,dmz_cafe,1754,카페1001-8,양구군,reservation_unknown
dmz_cafe:a6ab65109dc4a5c9,dmz_cafe,1754,카페1001-8,양구군,id_check_unknown
dmz_cafe:a6ab65109dc4a5c9,dmz_cafe,1754,카페1001-8,양구군,accessibility_unknown
dmz_cafe:a6ab65109dc4a5c9,dmz_cafe,1754,카페1001-8,양구군,telephone_missing
dmz_cafe:a6ab65109dc4a5c9,dmz_cafe,1754,카페1001-8,양구군,image_missing
dmz_cafe:df143f764198c948,dmz_cafe,1755,이집플라워카페,양구군,operations_unverified
dmz_cafe:df143f764198c948,dmz_cafe,1755,이집플라워카페,양구군,reservation_unknown
dmz_cafe:df143f764198c948,dmz_cafe,1755,이집플라워카페,양구군,id_check_unknown
dmz_cafe:df143f764198c948,dmz_cafe,1755,이집플라워카페,양구군,accessibility_unknown
dmz_cafe:df143f764198c948,dmz_cafe,1755,이집플라워카페,양구군,image_missing
dmz_cafe:3dd96b18e806c27f,dmz_cafe,1756,커피에 반하다,양구군,operations_unverified
dmz_cafe:3dd96b18e806c27f,dmz_cafe,1756,커피에 반하다,양구군,reservation_unknown
dmz_cafe:3dd96b18e806c27f,dmz_cafe,1756,커피에 반하다,양구군,id_check_unknown
dmz_cafe:3dd96b18e806c27f,dmz_cafe,1756,커피에 반하다,양구군,accessibility_unknown
dmz_cafe:3dd96b18e806c27f,dmz_cafe,1756,커피에 반하다,양구군,image_missing
dmz_cafe:15d6017a8dbfd202,dmz_cafe,1757,더 벤티,양구군,operations_unverified
dmz_cafe:15d6017a8dbfd202,dmz_cafe,1757,더 벤티,양구군,reservation_unknown
dmz_cafe:15d6017a8dbfd202,dmz_cafe,1757,더 벤티,양구군,id_check_unknown
dmz_cafe:15d6017a8dbfd202,dmz_cafe,1757,더 벤티,양구군,accessibility_unknown
dmz_cafe:15d6017a8dbfd202,dmz_cafe,1757,더 벤티,양구군,image_missing
dmz_cafe:ee6507df5ea20c90,dmz_cafe,1758,인문학마을 매점카페,양구군,operations_unverified
dmz_cafe:ee6507df5ea20c90,dmz_cafe,1758,인문학마을 매점카페,양구군,reservation_unknown
dmz_cafe:ee6507df5ea20c90,dmz_cafe,1758,인문학마을 매점카페,양구군,id_check_unknown
dmz_cafe:ee6507df5ea20c90,dmz_cafe,1758,인문학마을 매점카페,양구군,accessibility_unknown
dmz_cafe:ee6507df5ea20c90,dmz_cafe,1758,인문학마을 매점카페,양구군,image_missing
dmz_cafe:4a0946718da55394,dmz_cafe,1759,빽다방 강원화천점,화천군,operations_unverified
dmz_cafe:4a0946718da55394,dmz_cafe,1759,빽다방 강원화천점,화천군,reservation_unknown
dmz_cafe:4a0946718da55394,dmz_cafe,1759,빽다방 강원화천점,화천군,id_check_unknown
dmz_cafe:4a0946718da55394,dmz_cafe,1759,빽다방 강원화천점,화천군,accessibility_unknown
dmz_cafe:4a0946718da55394,dmz_cafe,1759,빽다방 강원화천점,화천군,image_missing
dmz_cafe:0d4cfc6cf34245e8,dmz_cafe,1760,문릿(Moonlit),화천군,operations_unverified
dmz_cafe:0d4cfc6cf34245e8,dmz_cafe,1760,문릿(Moonlit),화천군,reservation_unknown
dmz_cafe:0d4cfc6cf34245e8,dmz_cafe,1760,문릿(Moonlit),화천군,id_check_unknown
dmz_cafe:0d4cfc6cf34245e8,dmz_cafe,1760,문릿(Moonlit),화천군,accessibility_unknown
dmz_cafe:0d4cfc6cf34245e8,dmz_cafe,1760,문릿(Moonlit),화천군,image_missing
dmz_cafe:9c5faecd8432f06e,dmz_cafe,1761,메가엠지씨커피 사창리점,화천군,operations_unverified
dmz_cafe:9c5faecd8432f06e,dmz_cafe,1761,메가엠지씨커피 사창리점,화천군,reservation_unknown
dmz_cafe:9c5faecd8432f06e,dmz_cafe,1761,메가엠지씨커피 사창리점,화천군,id_check_unknown
dmz_cafe:9c5faecd8432f06e,dmz_cafe,1761,메가엠지씨커피 사창리점,화천군,accessibility_unknown
dmz_cafe:9c5faecd8432f06e,dmz_cafe,1761,메가엠지씨커피 사창리점,화천군,telephone_missing
dmz_cafe:9c5faecd8432f06e,dmz_cafe,1761,메가엠지씨커피 사창리점,화천군,image_missing
dmz_cafe:c91436c88a2eb3ce,dmz_cafe,1762,달보드레,화천군,operations_unverified
dmz_cafe:c91436c88a2eb3ce,dmz_cafe,1762,달보드레,화천군,reservation_unknown
dmz_cafe:c91436c88a2eb3ce,dmz_cafe,1762,달보드레,화천군,id_check_unknown
dmz_cafe:c91436c88a2eb3ce,dmz_cafe,1762,달보드레,화천군,accessibility_unknown
dmz_cafe:c91436c88a2eb3ce,dmz_cafe,1762,달보드레,화천군,image_missing
dmz_cafe:d02b313b1e498e80,dmz_cafe,1763,메가커피화천점,화천군,operations_unverified
dmz_cafe:d02b313b1e498e80,dmz_cafe,1763,메가커피화천점,화천군,reservation_unknown
dmz_cafe:d02b313b1e498e80,dmz_cafe,1763,메가커피화천점,화천군,id_check_unknown
dmz_cafe:d02b313b1e498e80,dmz_cafe,1763,메가커피화천점,화천군,accessibility_unknown
dmz_cafe:d02b313b1e498e80,dmz_cafe,1763,메가커피화천점,화천군,image_missing
dmz_cafe:e3ee9cdb0e684655,dmz_cafe,1764,쥬씨화천사창점,화천군,operations_unverified
dmz_cafe:e3ee9cdb0e684655,dmz_cafe,1764,쥬씨화천사창점,화천군,reservation_unknown
dmz_cafe:e3ee9cdb0e684655,dmz_cafe,1764,쥬씨화천사창점,화천군,id_check_unknown
dmz_cafe:e3ee9cdb0e684655,dmz_cafe,1764,쥬씨화천사창점,화천군,accessibility_unknown
dmz_cafe:e3ee9cdb0e684655,dmz_cafe,1764,쥬씨화천사창점,화천군,telephone_missing
dmz_cafe:e3ee9cdb0e684655,dmz_cafe,1764,쥬씨화천사창점,화천군,image_missing
dmz_cafe:65ba0afd294ff29b,dmz_cafe,1765,커피보리,화천군,operations_unverified
dmz_cafe:65ba0afd294ff29b,dmz_cafe,1765,커피보리,화천군,reservation_unknown
dmz_cafe:65ba0afd294ff29b,dmz_cafe,1765,커피보리,화천군,id_check_unknown
dmz_cafe:65ba0afd294ff29b,dmz_cafe,1765,커피보리,화천군,accessibility_unknown
dmz_cafe:65ba0afd294ff29b,dmz_cafe,1765,커피보리,화천군,image_missing
dmz_cafe:f2563b132338489c,dmz_cafe,1766,Ann coffee,화천군,operations_unverified
dmz_cafe:f2563b132338489c,dmz_cafe,1766,Ann coffee,화천군,reservation_unknown
dmz_cafe:f2563b132338489c,dmz_cafe,1766,Ann coffee,화천군,id_check_unknown
dmz_cafe:f2563b132338489c,dmz_cafe,1766,Ann coffee,화천군,accessibility_unknown
dmz_cafe:f2563b132338489c,dmz_cafe,1766,Ann coffee,화천군,image_missing
dmz_cafe:486fcbf93f12d70b,dmz_cafe,1767,잠자니(zamzani),화천군,operations_unverified
dmz_cafe:486fcbf93f12d70b,dmz_cafe,1767,잠자니(zamzani),화천군,reservation_unknown
dmz_cafe:486fcbf93f12d70b,dmz_cafe,1767,잠자니(zamzani),화천군,id_check_unknown
dmz_cafe:486fcbf93f12d70b,dmz_cafe,1767,잠자니(zamzani),화천군,accessibility_unknown
dmz_cafe:486fcbf93f12d70b,dmz_cafe,1767,잠자니(zamzani),화천군,image_missing
dmz_cafe:8b9fd994f876c5ac,dmz_cafe,1768,커피에 반하다,화천군,operations_unverified
dmz_cafe:8b9fd994f876c5ac,dmz_cafe,1768,커피에 반하다,화천군,reservation_unknown
dmz_cafe:8b9fd994f876c5ac,dmz_cafe,1768,커피에 반하다,화천군,id_check_unknown
dmz_cafe:8b9fd994f876c5ac,dmz_cafe,1768,커피에 반하다,화천군,accessibility_unknown
dmz_cafe:8b9fd994f876c5ac,dmz_cafe,1768,커피에 반하다,화천군,image_missing
dmz_cafe:f332715870069da5,dmz_cafe,1769,프로프 라이프,화천군,operations_unverified
dmz_cafe:f332715870069da5,dmz_cafe,1769,프로프 라이프,화천군,reservation_unknown
dmz_cafe:f332715870069da5,dmz_cafe,1769,프로프 라이프,화천군,id_check_unknown
dmz_cafe:f332715870069da5,dmz_cafe,1769,프로프 라이프,화천군,accessibility_unknown
dmz_cafe:f332715870069da5,dmz_cafe,1769,프로프 라이프,화천군,image_missing
dmz_cafe:f5976e8b53378153,dmz_cafe,1770,FOR;REST,화천군,operations_unverified
dmz_cafe:f5976e8b53378153,dmz_cafe,1770,FOR;REST,화천군,reservation_unknown
dmz_cafe:f5976e8b53378153,dmz_cafe,1770,FOR;REST,화천군,id_check_unknown
dmz_cafe:f5976e8b53378153,dmz_cafe,1770,FOR;REST,화천군,accessibility_unknown
dmz_cafe:f5976e8b53378153,dmz_cafe,1770,FOR;REST,화천군,image_missing
dmz_cafe:4f0e3152f621b902,dmz_cafe,1771,빽다방 화천 사내면점,화천군,operations_unverified
dmz_cafe:4f0e3152f621b902,dmz_cafe,1771,빽다방 화천 사내면점,화천군,reservation_unknown
dmz_cafe:4f0e3152f621b902,dmz_cafe,1771,빽다방 화천 사내면점,화천군,id_check_unknown
dmz_cafe:4f0e3152f621b902,dmz_cafe,1771,빽다방 화천 사내면점,화천군,accessibility_unknown
dmz_cafe:4f0e3152f621b902,dmz_cafe,1771,빽다방 화천 사내면점,화천군,image_missing
dmz_cafe:39152e5743cc45ff,dmz_cafe,1772,앨리스,화천군,operations_unverified
dmz_cafe:39152e5743cc45ff,dmz_cafe,1772,앨리스,화천군,reservation_unknown
dmz_cafe:39152e5743cc45ff,dmz_cafe,1772,앨리스,화천군,id_check_unknown
dmz_cafe:39152e5743cc45ff,dmz_cafe,1772,앨리스,화천군,accessibility_unknown
dmz_cafe:39152e5743cc45ff,dmz_cafe,1772,앨리스,화천군,image_missing
dmz_cafe:d7356d50307c14fc,dmz_cafe,1773,광덕 별아래,화천군,operations_unverified
dmz_cafe:d7356d50307c14fc,dmz_cafe,1773,광덕 별아래,화천군,reservation_unknown
dmz_cafe:d7356d50307c14fc,dmz_cafe,1773,광덕 별아래,화천군,id_check_unknown
dmz_cafe:d7356d50307c14fc,dmz_cafe,1773,광덕 별아래,화천군,accessibility_unknown
dmz_cafe:d7356d50307c14fc,dmz_cafe,1773,광덕 별아래,화천군,image_missing
dmz_cafe:e611e0e3adf38673,dmz_cafe,1774,샤르망 커피(charmant coffee),화천군,operations_unverified
dmz_cafe:e611e0e3adf38673,dmz_cafe,1774,샤르망 커피(charmant coffee),화천군,reservation_unknown
dmz_cafe:e611e0e3adf38673,dmz_cafe,1774,샤르망 커피(charmant coffee),화천군,id_check_unknown
dmz_cafe:e611e0e3adf38673,dmz_cafe,1774,샤르망 커피(charmant coffee),화천군,accessibility_unknown
dmz_cafe:e611e0e3adf38673,dmz_cafe,1774,샤르망 커피(charmant coffee),화천군,image_missing
dmz_cafe:816f3d2b2fcde29d,dmz_cafe,1775,카페마리,화천군,operations_unverified
dmz_cafe:816f3d2b2fcde29d,dmz_cafe,1775,카페마리,화천군,reservation_unknown
dmz_cafe:816f3d2b2fcde29d,dmz_cafe,1775,카페마리,화천군,id_check_unknown
dmz_cafe:816f3d2b2fcde29d,dmz_cafe,1775,카페마리,화천군,accessibility_unknown
dmz_cafe:816f3d2b2fcde29d,dmz_cafe,1775,카페마리,화천군,telephone_missing
dmz_cafe:816f3d2b2fcde29d,dmz_cafe,1775,카페마리,화천군,image_missing
dmz_cafe:6a49a473010758a0,dmz_cafe,1776,컴포즈 커피(COMPOSE COFFEE) 강원화천토마토점,화천군,operations_unverified
dmz_cafe:6a49a473010758a0,dmz_cafe,1776,컴포즈 커피(COMPOSE COFFEE) 강원화천토마토점,화천군,reservation_unknown
dmz_cafe:6a49a473010758a0,dmz_cafe,1776,컴포즈 커피(COMPOSE COFFEE) 강원화천토마토점,화천군,id_check_unknown
dmz_cafe:6a49a473010758a0,dmz_cafe,1776,컴포즈 커피(COMPOSE COFFEE) 강원화천토마토점,화천군,accessibility_unknown
dmz_cafe:6a49a473010758a0,dmz_cafe,1776,컴포즈 커피(COMPOSE COFFEE) 강원화천토마토점,화천군,image_missing
dmz_cafe:b59a2652b421f929,dmz_cafe,1777,광덕리 329,화천군,operations_unverified
dmz_cafe:b59a2652b421f929,dmz_cafe,1777,광덕리 329,화천군,reservation_unknown
dmz_cafe:b59a2652b421f929,dmz_cafe,1777,광덕리 329,화천군,id_check_unknown
dmz_cafe:b59a2652b421f929,dmz_cafe,1777,광덕리 329,화천군,accessibility_unknown
dmz_cafe:b59a2652b421f929,dmz_cafe,1777,광덕리 329,화천군,image_missing
dmz_cafe:b446a34424dac571,dmz_cafe,1778,화천군산림조합 티숨카페,화천군,operations_unverified
dmz_cafe:b446a34424dac571,dmz_cafe,1778,화천군산림조합 티숨카페,화천군,reservation_unknown
dmz_cafe:b446a34424dac571,dmz_cafe,1778,화천군산림조합 티숨카페,화천군,id_check_unknown
dmz_cafe:b446a34424dac571,dmz_cafe,1778,화천군산림조합 티숨카페,화천군,accessibility_unknown
dmz_cafe:b446a34424dac571,dmz_cafe,1778,화천군산림조합 티숨카페,화천군,image_missing
dmz_cafe:296151e355cbd583,dmz_cafe,1779,시오(SHIO),화천군,operations_unverified
dmz_cafe:296151e355cbd583,dmz_cafe,1779,시오(SHIO),화천군,reservation_unknown
dmz_cafe:296151e355cbd583,dmz_cafe,1779,시오(SHIO),화천군,id_check_unknown
dmz_cafe:296151e355cbd583,dmz_cafe,1779,시오(SHIO),화천군,accessibility_unknown
dmz_cafe:296151e355cbd583,dmz_cafe,1779,시오(SHIO),화천군,image_missing
dmz_cafe:66f5fc0d13487a09,dmz_cafe,1780,빵커,화천군,operations_unverified
dmz_cafe:66f5fc0d13487a09,dmz_cafe,1780,빵커,화천군,reservation_unknown
dmz_cafe:66f5fc0d13487a09,dmz_cafe,1780,빵커,화천군,id_check_unknown
dmz_cafe:66f5fc0d13487a09,dmz_cafe,1780,빵커,화천군,accessibility_unknown
dmz_cafe:66f5fc0d13487a09,dmz_cafe,1780,빵커,화천군,image_missing
dmz_cafe:7e2b4b4f5ece09b1,dmz_cafe,1781,체도(chedo),화천군,operations_unverified
dmz_cafe:7e2b4b4f5ece09b1,dmz_cafe,1781,체도(chedo),화천군,reservation_unknown
dmz_cafe:7e2b4b4f5ece09b1,dmz_cafe,1781,체도(chedo),화천군,id_check_unknown
dmz_cafe:7e2b4b4f5ece09b1,dmz_cafe,1781,체도(chedo),화천군,accessibility_unknown
dmz_cafe:7e2b4b4f5ece09b1,dmz_cafe,1781,체도(chedo),화천군,image_missing
dmz_cafe:cab57b99a5daa30a,dmz_cafe,1782,미카롱,화천군,operations_unverified
dmz_cafe:cab57b99a5daa30a,dmz_cafe,1782,미카롱,화천군,reservation_unknown
dmz_cafe:cab57b99a5daa30a,dmz_cafe,1782,미카롱,화천군,id_check_unknown
dmz_cafe:cab57b99a5daa30a,dmz_cafe,1782,미카롱,화천군,accessibility_unknown
dmz_cafe:cab57b99a5daa30a,dmz_cafe,1782,미카롱,화천군,telephone_missing
dmz_cafe:cab57b99a5daa30a,dmz_cafe,1782,미카롱,화천군,image_missing
dmz_cafe:d90612589600e5ae,dmz_cafe,1783,하랑,화천군,operations_unverified
dmz_cafe:d90612589600e5ae,dmz_cafe,1783,하랑,화천군,reservation_unknown
dmz_cafe:d90612589600e5ae,dmz_cafe,1783,하랑,화천군,id_check_unknown
dmz_cafe:d90612589600e5ae,dmz_cafe,1783,하랑,화천군,accessibility_unknown
dmz_cafe:d90612589600e5ae,dmz_cafe,1783,하랑,화천군,telephone_missing
dmz_cafe:d90612589600e5ae,dmz_cafe,1783,하랑,화천군,image_missing
dmz_cafe:36f35ac695192dbc,dmz_cafe,1784,카페 클라우드,화천군,operations_unverified
dmz_cafe:36f35ac695192dbc,dmz_cafe,1784,카페 클라우드,화천군,reservation_unknown
dmz_cafe:36f35ac695192dbc,dmz_cafe,1784,카페 클라우드,화천군,id_check_unknown
dmz_cafe:36f35ac695192dbc,dmz_cafe,1784,카페 클라우드,화천군,accessibility_unknown
dmz_cafe:36f35ac695192dbc,dmz_cafe,1784,카페 클라우드,화천군,telephone_missing
dmz_cafe:36f35ac695192dbc,dmz_cafe,1784,카페 클라우드,화천군,image_missing
dmz_cafe:38da9b811e3d80f0,dmz_cafe,1785,스트릿1988 화천점,화천군,operations_unverified
dmz_cafe:38da9b811e3d80f0,dmz_cafe,1785,스트릿1988 화천점,화천군,reservation_unknown
dmz_cafe:38da9b811e3d80f0,dmz_cafe,1785,스트릿1988 화천점,화천군,id_check_unknown
dmz_cafe:38da9b811e3d80f0,dmz_cafe,1785,스트릿1988 화천점,화천군,accessibility_unknown
dmz_cafe:38da9b811e3d80f0,dmz_cafe,1785,스트릿1988 화천점,화천군,telephone_missing
dmz_cafe:38da9b811e3d80f0,dmz_cafe,1785,스트릿1988 화천점,화천군,image_missing
dmz_cafe:a268c097b45bd6fe,dmz_cafe,1786,하이 대이리,화천군,operations_unverified
dmz_cafe:a268c097b45bd6fe,dmz_cafe,1786,하이 대이리,화천군,reservation_unknown
dmz_cafe:a268c097b45bd6fe,dmz_cafe,1786,하이 대이리,화천군,id_check_unknown
dmz_cafe:a268c097b45bd6fe,dmz_cafe,1786,하이 대이리,화천군,accessibility_unknown
dmz_cafe:a268c097b45bd6fe,dmz_cafe,1786,하이 대이리,화천군,telephone_missing
dmz_cafe:a268c097b45bd6fe,dmz_cafe,1786,하이 대이리,화천군,image_missing
mpva_memorial:16-2-116,mpva_memorial,59,필리핀군 전적비,양구군,operations_unverified
mpva_memorial:16-2-116,mpva_memorial,59,필리핀군 전적비,양구군,reservation_unknown
mpva_memorial:16-2-116,mpva_memorial,59,필리핀군 전적비,양구군,id_check_unknown
mpva_memorial:16-2-116,mpva_memorial,59,필리핀군 전적비,양구군,accessibility_unknown
mpva_memorial:16-2-116,mpva_memorial,59,필리핀군 전적비,양구군,telephone_not_in_source
mpva_memorial:16-2-116,mpva_memorial,59,필리핀군 전적비,양구군,image_missing
mpva_memorial:16-2-116,mpva_memorial,59,필리핀군 전적비,양구군,address_district_only
mpva_memorial:16-2-116,mpva_memorial,59,필리핀군 전적비,양구군,reward_eligibility_unverified
mpva_memorial:16-2-116,mpva_memorial,59,필리핀군 전적비,양구군,public_access_unverified
mpva_memorial:16-2-114,mpva_memorial,61,국군의 날 제정 기념탑,철원군,operations_unverified
mpva_memorial:16-2-114,mpva_memorial,61,국군의 날 제정 기념탑,철원군,reservation_unknown
mpva_memorial:16-2-114,mpva_memorial,61,국군의 날 제정 기념탑,철원군,id_check_unknown
mpva_memorial:16-2-114,mpva_memorial,61,국군의 날 제정 기념탑,철원군,accessibility_unknown
mpva_memorial:16-2-114,mpva_memorial,61,국군의 날 제정 기념탑,철원군,coordinate_missing_or_invalid
mpva_memorial:16-2-114,mpva_memorial,61,국군의 날 제정 기념탑,철원군,telephone_not_in_source
mpva_memorial:16-2-114,mpva_memorial,61,국군의 날 제정 기념탑,철원군,image_missing
mpva_memorial:16-2-114,mpva_memorial,61,국군의 날 제정 기념탑,철원군,address_district_only
mpva_memorial:16-2-114,mpva_memorial,61,국군의 날 제정 기념탑,철원군,reward_eligibility_unverified
mpva_memorial:16-2-114,mpva_memorial,61,국군의 날 제정 기념탑,철원군,public_access_unverified
mpva_memorial:16-2-69,mpva_memorial,188,854고지 전투 전적비,인제군,operations_unverified
mpva_memorial:16-2-69,mpva_memorial,188,854고지 전투 전적비,인제군,reservation_unknown
mpva_memorial:16-2-69,mpva_memorial,188,854고지 전투 전적비,인제군,id_check_unknown
mpva_memorial:16-2-69,mpva_memorial,188,854고지 전투 전적비,인제군,accessibility_unknown
mpva_memorial:16-2-69,mpva_memorial,188,854고지 전투 전적비,인제군,telephone_not_in_source
mpva_memorial:16-2-69,mpva_memorial,188,854고지 전투 전적비,인제군,image_missing
mpva_memorial:16-2-69,mpva_memorial,188,854고지 전투 전적비,인제군,address_district_only
mpva_memorial:16-2-69,mpva_memorial,188,854고지 전투 전적비,인제군,reward_eligibility_unverified
mpva_memorial:16-2-69,mpva_memorial,188,854고지 전투 전적비,인제군,public_access_unverified
mpva_memorial:16-2-16,mpva_memorial,252,충혼탑(화천군),화천군,operations_unverified
mpva_memorial:16-2-16,mpva_memorial,252,충혼탑(화천군),화천군,reservation_unknown
mpva_memorial:16-2-16,mpva_memorial,252,충혼탑(화천군),화천군,id_check_unknown
mpva_memorial:16-2-16,mpva_memorial,252,충혼탑(화천군),화천군,accessibility_unknown
mpva_memorial:16-2-16,mpva_memorial,252,충혼탑(화천군),화천군,telephone_not_in_source
mpva_memorial:16-2-16,mpva_memorial,252,충혼탑(화천군),화천군,image_missing
mpva_memorial:16-2-16,mpva_memorial,252,충혼탑(화천군),화천군,address_district_only
mpva_memorial:16-2-16,mpva_memorial,252,충혼탑(화천군),화천군,reward_eligibility_unverified
mpva_memorial:16-2-16,mpva_memorial,252,충혼탑(화천군),화천군,public_access_unverified
mpva_memorial:16-2-46,mpva_memorial,255,충현비(인제군),인제군,operations_unverified
mpva_memorial:16-2-46,mpva_memorial,255,충현비(인제군),인제군,reservation_unknown
mpva_memorial:16-2-46,mpva_memorial,255,충현비(인제군),인제군,id_check_unknown
mpva_memorial:16-2-46,mpva_memorial,255,충현비(인제군),인제군,accessibility_unknown
mpva_memorial:16-2-46,mpva_memorial,255,충현비(인제군),인제군,telephone_not_in_source
mpva_memorial:16-2-46,mpva_memorial,255,충현비(인제군),인제군,image_missing
mpva_memorial:16-2-46,mpva_memorial,255,충현비(인제군),인제군,address_district_only
mpva_memorial:16-2-46,mpva_memorial,255,충현비(인제군),인제군,reward_eligibility_unverified
mpva_memorial:16-2-46,mpva_memorial,255,충현비(인제군),인제군,public_access_unverified
mpva_memorial:16-2-104,mpva_memorial,297,전사경찰추모비,인제군,operations_unverified
mpva_memorial:16-2-104,mpva_memorial,297,전사경찰추모비,인제군,reservation_unknown
mpva_memorial:16-2-104,mpva_memorial,297,전사경찰추모비,인제군,id_check_unknown
mpva_memorial:16-2-104,mpva_memorial,297,전사경찰추모비,인제군,accessibility_unknown
mpva_memorial:16-2-104,mpva_memorial,297,전사경찰추모비,인제군,telephone_not_in_source
mpva_memorial:16-2-104,mpva_memorial,297,전사경찰추모비,인제군,image_missing
mpva_memorial:16-2-104,mpva_memorial,297,전사경찰추모비,인제군,address_district_only
mpva_memorial:16-2-104,mpva_memorial,297,전사경찰추모비,인제군,reward_eligibility_unverified
mpva_memorial:16-2-104,mpva_memorial,297,전사경찰추모비,인제군,public_access_unverified
mpva_memorial:16-2-103,mpva_memorial,334,수도탈환부대 기념비,인제군,operations_unverified
mpva_memorial:16-2-103,mpva_memorial,334,수도탈환부대 기념비,인제군,reservation_unknown
mpva_memorial:16-2-103,mpva_memorial,334,수도탈환부대 기념비,인제군,id_check_unknown
mpva_memorial:16-2-103,mpva_memorial,334,수도탈환부대 기념비,인제군,accessibility_unknown
mpva_memorial:16-2-103,mpva_memorial,334,수도탈환부대 기념비,인제군,telephone_not_in_source
mpva_memorial:16-2-103,mpva_memorial,334,수도탈환부대 기념비,인제군,image_missing
mpva_memorial:16-2-103,mpva_memorial,334,수도탈환부대 기념비,인제군,address_district_only
mpva_memorial:16-2-103,mpva_memorial,334,수도탈환부대 기념비,인제군,reward_eligibility_unverified
mpva_memorial:16-2-103,mpva_memorial,334,수도탈환부대 기념비,인제군,public_access_unverified
mpva_memorial:16-1-42,mpva_memorial,409,3.1만세운동 기념공원,화천군,operations_unverified
mpva_memorial:16-1-42,mpva_memorial,409,3.1만세운동 기념공원,화천군,reservation_unknown
mpva_memorial:16-1-42,mpva_memorial,409,3.1만세운동 기념공원,화천군,id_check_unknown
mpva_memorial:16-1-42,mpva_memorial,409,3.1만세운동 기념공원,화천군,accessibility_unknown
mpva_memorial:16-1-42,mpva_memorial,409,3.1만세운동 기념공원,화천군,telephone_not_in_source
mpva_memorial:16-1-42,mpva_memorial,409,3.1만세운동 기념공원,화천군,image_missing
mpva_memorial:16-1-42,mpva_memorial,409,3.1만세운동 기념공원,화천군,address_district_only
mpva_memorial:16-1-42,mpva_memorial,409,3.1만세운동 기념공원,화천군,reward_eligibility_unverified
mpva_memorial:16-1-42,mpva_memorial,409,3.1만세운동 기념공원,화천군,public_access_unverified
mpva_memorial:16-2-91,mpva_memorial,422,6·25참전국적근산지구전투기념공원,화천군,operations_unverified
mpva_memorial:16-2-91,mpva_memorial,422,6·25참전국적근산지구전투기념공원,화천군,reservation_unknown
mpva_memorial:16-2-91,mpva_memorial,422,6·25참전국적근산지구전투기념공원,화천군,id_check_unknown
mpva_memorial:16-2-91,mpva_memorial,422,6·25참전국적근산지구전투기념공원,화천군,accessibility_unknown
mpva_memorial:16-2-91,mpva_memorial,422,6·25참전국적근산지구전투기념공원,화천군,telephone_not_in_source
mpva_memorial:16-2-91,mpva_memorial,422,6·25참전국적근산지구전투기념공원,화천군,image_missing
mpva_memorial:16-2-91,mpva_memorial,422,6·25참전국적근산지구전투기념공원,화천군,address_district_only
mpva_memorial:16-2-91,mpva_memorial,422,6·25참전국적근산지구전투기념공원,화천군,reward_eligibility_unverified
mpva_memorial:16-2-91,mpva_memorial,422,6·25참전국적근산지구전투기념공원,화천군,public_access_unverified
mpva_memorial:16-2-62,mpva_memorial,434,충혼비(인제군),인제군,operations_unverified
mpva_memorial:16-2-62,mpva_memorial,434,충혼비(인제군),인제군,reservation_unknown
mpva_memorial:16-2-62,mpva_memorial,434,충혼비(인제군),인제군,id_check_unknown
mpva_memorial:16-2-62,mpva_memorial,434,충혼비(인제군),인제군,accessibility_unknown
mpva_memorial:16-2-62,mpva_memorial,434,충혼비(인제군),인제군,telephone_not_in_source
mpva_memorial:16-2-62,mpva_memorial,434,충혼비(인제군),인제군,image_missing
mpva_memorial:16-2-62,mpva_memorial,434,충혼비(인제군),인제군,address_district_only
mpva_memorial:16-2-62,mpva_memorial,434,충혼비(인제군),인제군,reward_eligibility_unverified
mpva_memorial:16-2-62,mpva_memorial,434,충혼비(인제군),인제군,public_access_unverified
mpva_memorial:16-2-82,mpva_memorial,442,철원군 참전 기념비,철원군,operations_unverified
mpva_memorial:16-2-82,mpva_memorial,442,철원군 참전 기념비,철원군,reservation_unknown
mpva_memorial:16-2-82,mpva_memorial,442,철원군 참전 기념비,철원군,id_check_unknown
mpva_memorial:16-2-82,mpva_memorial,442,철원군 참전 기념비,철원군,accessibility_unknown
mpva_memorial:16-2-82,mpva_memorial,442,철원군 참전 기념비,철원군,telephone_not_in_source
mpva_memorial:16-2-82,mpva_memorial,442,철원군 참전 기념비,철원군,image_missing
mpva_memorial:16-2-82,mpva_memorial,442,철원군 참전 기념비,철원군,address_district_only
mpva_memorial:16-2-82,mpva_memorial,442,철원군 참전 기념비,철원군,reward_eligibility_unverified
mpva_memorial:16-2-82,mpva_memorial,442,철원군 참전 기념비,철원군,public_access_unverified
mpva_memorial:16-2-79,mpva_memorial,587,월남 참전용사 만남의 장,화천군,operations_unverified
mpva_memorial:16-2-79,mpva_memorial,587,월남 참전용사 만남의 장,화천군,reservation_unknown
mpva_memorial:16-2-79,mpva_memorial,587,월남 참전용사 만남의 장,화천군,id_check_unknown
mpva_memorial:16-2-79,mpva_memorial,587,월남 참전용사 만남의 장,화천군,accessibility_unknown
mpva_memorial:16-2-79,mpva_memorial,587,월남 참전용사 만남의 장,화천군,telephone_not_in_source
mpva_memorial:16-2-79,mpva_memorial,587,월남 참전용사 만남의 장,화천군,image_missing
mpva_memorial:16-2-79,mpva_memorial,587,월남 참전용사 만남의 장,화천군,address_district_only
mpva_memorial:16-2-79,mpva_memorial,587,월남 참전용사 만남의 장,화천군,reward_eligibility_unverified
mpva_memorial:16-2-79,mpva_memorial,587,월남 참전용사 만남의 장,화천군,public_access_unverified
mpva_memorial:16-2-67,mpva_memorial,633,함북3일전우전공비,철원군,operations_unverified
mpva_memorial:16-2-67,mpva_memorial,633,함북3일전우전공비,철원군,reservation_unknown
mpva_memorial:16-2-67,mpva_memorial,633,함북3일전우전공비,철원군,id_check_unknown
mpva_memorial:16-2-67,mpva_memorial,633,함북3일전우전공비,철원군,accessibility_unknown
mpva_memorial:16-2-67,mpva_memorial,633,함북3일전우전공비,철원군,telephone_not_in_source
mpva_memorial:16-2-67,mpva_memorial,633,함북3일전우전공비,철원군,image_missing
mpva_memorial:16-2-67,mpva_memorial,633,함북3일전우전공비,철원군,address_district_only
mpva_memorial:16-2-67,mpva_memorial,633,함북3일전우전공비,철원군,reward_eligibility_unverified
mpva_memorial:16-2-67,mpva_memorial,633,함북3일전우전공비,철원군,public_access_unverified
mpva_memorial:16-2-23,mpva_memorial,684,643고지 전투 전적비,화천군,operations_unverified
mpva_memorial:16-2-23,mpva_memorial,684,643고지 전투 전적비,화천군,reservation_unknown
mpva_memorial:16-2-23,mpva_memorial,684,643고지 전투 전적비,화천군,id_check_unknown
mpva_memorial:16-2-23,mpva_memorial,684,643고지 전투 전적비,화천군,accessibility_unknown
mpva_memorial:16-2-23,mpva_memorial,684,643고지 전투 전적비,화천군,telephone_not_in_source
mpva_memorial:16-2-23,mpva_memorial,684,643고지 전투 전적비,화천군,image_missing
mpva_memorial:16-2-23,mpva_memorial,684,643고지 전투 전적비,화천군,address_district_only
mpva_memorial:16-2-23,mpva_memorial,684,643고지 전투 전적비,화천군,reward_eligibility_unverified
mpva_memorial:16-2-23,mpva_memorial,684,643고지 전투 전적비,화천군,public_access_unverified
mpva_memorial:16-2-23,mpva_memorial,684,643고지 전투 전적비,화천군,duplicate_title_county_review
mpva_memorial:16-2-45,mpva_memorial,688,매봉 한석산 전적비,인제군,operations_unverified
mpva_memorial:16-2-45,mpva_memorial,688,매봉 한석산 전적비,인제군,reservation_unknown
mpva_memorial:16-2-45,mpva_memorial,688,매봉 한석산 전적비,인제군,id_check_unknown
mpva_memorial:16-2-45,mpva_memorial,688,매봉 한석산 전적비,인제군,accessibility_unknown
mpva_memorial:16-2-45,mpva_memorial,688,매봉 한석산 전적비,인제군,telephone_not_in_source
mpva_memorial:16-2-45,mpva_memorial,688,매봉 한석산 전적비,인제군,image_missing
mpva_memorial:16-2-45,mpva_memorial,688,매봉 한석산 전적비,인제군,address_district_only
mpva_memorial:16-2-45,mpva_memorial,688,매봉 한석산 전적비,인제군,reward_eligibility_unverified
mpva_memorial:16-2-45,mpva_memorial,688,매봉 한석산 전적비,인제군,public_access_unverified
mpva_memorial:16-2-52,mpva_memorial,691,칠성탑(인제군),인제군,operations_unverified
mpva_memorial:16-2-52,mpva_memorial,691,칠성탑(인제군),인제군,reservation_unknown
mpva_memorial:16-2-52,mpva_memorial,691,칠성탑(인제군),인제군,id_check_unknown
mpva_memorial:16-2-52,mpva_memorial,691,칠성탑(인제군),인제군,accessibility_unknown
mpva_memorial:16-2-52,mpva_memorial,691,칠성탑(인제군),인제군,telephone_not_in_source
mpva_memorial:16-2-52,mpva_memorial,691,칠성탑(인제군),인제군,image_missing
mpva_memorial:16-2-52,mpva_memorial,691,칠성탑(인제군),인제군,address_district_only
mpva_memorial:16-2-52,mpva_memorial,691,칠성탑(인제군),인제군,reward_eligibility_unverified
mpva_memorial:16-2-52,mpva_memorial,691,칠성탑(인제군),인제군,public_access_unverified
mpva_memorial:16-2-50,mpva_memorial,692,무명용사 충혼비,인제군,operations_unverified
mpva_memorial:16-2-50,mpva_memorial,692,무명용사 충혼비,인제군,reservation_unknown
mpva_memorial:16-2-50,mpva_memorial,692,무명용사 충혼비,인제군,id_check_unknown
mpva_memorial:16-2-50,mpva_memorial,692,무명용사 충혼비,인제군,accessibility_unknown
mpva_memorial:16-2-50,mpva_memorial,692,무명용사 충혼비,인제군,telephone_not_in_source
mpva_memorial:16-2-50,mpva_memorial,692,무명용사 충혼비,인제군,image_missing
mpva_memorial:16-2-50,mpva_memorial,692,무명용사 충혼비,인제군,address_district_only
mpva_memorial:16-2-50,mpva_memorial,692,무명용사 충혼비,인제군,reward_eligibility_unverified
mpva_memorial:16-2-50,mpva_memorial,692,무명용사 충혼비,인제군,public_access_unverified
mpva_memorial:16-2-47,mpva_memorial,693,위령비(인제군),인제군,operations_unverified
mpva_memorial:16-2-47,mpva_memorial,693,위령비(인제군),인제군,reservation_unknown
mpva_memorial:16-2-47,mpva_memorial,693,위령비(인제군),인제군,id_check_unknown
mpva_memorial:16-2-47,mpva_memorial,693,위령비(인제군),인제군,accessibility_unknown
mpva_memorial:16-2-47,mpva_memorial,693,위령비(인제군),인제군,telephone_not_in_source
mpva_memorial:16-2-47,mpva_memorial,693,위령비(인제군),인제군,image_missing
mpva_memorial:16-2-47,mpva_memorial,693,위령비(인제군),인제군,address_district_only
mpva_memorial:16-2-47,mpva_memorial,693,위령비(인제군),인제군,reward_eligibility_unverified
mpva_memorial:16-2-47,mpva_memorial,693,위령비(인제군),인제군,public_access_unverified
mpva_memorial:16-2-44,mpva_memorial,694,현리지구 전적비,인제군,operations_unverified
mpva_memorial:16-2-44,mpva_memorial,694,현리지구 전적비,인제군,reservation_unknown
mpva_memorial:16-2-44,mpva_memorial,694,현리지구 전적비,인제군,id_check_unknown
mpva_memorial:16-2-44,mpva_memorial,694,현리지구 전적비,인제군,accessibility_unknown
mpva_memorial:16-2-44,mpva_memorial,694,현리지구 전적비,인제군,telephone_not_in_source
mpva_memorial:16-2-44,mpva_memorial,694,현리지구 전적비,인제군,image_missing
mpva_memorial:16-2-44,mpva_memorial,694,현리지구 전적비,인제군,address_district_only
mpva_memorial:16-2-44,mpva_memorial,694,현리지구 전적비,인제군,reward_eligibility_unverified
mpva_memorial:16-2-44,mpva_memorial,694,현리지구 전적비,인제군,public_access_unverified
mpva_memorial:16-2-107,mpva_memorial,815,6·25전쟁 철의삼각지대전투 전몰장병추모비,철원군,operations_unverified
mpva_memorial:16-2-107,mpva_memorial,815,6·25전쟁 철의삼각지대전투 전몰장병추모비,철원군,reservation_unknown
mpva_memorial:16-2-107,mpva_memorial,815,6·25전쟁 철의삼각지대전투 전몰장병추모비,철원군,id_check_unknown
mpva_memorial:16-2-107,mpva_memorial,815,6·25전쟁 철의삼각지대전투 전몰장병추모비,철원군,accessibility_unknown
mpva_memorial:16-2-107,mpva_memorial,815,6·25전쟁 철의삼각지대전투 전몰장병추모비,철원군,telephone_not_in_source
mpva_memorial:16-2-107,mpva_memorial,815,6·25전쟁 철의삼각지대전투 전몰장병추모비,철원군,image_missing
mpva_memorial:16-2-107,mpva_memorial,815,6·25전쟁 철의삼각지대전투 전몰장병추모비,철원군,address_district_only
mpva_memorial:16-2-107,mpva_memorial,815,6·25전쟁 철의삼각지대전투 전몰장병추모비,철원군,reward_eligibility_unverified
mpva_memorial:16-2-107,mpva_memorial,815,6·25전쟁 철의삼각지대전투 전몰장병추모비,철원군,public_access_unverified
mpva_memorial:16-1-21,mpva_memorial,860,애국선열 추모비(철원),철원군,operations_unverified
mpva_memorial:16-1-21,mpva_memorial,860,애국선열 추모비(철원),철원군,reservation_unknown
mpva_memorial:16-1-21,mpva_memorial,860,애국선열 추모비(철원),철원군,id_check_unknown
mpva_memorial:16-1-21,mpva_memorial,860,애국선열 추모비(철원),철원군,accessibility_unknown
mpva_memorial:16-1-21,mpva_memorial,860,애국선열 추모비(철원),철원군,telephone_not_in_source
mpva_memorial:16-1-21,mpva_memorial,860,애국선열 추모비(철원),철원군,image_missing
mpva_memorial:16-1-21,mpva_memorial,860,애국선열 추모비(철원),철원군,address_district_only
mpva_memorial:16-1-21,mpva_memorial,860,애국선열 추모비(철원),철원군,reward_eligibility_unverified
mpva_memorial:16-1-21,mpva_memorial,860,애국선열 추모비(철원),철원군,public_access_unverified
mpva_memorial:16-1-23,mpva_memorial,862,한용운선생 기념관,인제군,operations_unverified
mpva_memorial:16-1-23,mpva_memorial,862,한용운선생 기념관,인제군,reservation_unknown
mpva_memorial:16-1-23,mpva_memorial,862,한용운선생 기념관,인제군,id_check_unknown
mpva_memorial:16-1-23,mpva_memorial,862,한용운선생 기념관,인제군,accessibility_unknown
mpva_memorial:16-1-23,mpva_memorial,862,한용운선생 기념관,인제군,telephone_not_in_source
mpva_memorial:16-1-23,mpva_memorial,862,한용운선생 기념관,인제군,image_missing
mpva_memorial:16-1-23,mpva_memorial,862,한용운선생 기념관,인제군,address_district_only
mpva_memorial:16-1-23,mpva_memorial,862,한용운선생 기념관,인제군,reward_eligibility_unverified
mpva_memorial:16-1-23,mpva_memorial,862,한용운선생 기념관,인제군,public_access_unverified
mpva_memorial:16-2-25,mpva_memorial,943,백마고지 전적 기념관,철원군,operations_unverified
mpva_memorial:16-2-25,mpva_memorial,943,백마고지 전적 기념관,철원군,reservation_unknown
mpva_memorial:16-2-25,mpva_memorial,943,백마고지 전적 기념관,철원군,id_check_unknown
mpva_memorial:16-2-25,mpva_memorial,943,백마고지 전적 기념관,철원군,accessibility_unknown
mpva_memorial:16-2-25,mpva_memorial,943,백마고지 전적 기념관,철원군,telephone_not_in_source
mpva_memorial:16-2-25,mpva_memorial,943,백마고지 전적 기념관,철원군,image_missing
mpva_memorial:16-2-25,mpva_memorial,943,백마고지 전적 기념관,철원군,address_district_only
mpva_memorial:16-2-25,mpva_memorial,943,백마고지 전적 기념관,철원군,reward_eligibility_unverified
mpva_memorial:16-2-25,mpva_memorial,943,백마고지 전적 기념관,철원군,public_access_unverified
mpva_memorial:16-2-10,mpva_memorial,945,저격능선 전투 전적비,철원군,operations_unverified
mpva_memorial:16-2-10,mpva_memorial,945,저격능선 전투 전적비,철원군,reservation_unknown
mpva_memorial:16-2-10,mpva_memorial,945,저격능선 전투 전적비,철원군,id_check_unknown
mpva_memorial:16-2-10,mpva_memorial,945,저격능선 전투 전적비,철원군,accessibility_unknown
mpva_memorial:16-2-10,mpva_memorial,945,저격능선 전투 전적비,철원군,telephone_not_in_source
mpva_memorial:16-2-10,mpva_memorial,945,저격능선 전투 전적비,철원군,image_missing
mpva_memorial:16-2-10,mpva_memorial,945,저격능선 전투 전적비,철원군,address_district_only
mpva_memorial:16-2-10,mpva_memorial,945,저격능선 전투 전적비,철원군,reward_eligibility_unverified
mpva_memorial:16-2-10,mpva_memorial,945,저격능선 전투 전적비,철원군,public_access_unverified
mpva_memorial:16-2-08,mpva_memorial,946,현충탑(철원군),철원군,operations_unverified
mpva_memorial:16-2-08,mpva_memorial,946,현충탑(철원군),철원군,reservation_unknown
mpva_memorial:16-2-08,mpva_memorial,946,현충탑(철원군),철원군,id_check_unknown
mpva_memorial:16-2-08,mpva_memorial,946,현충탑(철원군),철원군,accessibility_unknown
mpva_memorial:16-2-08,mpva_memorial,946,현충탑(철원군),철원군,telephone_not_in_source
mpva_memorial:16-2-08,mpva_memorial,946,현충탑(철원군),철원군,image_missing
mpva_memorial:16-2-08,mpva_memorial,946,현충탑(철원군),철원군,address_district_only
mpva_memorial:16-2-08,mpva_memorial,946,현충탑(철원군),철원군,reward_eligibility_unverified
mpva_memorial:16-2-08,mpva_memorial,946,현충탑(철원군),철원군,public_access_unverified
mpva_memorial:16-2-18,mpva_memorial,949,전공비,화천군,operations_unverified
mpva_memorial:16-2-18,mpva_memorial,949,전공비,화천군,reservation_unknown
mpva_memorial:16-2-18,mpva_memorial,949,전공비,화천군,id_check_unknown
mpva_memorial:16-2-18,mpva_memorial,949,전공비,화천군,accessibility_unknown
mpva_memorial:16-2-18,mpva_memorial,949,전공비,화천군,telephone_not_in_source
mpva_memorial:16-2-18,mpva_memorial,949,전공비,화천군,image_missing
mpva_memorial:16-2-18,mpva_memorial,949,전공비,화천군,address_district_only
mpva_memorial:16-2-18,mpva_memorial,949,전공비,화천군,reward_eligibility_unverified
mpva_memorial:16-2-18,mpva_memorial,949,전공비,화천군,public_access_unverified
mpva_memorial:16-2-40,mpva_memorial,951,충열탑(화천군),화천군,operations_unverified
mpva_memorial:16-2-40,mpva_memorial,951,충열탑(화천군),화천군,reservation_unknown
mpva_memorial:16-2-40,mpva_memorial,951,충열탑(화천군),화천군,id_check_unknown
mpva_memorial:16-2-40,mpva_memorial,951,충열탑(화천군),화천군,accessibility_unknown
mpva_memorial:16-2-40,mpva_memorial,951,충열탑(화천군),화천군,telephone_not_in_source
mpva_memorial:16-2-40,mpva_memorial,951,충열탑(화천군),화천군,image_missing
mpva_memorial:16-2-40,mpva_memorial,951,충열탑(화천군),화천군,address_district_only
mpva_memorial:16-2-40,mpva_memorial,951,충열탑(화천군),화천군,reward_eligibility_unverified
mpva_memorial:16-2-40,mpva_memorial,951,충열탑(화천군),화천군,public_access_unverified
mpva_memorial:16-2-15,mpva_memorial,952,파로 전투 전적비(자유수호탑),화천군,operations_unverified
mpva_memorial:16-2-15,mpva_memorial,952,파로 전투 전적비(자유수호탑),화천군,reservation_unknown
mpva_memorial:16-2-15,mpva_memorial,952,파로 전투 전적비(자유수호탑),화천군,id_check_unknown
mpva_memorial:16-2-15,mpva_memorial,952,파로 전투 전적비(자유수호탑),화천군,accessibility_unknown
mpva_memorial:16-2-15,mpva_memorial,952,파로 전투 전적비(자유수호탑),화천군,telephone_not_in_source
mpva_memorial:16-2-15,mpva_memorial,952,파로 전투 전적비(자유수호탑),화천군,image_missing
mpva_memorial:16-2-15,mpva_memorial,952,파로 전투 전적비(자유수호탑),화천군,address_district_only
mpva_memorial:16-2-15,mpva_memorial,952,파로 전투 전적비(자유수호탑),화천군,reward_eligibility_unverified
mpva_memorial:16-2-15,mpva_memorial,952,파로 전투 전적비(자유수호탑),화천군,public_access_unverified
mpva_memorial:16-2-07,mpva_memorial,955,사창리지구 전투 전적비,화천군,operations_unverified
mpva_memorial:16-2-07,mpva_memorial,955,사창리지구 전투 전적비,화천군,reservation_unknown
mpva_memorial:16-2-07,mpva_memorial,955,사창리지구 전투 전적비,화천군,id_check_unknown
mpva_memorial:16-2-07,mpva_memorial,955,사창리지구 전투 전적비,화천군,accessibility_unknown
mpva_memorial:16-2-07,mpva_memorial,955,사창리지구 전투 전적비,화천군,telephone_not_in_source
mpva_memorial:16-2-07,mpva_memorial,955,사창리지구 전투 전적비,화천군,image_missing
mpva_memorial:16-2-07,mpva_memorial,955,사창리지구 전투 전적비,화천군,address_district_only
mpva_memorial:16-2-07,mpva_memorial,955,사창리지구 전투 전적비,화천군,reward_eligibility_unverified
mpva_memorial:16-2-07,mpva_memorial,955,사창리지구 전투 전적비,화천군,public_access_unverified
mpva_memorial:16-2-22,mpva_memorial,956,금성지구 전투 전적비,화천군,operations_unverified
mpva_memorial:16-2-22,mpva_memorial,956,금성지구 전투 전적비,화천군,reservation_unknown
mpva_memorial:16-2-22,mpva_memorial,956,금성지구 전투 전적비,화천군,id_check_unknown
mpva_memorial:16-2-22,mpva_memorial,956,금성지구 전투 전적비,화천군,accessibility_unknown
mpva_memorial:16-2-22,mpva_memorial,956,금성지구 전투 전적비,화천군,telephone_not_in_source
mpva_memorial:16-2-22,mpva_memorial,956,금성지구 전투 전적비,화천군,image_missing
mpva_memorial:16-2-22,mpva_memorial,956,금성지구 전투 전적비,화천군,address_district_only
mpva_memorial:16-2-22,mpva_memorial,956,금성지구 전투 전적비,화천군,reward_eligibility_unverified
mpva_memorial:16-2-22,mpva_memorial,956,금성지구 전투 전적비,화천군,public_access_unverified
mpva_memorial:16-2-49,mpva_memorial,959,인제지구 전투 전적비,인제군,operations_unverified
mpva_memorial:16-2-49,mpva_memorial,959,인제지구 전투 전적비,인제군,reservation_unknown
mpva_memorial:16-2-49,mpva_memorial,959,인제지구 전투 전적비,인제군,id_check_unknown
mpva_memorial:16-2-49,mpva_memorial,959,인제지구 전투 전적비,인제군,accessibility_unknown
mpva_memorial:16-2-49,mpva_memorial,959,인제지구 전투 전적비,인제군,telephone_not_in_source
mpva_memorial:16-2-49,mpva_memorial,959,인제지구 전투 전적비,인제군,image_missing
mpva_memorial:16-2-49,mpva_memorial,959,인제지구 전투 전적비,인제군,address_district_only
mpva_memorial:16-2-49,mpva_memorial,959,인제지구 전투 전적비,인제군,reward_eligibility_unverified
mpva_memorial:16-2-49,mpva_memorial,959,인제지구 전투 전적비,인제군,public_access_unverified
mpva_memorial:16-2-53,mpva_memorial,960,충혼탑(양구군),양구군,operations_unverified
mpva_memorial:16-2-53,mpva_memorial,960,충혼탑(양구군),양구군,reservation_unknown
mpva_memorial:16-2-53,mpva_memorial,960,충혼탑(양구군),양구군,id_check_unknown
mpva_memorial:16-2-53,mpva_memorial,960,충혼탑(양구군),양구군,accessibility_unknown
mpva_memorial:16-2-53,mpva_memorial,960,충혼탑(양구군),양구군,telephone_not_in_source
mpva_memorial:16-2-53,mpva_memorial,960,충혼탑(양구군),양구군,image_missing
mpva_memorial:16-2-53,mpva_memorial,960,충혼탑(양구군),양구군,address_district_only
mpva_memorial:16-2-53,mpva_memorial,960,충혼탑(양구군),양구군,reward_eligibility_unverified
mpva_memorial:16-2-53,mpva_memorial,960,충혼탑(양구군),양구군,public_access_unverified
mpva_memorial:16-2-55,mpva_memorial,962,도솔산지구 전적비,양구군,operations_unverified
mpva_memorial:16-2-55,mpva_memorial,962,도솔산지구 전적비,양구군,reservation_unknown
mpva_memorial:16-2-55,mpva_memorial,962,도솔산지구 전적비,양구군,id_check_unknown
mpva_memorial:16-2-55,mpva_memorial,962,도솔산지구 전적비,양구군,accessibility_unknown
mpva_memorial:16-2-55,mpva_memorial,962,도솔산지구 전적비,양구군,telephone_not_in_source
mpva_memorial:16-2-55,mpva_memorial,962,도솔산지구 전적비,양구군,image_missing
mpva_memorial:16-2-55,mpva_memorial,962,도솔산지구 전적비,양구군,address_district_only
mpva_memorial:16-2-55,mpva_memorial,962,도솔산지구 전적비,양구군,reward_eligibility_unverified
mpva_memorial:16-2-55,mpva_memorial,962,도솔산지구 전적비,양구군,public_access_unverified
mpva_memorial:16-2-063,mpva_memorial,963,펀치볼지구 전투 전적비,양구군,operations_unverified
mpva_memorial:16-2-063,mpva_memorial,963,펀치볼지구 전투 전적비,양구군,reservation_unknown
mpva_memorial:16-2-063,mpva_memorial,963,펀치볼지구 전투 전적비,양구군,id_check_unknown
mpva_memorial:16-2-063,mpva_memorial,963,펀치볼지구 전투 전적비,양구군,accessibility_unknown
mpva_memorial:16-2-063,mpva_memorial,963,펀치볼지구 전투 전적비,양구군,telephone_not_in_source
mpva_memorial:16-2-063,mpva_memorial,963,펀치볼지구 전투 전적비,양구군,image_missing
mpva_memorial:16-2-063,mpva_memorial,963,펀치볼지구 전투 전적비,양구군,address_district_only
mpva_memorial:16-2-063,mpva_memorial,963,펀치볼지구 전투 전적비,양구군,reward_eligibility_unverified
mpva_memorial:16-2-063,mpva_memorial,963,펀치볼지구 전투 전적비,양구군,public_access_unverified
mpva_memorial:16-2-063,mpva_memorial,963,펀치볼지구 전투 전적비,양구군,duplicate_title_county_review
mpva_memorial:16-2-68,mpva_memorial,964,피의능선 전투 전적비,양구군,operations_unverified
mpva_memorial:16-2-68,mpva_memorial,964,피의능선 전투 전적비,양구군,reservation_unknown
mpva_memorial:16-2-68,mpva_memorial,964,피의능선 전투 전적비,양구군,id_check_unknown
mpva_memorial:16-2-68,mpva_memorial,964,피의능선 전투 전적비,양구군,accessibility_unknown
mpva_memorial:16-2-68,mpva_memorial,964,피의능선 전투 전적비,양구군,telephone_not_in_source
mpva_memorial:16-2-68,mpva_memorial,964,피의능선 전투 전적비,양구군,image_missing
mpva_memorial:16-2-68,mpva_memorial,964,피의능선 전투 전적비,양구군,address_district_only
mpva_memorial:16-2-68,mpva_memorial,964,피의능선 전투 전적비,양구군,reward_eligibility_unverified
mpva_memorial:16-2-68,mpva_memorial,964,피의능선 전투 전적비,양구군,public_access_unverified
mpva_memorial:16-2-68,mpva_memorial,964,피의능선 전투 전적비,양구군,duplicate_title_county_review
mpva_memorial:16-2-48,mpva_memorial,970,장병 추도비,인제군,operations_unverified
mpva_memorial:16-2-48,mpva_memorial,970,장병 추도비,인제군,reservation_unknown
mpva_memorial:16-2-48,mpva_memorial,970,장병 추도비,인제군,id_check_unknown
mpva_memorial:16-2-48,mpva_memorial,970,장병 추도비,인제군,accessibility_unknown
mpva_memorial:16-2-48,mpva_memorial,970,장병 추도비,인제군,telephone_not_in_source
mpva_memorial:16-2-48,mpva_memorial,970,장병 추도비,인제군,image_missing
mpva_memorial:16-2-48,mpva_memorial,970,장병 추도비,인제군,address_district_only
mpva_memorial:16-2-48,mpva_memorial,970,장병 추도비,인제군,reward_eligibility_unverified
mpva_memorial:16-2-48,mpva_memorial,970,장병 추도비,인제군,public_access_unverified
mpva_memorial:16-2-24,mpva_memorial,978,백골병단 전적비,인제군,operations_unverified
mpva_memorial:16-2-24,mpva_memorial,978,백골병단 전적비,인제군,reservation_unknown
mpva_memorial:16-2-24,mpva_memorial,978,백골병단 전적비,인제군,id_check_unknown
mpva_memorial:16-2-24,mpva_memorial,978,백골병단 전적비,인제군,accessibility_unknown
mpva_memorial:16-2-24,mpva_memorial,978,백골병단 전적비,인제군,telephone_not_in_source
mpva_memorial:16-2-24,mpva_memorial,978,백골병단 전적비,인제군,image_missing
mpva_memorial:16-2-24,mpva_memorial,978,백골병단 전적비,인제군,address_district_only
mpva_memorial:16-2-24,mpva_memorial,978,백골병단 전적비,인제군,reward_eligibility_unverified
mpva_memorial:16-2-24,mpva_memorial,978,백골병단 전적비,인제군,public_access_unverified
mpva_memorial:16-2-24,mpva_memorial,978,백골병단 전적비,인제군,duplicate_title_county_review
mpva_memorial:16-2-51,mpva_memorial,979,순직장병 충혼비,인제군,operations_unverified
mpva_memorial:16-2-51,mpva_memorial,979,순직장병 충혼비,인제군,reservation_unknown
mpva_memorial:16-2-51,mpva_memorial,979,순직장병 충혼비,인제군,id_check_unknown
mpva_memorial:16-2-51,mpva_memorial,979,순직장병 충혼비,인제군,accessibility_unknown
mpva_memorial:16-2-51,mpva_memorial,979,순직장병 충혼비,인제군,telephone_not_in_source
mpva_memorial:16-2-51,mpva_memorial,979,순직장병 충혼비,인제군,image_missing
mpva_memorial:16-2-51,mpva_memorial,979,순직장병 충혼비,인제군,address_district_only
mpva_memorial:16-2-51,mpva_memorial,979,순직장병 충혼비,인제군,reward_eligibility_unverified
mpva_memorial:16-2-51,mpva_memorial,979,순직장병 충혼비,인제군,public_access_unverified
mpva_memorial:16-2-14,mpva_memorial,986,전공비(화천군 화천발전소),화천군,operations_unverified
mpva_memorial:16-2-14,mpva_memorial,986,전공비(화천군 화천발전소),화천군,reservation_unknown
mpva_memorial:16-2-14,mpva_memorial,986,전공비(화천군 화천발전소),화천군,id_check_unknown
mpva_memorial:16-2-14,mpva_memorial,986,전공비(화천군 화천발전소),화천군,accessibility_unknown
mpva_memorial:16-2-14,mpva_memorial,986,전공비(화천군 화천발전소),화천군,telephone_not_in_source
mpva_memorial:16-2-14,mpva_memorial,986,전공비(화천군 화천발전소),화천군,image_missing
mpva_memorial:16-2-14,mpva_memorial,986,전공비(화천군 화천발전소),화천군,address_district_only
mpva_memorial:16-2-14,mpva_memorial,986,전공비(화천군 화천발전소),화천군,reward_eligibility_unverified
mpva_memorial:16-2-14,mpva_memorial,986,전공비(화천군 화천발전소),화천군,public_access_unverified
mpva_memorial:16-2-21,mpva_memorial,990,대성산지구 전적비,화천군,operations_unverified
mpva_memorial:16-2-21,mpva_memorial,990,대성산지구 전적비,화천군,reservation_unknown
mpva_memorial:16-2-21,mpva_memorial,990,대성산지구 전적비,화천군,id_check_unknown
mpva_memorial:16-2-21,mpva_memorial,990,대성산지구 전적비,화천군,accessibility_unknown
mpva_memorial:16-2-21,mpva_memorial,990,대성산지구 전적비,화천군,telephone_not_in_source
mpva_memorial:16-2-21,mpva_memorial,990,대성산지구 전적비,화천군,image_missing
mpva_memorial:16-2-21,mpva_memorial,990,대성산지구 전적비,화천군,address_district_only
mpva_memorial:16-2-21,mpva_memorial,990,대성산지구 전적비,화천군,reward_eligibility_unverified
mpva_memorial:16-2-21,mpva_memorial,990,대성산지구 전적비,화천군,public_access_unverified
mpva_memorial:16-2-21,mpva_memorial,990,대성산지구 전적비,화천군,duplicate_title_county_review
mpva_memorial:16-2-060,mpva_memorial,991,전사경찰 위령비,인제군,operations_unverified
mpva_memorial:16-2-060,mpva_memorial,991,전사경찰 위령비,인제군,reservation_unknown
mpva_memorial:16-2-060,mpva_memorial,991,전사경찰 위령비,인제군,id_check_unknown
mpva_memorial:16-2-060,mpva_memorial,991,전사경찰 위령비,인제군,accessibility_unknown
mpva_memorial:16-2-060,mpva_memorial,991,전사경찰 위령비,인제군,telephone_not_in_source
mpva_memorial:16-2-060,mpva_memorial,991,전사경찰 위령비,인제군,image_missing
mpva_memorial:16-2-060,mpva_memorial,991,전사경찰 위령비,인제군,address_district_only
mpva_memorial:16-2-060,mpva_memorial,991,전사경찰 위령비,인제군,reward_eligibility_unverified
mpva_memorial:16-2-060,mpva_memorial,991,전사경찰 위령비,인제군,public_access_unverified
mpva_memorial:16-2-43,mpva_memorial,993,현리전투 위령비,인제군,operations_unverified
mpva_memorial:16-2-43,mpva_memorial,993,현리전투 위령비,인제군,reservation_unknown
mpva_memorial:16-2-43,mpva_memorial,993,현리전투 위령비,인제군,id_check_unknown
mpva_memorial:16-2-43,mpva_memorial,993,현리전투 위령비,인제군,accessibility_unknown
mpva_memorial:16-2-43,mpva_memorial,993,현리전투 위령비,인제군,telephone_not_in_source
mpva_memorial:16-2-43,mpva_memorial,993,현리전투 위령비,인제군,image_missing
mpva_memorial:16-2-43,mpva_memorial,993,현리전투 위령비,인제군,address_district_only
mpva_memorial:16-2-43,mpva_memorial,993,현리전투 위령비,인제군,reward_eligibility_unverified
mpva_memorial:16-2-43,mpva_memorial,993,현리전투 위령비,인제군,public_access_unverified
mpva_memorial:17-2-04,mpva_memorial,1018,당포함 전몰장병 충혼탑,고성군,operations_unverified
mpva_memorial:17-2-04,mpva_memorial,1018,당포함 전몰장병 충혼탑,고성군,reservation_unknown
mpva_memorial:17-2-04,mpva_memorial,1018,당포함 전몰장병 충혼탑,고성군,id_check_unknown
mpva_memorial:17-2-04,mpva_memorial,1018,당포함 전몰장병 충혼탑,고성군,accessibility_unknown
mpva_memorial:17-2-04,mpva_memorial,1018,당포함 전몰장병 충혼탑,고성군,telephone_not_in_source
mpva_memorial:17-2-04,mpva_memorial,1018,당포함 전몰장병 충혼탑,고성군,image_missing
mpva_memorial:17-2-04,mpva_memorial,1018,당포함 전몰장병 충혼탑,고성군,address_district_only
mpva_memorial:17-2-04,mpva_memorial,1018,당포함 전몰장병 충혼탑,고성군,reward_eligibility_unverified
mpva_memorial:17-2-04,mpva_memorial,1018,당포함 전몰장병 충혼탑,고성군,public_access_unverified
mpva_memorial:17-2-26,mpva_memorial,1023,화랑사단 전적비,고성군,operations_unverified
mpva_memorial:17-2-26,mpva_memorial,1023,화랑사단 전적비,고성군,reservation_unknown
mpva_memorial:17-2-26,mpva_memorial,1023,화랑사단 전적비,고성군,id_check_unknown
mpva_memorial:17-2-26,mpva_memorial,1023,화랑사단 전적비,고성군,accessibility_unknown
mpva_memorial:17-2-26,mpva_memorial,1023,화랑사단 전적비,고성군,telephone_not_in_source
mpva_memorial:17-2-26,mpva_memorial,1023,화랑사단 전적비,고성군,image_missing
mpva_memorial:17-2-26,mpva_memorial,1023,화랑사단 전적비,고성군,address_district_only
mpva_memorial:17-2-26,mpva_memorial,1023,화랑사단 전적비,고성군,reward_eligibility_unverified
mpva_memorial:17-2-26,mpva_memorial,1023,화랑사단 전적비,고성군,public_access_unverified
mpva_memorial:17-2-50,mpva_memorial,1026,충혼비(고성군),고성군,operations_unverified
mpva_memorial:17-2-50,mpva_memorial,1026,충혼비(고성군),고성군,reservation_unknown
mpva_memorial:17-2-50,mpva_memorial,1026,충혼비(고성군),고성군,id_check_unknown
mpva_memorial:17-2-50,mpva_memorial,1026,충혼비(고성군),고성군,accessibility_unknown
mpva_memorial:17-2-50,mpva_memorial,1026,충혼비(고성군),고성군,telephone_not_in_source
mpva_memorial:17-2-50,mpva_memorial,1026,충혼비(고성군),고성군,image_missing
mpva_memorial:17-2-50,mpva_memorial,1026,충혼비(고성군),고성군,address_district_only
mpva_memorial:17-2-50,mpva_memorial,1026,충혼비(고성군),고성군,reward_eligibility_unverified
mpva_memorial:17-2-50,mpva_memorial,1026,충혼비(고성군),고성군,public_access_unverified
mpva_memorial:17-2-47,mpva_memorial,1027,호림유격 전적비,고성군,operations_unverified
mpva_memorial:17-2-47,mpva_memorial,1027,호림유격 전적비,고성군,reservation_unknown
mpva_memorial:17-2-47,mpva_memorial,1027,호림유격 전적비,고성군,id_check_unknown
mpva_memorial:17-2-47,mpva_memorial,1027,호림유격 전적비,고성군,accessibility_unknown
mpva_memorial:17-2-47,mpva_memorial,1027,호림유격 전적비,고성군,telephone_not_in_source
mpva_memorial:17-2-47,mpva_memorial,1027,호림유격 전적비,고성군,image_missing
mpva_memorial:17-2-47,mpva_memorial,1027,호림유격 전적비,고성군,address_district_only
mpva_memorial:17-2-47,mpva_memorial,1027,호림유격 전적비,고성군,reward_eligibility_unverified
mpva_memorial:17-2-47,mpva_memorial,1027,호림유격 전적비,고성군,public_access_unverified
mpva_memorial:17-2-27,mpva_memorial,1029,351고지 전투 전적비,고성군,operations_unverified
mpva_memorial:17-2-27,mpva_memorial,1029,351고지 전투 전적비,고성군,reservation_unknown
mpva_memorial:17-2-27,mpva_memorial,1029,351고지 전투 전적비,고성군,id_check_unknown
mpva_memorial:17-2-27,mpva_memorial,1029,351고지 전투 전적비,고성군,accessibility_unknown
mpva_memorial:17-2-27,mpva_memorial,1029,351고지 전투 전적비,고성군,telephone_not_in_source
mpva_memorial:17-2-27,mpva_memorial,1029,351고지 전투 전적비,고성군,image_missing
mpva_memorial:17-2-27,mpva_memorial,1029,351고지 전투 전적비,고성군,address_district_only
mpva_memorial:17-2-27,mpva_memorial,1029,351고지 전투 전적비,고성군,reward_eligibility_unverified
mpva_memorial:17-2-27,mpva_memorial,1029,351고지 전투 전적비,고성군,public_access_unverified
mpva_memorial:16-2-111,mpva_memorial,1341,6·25참전 충훈비,양구군,operations_unverified
mpva_memorial:16-2-111,mpva_memorial,1341,6·25참전 충훈비,양구군,reservation_unknown
mpva_memorial:16-2-111,mpva_memorial,1341,6·25참전 충훈비,양구군,id_check_unknown
mpva_memorial:16-2-111,mpva_memorial,1341,6·25참전 충훈비,양구군,accessibility_unknown
mpva_memorial:16-2-111,mpva_memorial,1341,6·25참전 충훈비,양구군,telephone_not_in_source
mpva_memorial:16-2-111,mpva_memorial,1341,6·25참전 충훈비,양구군,image_missing
mpva_memorial:16-2-111,mpva_memorial,1341,6·25참전 충훈비,양구군,address_district_only
mpva_memorial:16-2-111,mpva_memorial,1341,6·25참전 충훈비,양구군,reward_eligibility_unverified
mpva_memorial:16-2-111,mpva_memorial,1341,6·25참전 충훈비,양구군,public_access_unverified
mpva_memorial:16-2-54,mpva_memorial,1402,도솔산지구 전투 위령비,양구군,operations_unverified
mpva_memorial:16-2-54,mpva_memorial,1402,도솔산지구 전투 위령비,양구군,reservation_unknown
mpva_memorial:16-2-54,mpva_memorial,1402,도솔산지구 전투 위령비,양구군,id_check_unknown
mpva_memorial:16-2-54,mpva_memorial,1402,도솔산지구 전투 위령비,양구군,accessibility_unknown
mpva_memorial:16-2-54,mpva_memorial,1402,도솔산지구 전투 위령비,양구군,telephone_not_in_source
mpva_memorial:16-2-54,mpva_memorial,1402,도솔산지구 전투 위령비,양구군,image_missing
mpva_memorial:16-2-54,mpva_memorial,1402,도솔산지구 전투 위령비,양구군,address_district_only
mpva_memorial:16-2-54,mpva_memorial,1402,도솔산지구 전투 위령비,양구군,reward_eligibility_unverified
mpva_memorial:16-2-54,mpva_memorial,1402,도솔산지구 전투 위령비,양구군,public_access_unverified
mpva_memorial:16-2-58,mpva_memorial,1432,도솔산 펀치볼지구 전투 전적비,양구군,operations_unverified
mpva_memorial:16-2-58,mpva_memorial,1432,도솔산 펀치볼지구 전투 전적비,양구군,reservation_unknown
mpva_memorial:16-2-58,mpva_memorial,1432,도솔산 펀치볼지구 전투 전적비,양구군,id_check_unknown
mpva_memorial:16-2-58,mpva_memorial,1432,도솔산 펀치볼지구 전투 전적비,양구군,accessibility_unknown
mpva_memorial:16-2-58,mpva_memorial,1432,도솔산 펀치볼지구 전투 전적비,양구군,telephone_not_in_source
mpva_memorial:16-2-58,mpva_memorial,1432,도솔산 펀치볼지구 전투 전적비,양구군,image_missing
mpva_memorial:16-2-58,mpva_memorial,1432,도솔산 펀치볼지구 전투 전적비,양구군,address_district_only
mpva_memorial:16-2-58,mpva_memorial,1432,도솔산 펀치볼지구 전투 전적비,양구군,reward_eligibility_unverified
mpva_memorial:16-2-58,mpva_memorial,1432,도솔산 펀치볼지구 전투 전적비,양구군,public_access_unverified
mpva_memorial:17-2-09,mpva_memorial,1444,현충탑(고성군),고성군,operations_unverified
mpva_memorial:17-2-09,mpva_memorial,1444,현충탑(고성군),고성군,reservation_unknown
mpva_memorial:17-2-09,mpva_memorial,1444,현충탑(고성군),고성군,id_check_unknown
mpva_memorial:17-2-09,mpva_memorial,1444,현충탑(고성군),고성군,accessibility_unknown
mpva_memorial:17-2-09,mpva_memorial,1444,현충탑(고성군),고성군,telephone_not_in_source
mpva_memorial:17-2-09,mpva_memorial,1444,현충탑(고성군),고성군,image_missing
mpva_memorial:17-2-09,mpva_memorial,1444,현충탑(고성군),고성군,address_district_only
mpva_memorial:17-2-09,mpva_memorial,1444,현충탑(고성군),고성군,reward_eligibility_unverified
mpva_memorial:17-2-09,mpva_memorial,1444,현충탑(고성군),고성군,public_access_unverified
mpva_memorial:16-2-13,mpva_memorial,1474,김교수대위 추모비 및 공완택병장 동상,철원군,operations_unverified
mpva_memorial:16-2-13,mpva_memorial,1474,김교수대위 추모비 및 공완택병장 동상,철원군,reservation_unknown
mpva_memorial:16-2-13,mpva_memorial,1474,김교수대위 추모비 및 공완택병장 동상,철원군,id_check_unknown
mpva_memorial:16-2-13,mpva_memorial,1474,김교수대위 추모비 및 공완택병장 동상,철원군,accessibility_unknown
mpva_memorial:16-2-13,mpva_memorial,1474,김교수대위 추모비 및 공완택병장 동상,철원군,telephone_not_in_source
mpva_memorial:16-2-13,mpva_memorial,1474,김교수대위 추모비 및 공완택병장 동상,철원군,image_missing
mpva_memorial:16-2-13,mpva_memorial,1474,김교수대위 추모비 및 공완택병장 동상,철원군,address_district_only
mpva_memorial:16-2-13,mpva_memorial,1474,김교수대위 추모비 및 공완택병장 동상,철원군,reward_eligibility_unverified
mpva_memorial:16-2-13,mpva_memorial,1474,김교수대위 추모비 및 공완택병장 동상,철원군,public_access_unverified
mpva_memorial:17-2-48,mpva_memorial,1523,고원 청년유격대 위령비,고성군,operations_unverified
mpva_memorial:17-2-48,mpva_memorial,1523,고원 청년유격대 위령비,고성군,reservation_unknown
mpva_memorial:17-2-48,mpva_memorial,1523,고원 청년유격대 위령비,고성군,id_check_unknown
mpva_memorial:17-2-48,mpva_memorial,1523,고원 청년유격대 위령비,고성군,accessibility_unknown
mpva_memorial:17-2-48,mpva_memorial,1523,고원 청년유격대 위령비,고성군,telephone_not_in_source
mpva_memorial:17-2-48,mpva_memorial,1523,고원 청년유격대 위령비,고성군,image_missing
mpva_memorial:17-2-48,mpva_memorial,1523,고원 청년유격대 위령비,고성군,address_district_only
mpva_memorial:17-2-48,mpva_memorial,1523,고원 청년유격대 위령비,고성군,reward_eligibility_unverified
mpva_memorial:17-2-48,mpva_memorial,1523,고원 청년유격대 위령비,고성군,public_access_unverified
mpva_memorial:17-1-10,mpva_memorial,1525,애국지사 구국충정 숭모비,고성군,operations_unverified
mpva_memorial:17-1-10,mpva_memorial,1525,애국지사 구국충정 숭모비,고성군,reservation_unknown
mpva_memorial:17-1-10,mpva_memorial,1525,애국지사 구국충정 숭모비,고성군,id_check_unknown
mpva_memorial:17-1-10,mpva_memorial,1525,애국지사 구국충정 숭모비,고성군,accessibility_unknown
mpva_memorial:17-1-10,mpva_memorial,1525,애국지사 구국충정 숭모비,고성군,telephone_not_in_source
mpva_memorial:17-1-10,mpva_memorial,1525,애국지사 구국충정 숭모비,고성군,image_missing
mpva_memorial:17-1-10,mpva_memorial,1525,애국지사 구국충정 숭모비,고성군,address_district_only
mpva_memorial:17-1-10,mpva_memorial,1525,애국지사 구국충정 숭모비,고성군,reward_eligibility_unverified
mpva_memorial:17-1-10,mpva_memorial,1525,애국지사 구국충정 숭모비,고성군,public_access_unverified
mpva_memorial:16-2-74,mpva_memorial,1564,위령탑(철원군),철원군,operations_unverified
mpva_memorial:16-2-74,mpva_memorial,1564,위령탑(철원군),철원군,reservation_unknown
mpva_memorial:16-2-74,mpva_memorial,1564,위령탑(철원군),철원군,id_check_unknown
mpva_memorial:16-2-74,mpva_memorial,1564,위령탑(철원군),철원군,accessibility_unknown
mpva_memorial:16-2-74,mpva_memorial,1564,위령탑(철원군),철원군,telephone_not_in_source
mpva_memorial:16-2-74,mpva_memorial,1564,위령탑(철원군),철원군,image_missing
mpva_memorial:16-2-74,mpva_memorial,1564,위령탑(철원군),철원군,address_district_only
mpva_memorial:16-2-74,mpva_memorial,1564,위령탑(철원군),철원군,reward_eligibility_unverified
mpva_memorial:16-2-74,mpva_memorial,1564,위령탑(철원군),철원군,public_access_unverified
mpva_memorial:17-2-56,mpva_memorial,1566,6·25 한국전쟁 참전용사 공적비,고성군,operations_unverified
mpva_memorial:17-2-56,mpva_memorial,1566,6·25 한국전쟁 참전용사 공적비,고성군,reservation_unknown
mpva_memorial:17-2-56,mpva_memorial,1566,6·25 한국전쟁 참전용사 공적비,고성군,id_check_unknown
mpva_memorial:17-2-56,mpva_memorial,1566,6·25 한국전쟁 참전용사 공적비,고성군,accessibility_unknown
mpva_memorial:17-2-56,mpva_memorial,1566,6·25 한국전쟁 참전용사 공적비,고성군,telephone_not_in_source
mpva_memorial:17-2-56,mpva_memorial,1566,6·25 한국전쟁 참전용사 공적비,고성군,image_missing
mpva_memorial:17-2-56,mpva_memorial,1566,6·25 한국전쟁 참전용사 공적비,고성군,address_district_only
mpva_memorial:17-2-56,mpva_memorial,1566,6·25 한국전쟁 참전용사 공적비,고성군,reward_eligibility_unverified
mpva_memorial:17-2-56,mpva_memorial,1566,6·25 한국전쟁 참전용사 공적비,고성군,public_access_unverified
mpva_memorial:17-2-54,mpva_memorial,1572,월남전참전 기념탑(고성군),고성군,operations_unverified
mpva_memorial:17-2-54,mpva_memorial,1572,월남전참전 기념탑(고성군),고성군,reservation_unknown
mpva_memorial:17-2-54,mpva_memorial,1572,월남전참전 기념탑(고성군),고성군,id_check_unknown
mpva_memorial:17-2-54,mpva_memorial,1572,월남전참전 기념탑(고성군),고성군,accessibility_unknown
mpva_memorial:17-2-54,mpva_memorial,1572,월남전참전 기념탑(고성군),고성군,telephone_not_in_source
mpva_memorial:17-2-54,mpva_memorial,1572,월남전참전 기념탑(고성군),고성군,image_missing
mpva_memorial:17-2-54,mpva_memorial,1572,월남전참전 기념탑(고성군),고성군,address_district_only
mpva_memorial:17-2-54,mpva_memorial,1572,월남전참전 기념탑(고성군),고성군,reward_eligibility_unverified
mpva_memorial:17-2-54,mpva_memorial,1572,월남전참전 기념탑(고성군),고성군,public_access_unverified
mpva_memorial:16-2-78,mpva_memorial,1574,태백중학교 학도병 전적비,철원군,operations_unverified
mpva_memorial:16-2-78,mpva_memorial,1574,태백중학교 학도병 전적비,철원군,reservation_unknown
mpva_memorial:16-2-78,mpva_memorial,1574,태백중학교 학도병 전적비,철원군,id_check_unknown
mpva_memorial:16-2-78,mpva_memorial,1574,태백중학교 학도병 전적비,철원군,accessibility_unknown
mpva_memorial:16-2-78,mpva_memorial,1574,태백중학교 학도병 전적비,철원군,telephone_not_in_source
mpva_memorial:16-2-78,mpva_memorial,1574,태백중학교 학도병 전적비,철원군,image_missing
mpva_memorial:16-2-78,mpva_memorial,1574,태백중학교 학도병 전적비,철원군,address_district_only
mpva_memorial:16-2-78,mpva_memorial,1574,태백중학교 학도병 전적비,철원군,reward_eligibility_unverified
mpva_memorial:16-2-78,mpva_memorial,1574,태백중학교 학도병 전적비,철원군,public_access_unverified
mpva_memorial:16-2-112,mpva_memorial,1608,월남참전기념비,양구군,operations_unverified
mpva_memorial:16-2-112,mpva_memorial,1608,월남참전기념비,양구군,reservation_unknown
mpva_memorial:16-2-112,mpva_memorial,1608,월남참전기념비,양구군,id_check_unknown
mpva_memorial:16-2-112,mpva_memorial,1608,월남참전기념비,양구군,accessibility_unknown
mpva_memorial:16-2-112,mpva_memorial,1608,월남참전기념비,양구군,telephone_not_in_source
mpva_memorial:16-2-112,mpva_memorial,1608,월남참전기념비,양구군,image_missing
mpva_memorial:16-2-112,mpva_memorial,1608,월남참전기념비,양구군,address_district_only
mpva_memorial:16-2-112,mpva_memorial,1608,월남참전기념비,양구군,reward_eligibility_unverified
mpva_memorial:16-2-112,mpva_memorial,1608,월남참전기념비,양구군,public_access_unverified
mpva_memorial:16-2-80,mpva_memorial,1655,연화동 안보공원,인제군,operations_unverified
mpva_memorial:16-2-80,mpva_memorial,1655,연화동 안보공원,인제군,reservation_unknown
mpva_memorial:16-2-80,mpva_memorial,1655,연화동 안보공원,인제군,id_check_unknown
mpva_memorial:16-2-80,mpva_memorial,1655,연화동 안보공원,인제군,accessibility_unknown
mpva_memorial:16-2-80,mpva_memorial,1655,연화동 안보공원,인제군,telephone_not_in_source
mpva_memorial:16-2-80,mpva_memorial,1655,연화동 안보공원,인제군,image_missing
mpva_memorial:16-2-80,mpva_memorial,1655,연화동 안보공원,인제군,address_district_only
mpva_memorial:16-2-80,mpva_memorial,1655,연화동 안보공원,인제군,reward_eligibility_unverified
mpva_memorial:16-2-80,mpva_memorial,1655,연화동 안보공원,인제군,public_access_unverified
mpva_memorial:17-2-46,mpva_memorial,1740,향로봉지구 전투 전적비,고성군,operations_unverified
mpva_memorial:17-2-46,mpva_memorial,1740,향로봉지구 전투 전적비,고성군,reservation_unknown
mpva_memorial:17-2-46,mpva_memorial,1740,향로봉지구 전투 전적비,고성군,id_check_unknown
mpva_memorial:17-2-46,mpva_memorial,1740,향로봉지구 전투 전적비,고성군,accessibility_unknown
mpva_memorial:17-2-46,mpva_memorial,1740,향로봉지구 전투 전적비,고성군,telephone_not_in_source
mpva_memorial:17-2-46,mpva_memorial,1740,향로봉지구 전투 전적비,고성군,image_missing
mpva_memorial:17-2-46,mpva_memorial,1740,향로봉지구 전투 전적비,고성군,address_district_only
mpva_memorial:17-2-46,mpva_memorial,1740,향로봉지구 전투 전적비,고성군,reward_eligibility_unverified
mpva_memorial:17-2-46,mpva_memorial,1740,향로봉지구 전투 전적비,고성군,public_access_unverified
mpva_memorial:16-2-90,mpva_memorial,1841,미육군공병부대전적비,철원군,operations_unverified
mpva_memorial:16-2-90,mpva_memorial,1841,미육군공병부대전적비,철원군,reservation_unknown
mpva_memorial:16-2-90,mpva_memorial,1841,미육군공병부대전적비,철원군,id_check_unknown
mpva_memorial:16-2-90,mpva_memorial,1841,미육군공병부대전적비,철원군,accessibility_unknown
mpva_memorial:16-2-90,mpva_memorial,1841,미육군공병부대전적비,철원군,telephone_not_in_source
mpva_memorial:16-2-90,mpva_memorial,1841,미육군공병부대전적비,철원군,image_missing
mpva_memorial:16-2-90,mpva_memorial,1841,미육군공병부대전적비,철원군,address_district_only
mpva_memorial:16-2-90,mpva_memorial,1841,미육군공병부대전적비,철원군,reward_eligibility_unverified
mpva_memorial:16-2-90,mpva_memorial,1841,미육군공병부대전적비,철원군,public_access_unverified
mpva_memorial:16-2-102,mpva_memorial,1881,옹진지구 전투 위령탑,인제군,operations_unverified
mpva_memorial:16-2-102,mpva_memorial,1881,옹진지구 전투 위령탑,인제군,reservation_unknown
mpva_memorial:16-2-102,mpva_memorial,1881,옹진지구 전투 위령탑,인제군,id_check_unknown
mpva_memorial:16-2-102,mpva_memorial,1881,옹진지구 전투 위령탑,인제군,accessibility_unknown
mpva_memorial:16-2-102,mpva_memorial,1881,옹진지구 전투 위령탑,인제군,telephone_not_in_source
mpva_memorial:16-2-102,mpva_memorial,1881,옹진지구 전투 위령탑,인제군,image_missing
mpva_memorial:16-2-102,mpva_memorial,1881,옹진지구 전투 위령탑,인제군,address_district_only
mpva_memorial:16-2-102,mpva_memorial,1881,옹진지구 전투 위령탑,인제군,reward_eligibility_unverified
mpva_memorial:16-2-102,mpva_memorial,1881,옹진지구 전투 위령탑,인제군,public_access_unverified
mpva_memorial:16-2-64,mpva_memorial,1934,순직지비,양구군,operations_unverified
mpva_memorial:16-2-64,mpva_memorial,1934,순직지비,양구군,reservation_unknown
mpva_memorial:16-2-64,mpva_memorial,1934,순직지비,양구군,id_check_unknown
mpva_memorial:16-2-64,mpva_memorial,1934,순직지비,양구군,accessibility_unknown
mpva_memorial:16-2-64,mpva_memorial,1934,순직지비,양구군,telephone_not_in_source
mpva_memorial:16-2-64,mpva_memorial,1934,순직지비,양구군,image_missing
mpva_memorial:16-2-64,mpva_memorial,1934,순직지비,양구군,address_district_only
mpva_memorial:16-2-64,mpva_memorial,1934,순직지비,양구군,reward_eligibility_unverified
mpva_memorial:16-2-64,mpva_memorial,1934,순직지비,양구군,public_access_unverified
mpva_memorial:16-2-101,mpva_memorial,2025,734고지 전승비,양구군,operations_unverified
mpva_memorial:16-2-101,mpva_memorial,2025,734고지 전승비,양구군,reservation_unknown
mpva_memorial:16-2-101,mpva_memorial,2025,734고지 전승비,양구군,id_check_unknown
mpva_memorial:16-2-101,mpva_memorial,2025,734고지 전승비,양구군,accessibility_unknown
mpva_memorial:16-2-101,mpva_memorial,2025,734고지 전승비,양구군,telephone_not_in_source
mpva_memorial:16-2-101,mpva_memorial,2025,734고지 전승비,양구군,image_missing
mpva_memorial:16-2-101,mpva_memorial,2025,734고지 전승비,양구군,address_district_only
mpva_memorial:16-2-101,mpva_memorial,2025,734고지 전승비,양구군,reward_eligibility_unverified
mpva_memorial:16-2-101,mpva_memorial,2025,734고지 전승비,양구군,public_access_unverified
mpva_memorial:16-2-100,mpva_memorial,2026,故 중사 김대훈 추모비,양구군,operations_unverified
mpva_memorial:16-2-100,mpva_memorial,2026,故 중사 김대훈 추모비,양구군,reservation_unknown
mpva_memorial:16-2-100,mpva_memorial,2026,故 중사 김대훈 추모비,양구군,id_check_unknown
mpva_memorial:16-2-100,mpva_memorial,2026,故 중사 김대훈 추모비,양구군,accessibility_unknown
mpva_memorial:16-2-100,mpva_memorial,2026,故 중사 김대훈 추모비,양구군,telephone_not_in_source
mpva_memorial:16-2-100,mpva_memorial,2026,故 중사 김대훈 추모비,양구군,image_missing
mpva_memorial:16-2-100,mpva_memorial,2026,故 중사 김대훈 추모비,양구군,address_district_only
mpva_memorial:16-2-100,mpva_memorial,2026,故 중사 김대훈 추모비,양구군,reward_eligibility_unverified
mpva_memorial:16-2-100,mpva_memorial,2026,故 중사 김대훈 추모비,양구군,public_access_unverified
mpva_memorial:17-2-17,mpva_memorial,2041,공군 351고지 전투지원작전 기념비,고성군,operations_unverified
mpva_memorial:17-2-17,mpva_memorial,2041,공군 351고지 전투지원작전 기념비,고성군,reservation_unknown
mpva_memorial:17-2-17,mpva_memorial,2041,공군 351고지 전투지원작전 기념비,고성군,id_check_unknown
mpva_memorial:17-2-17,mpva_memorial,2041,공군 351고지 전투지원작전 기념비,고성군,accessibility_unknown
mpva_memorial:17-2-17,mpva_memorial,2041,공군 351고지 전투지원작전 기념비,고성군,telephone_not_in_source
mpva_memorial:17-2-17,mpva_memorial,2041,공군 351고지 전투지원작전 기념비,고성군,image_missing
mpva_memorial:17-2-17,mpva_memorial,2041,공군 351고지 전투지원작전 기념비,고성군,address_district_only
mpva_memorial:17-2-17,mpva_memorial,2041,공군 351고지 전투지원작전 기념비,고성군,reward_eligibility_unverified
mpva_memorial:17-2-17,mpva_memorial,2041,공군 351고지 전투지원작전 기념비,고성군,public_access_unverified
mpva_memorial:17-2-52,mpva_memorial,2064,고성지역 전투 충혼탑,고성군,operations_unverified
mpva_memorial:17-2-52,mpva_memorial,2064,고성지역 전투 충혼탑,고성군,reservation_unknown
mpva_memorial:17-2-52,mpva_memorial,2064,고성지역 전투 충혼탑,고성군,id_check_unknown
mpva_memorial:17-2-52,mpva_memorial,2064,고성지역 전투 충혼탑,고성군,accessibility_unknown
mpva_memorial:17-2-52,mpva_memorial,2064,고성지역 전투 충혼탑,고성군,telephone_not_in_source
mpva_memorial:17-2-52,mpva_memorial,2064,고성지역 전투 충혼탑,고성군,image_missing
mpva_memorial:17-2-52,mpva_memorial,2064,고성지역 전투 충혼탑,고성군,address_district_only
mpva_memorial:17-2-52,mpva_memorial,2064,고성지역 전투 충혼탑,고성군,reward_eligibility_unverified
mpva_memorial:17-2-52,mpva_memorial,2064,고성지역 전투 충혼탑,고성군,public_access_unverified
mpva_memorial:16-2-83,mpva_memorial,2116,제2땅굴 위령비,철원군,operations_unverified
mpva_memorial:16-2-83,mpva_memorial,2116,제2땅굴 위령비,철원군,reservation_unknown
mpva_memorial:16-2-83,mpva_memorial,2116,제2땅굴 위령비,철원군,id_check_unknown
mpva_memorial:16-2-83,mpva_memorial,2116,제2땅굴 위령비,철원군,accessibility_unknown
mpva_memorial:16-2-83,mpva_memorial,2116,제2땅굴 위령비,철원군,telephone_not_in_source
mpva_memorial:16-2-83,mpva_memorial,2116,제2땅굴 위령비,철원군,image_missing
mpva_memorial:16-2-83,mpva_memorial,2116,제2땅굴 위령비,철원군,address_district_only
mpva_memorial:16-2-83,mpva_memorial,2116,제2땅굴 위령비,철원군,reward_eligibility_unverified
mpva_memorial:16-2-83,mpva_memorial,2116,제2땅굴 위령비,철원군,public_access_unverified
mpva_memorial:16-2-57,mpva_memorial,2124,양구전투 위령비,양구군,operations_unverified
mpva_memorial:16-2-57,mpva_memorial,2124,양구전투 위령비,양구군,reservation_unknown
mpva_memorial:16-2-57,mpva_memorial,2124,양구전투 위령비,양구군,id_check_unknown
mpva_memorial:16-2-57,mpva_memorial,2124,양구전투 위령비,양구군,accessibility_unknown
mpva_memorial:16-2-57,mpva_memorial,2124,양구전투 위령비,양구군,telephone_not_in_source
mpva_memorial:16-2-57,mpva_memorial,2124,양구전투 위령비,양구군,image_missing
mpva_memorial:16-2-57,mpva_memorial,2124,양구전투 위령비,양구군,address_district_only
mpva_memorial:16-2-57,mpva_memorial,2124,양구전투 위령비,양구군,reward_eligibility_unverified
mpva_memorial:16-2-57,mpva_memorial,2124,양구전투 위령비,양구군,public_access_unverified
mpva_memorial:16-1-20,mpva_memorial,2129,항일의병 전적비,양구군,operations_unverified
mpva_memorial:16-1-20,mpva_memorial,2129,항일의병 전적비,양구군,reservation_unknown
mpva_memorial:16-1-20,mpva_memorial,2129,항일의병 전적비,양구군,id_check_unknown
mpva_memorial:16-1-20,mpva_memorial,2129,항일의병 전적비,양구군,accessibility_unknown
mpva_memorial:16-1-20,mpva_memorial,2129,항일의병 전적비,양구군,telephone_not_in_source
mpva_memorial:16-1-20,mpva_memorial,2129,항일의병 전적비,양구군,image_missing
mpva_memorial:16-1-20,mpva_memorial,2129,항일의병 전적비,양구군,address_district_only
mpva_memorial:16-1-20,mpva_memorial,2129,항일의병 전적비,양구군,reward_eligibility_unverified
mpva_memorial:16-1-20,mpva_memorial,2129,항일의병 전적비,양구군,public_access_unverified
mpva_memorial:16-2-56,mpva_memorial,2137,백석산지구 전투 전적비,양구군,operations_unverified
mpva_memorial:16-2-56,mpva_memorial,2137,백석산지구 전투 전적비,양구군,reservation_unknown
mpva_memorial:16-2-56,mpva_memorial,2137,백석산지구 전투 전적비,양구군,id_check_unknown
mpva_memorial:16-2-56,mpva_memorial,2137,백석산지구 전투 전적비,양구군,accessibility_unknown
mpva_memorial:16-2-56,mpva_memorial,2137,백석산지구 전투 전적비,양구군,telephone_not_in_source
mpva_memorial:16-2-56,mpva_memorial,2137,백석산지구 전투 전적비,양구군,image_missing
mpva_memorial:16-2-56,mpva_memorial,2137,백석산지구 전투 전적비,양구군,address_district_only
mpva_memorial:16-2-56,mpva_memorial,2137,백석산지구 전투 전적비,양구군,reward_eligibility_unverified
mpva_memorial:16-2-56,mpva_memorial,2137,백석산지구 전투 전적비,양구군,public_access_unverified
mpva_memorial:16-2-56,mpva_memorial,2137,백석산지구 전투 전적비,양구군,duplicate_title_county_review
mpva_memorial:16-2-42,mpva_memorial,2138,충혼탑(인제군),인제군,operations_unverified
mpva_memorial:16-2-42,mpva_memorial,2138,충혼탑(인제군),인제군,reservation_unknown
mpva_memorial:16-2-42,mpva_memorial,2138,충혼탑(인제군),인제군,id_check_unknown
mpva_memorial:16-2-42,mpva_memorial,2138,충혼탑(인제군),인제군,accessibility_unknown
mpva_memorial:16-2-42,mpva_memorial,2138,충혼탑(인제군),인제군,telephone_not_in_source
mpva_memorial:16-2-42,mpva_memorial,2138,충혼탑(인제군),인제군,image_missing
mpva_memorial:16-2-42,mpva_memorial,2138,충혼탑(인제군),인제군,address_district_only
mpva_memorial:16-2-42,mpva_memorial,2138,충혼탑(인제군),인제군,reward_eligibility_unverified
mpva_memorial:16-2-42,mpva_memorial,2138,충혼탑(인제군),인제군,public_access_unverified
mpva_memorial:16-2-12,mpva_memorial,2143,김화지구 합동 순의비,철원군,operations_unverified
mpva_memorial:16-2-12,mpva_memorial,2143,김화지구 합동 순의비,철원군,reservation_unknown
mpva_memorial:16-2-12,mpva_memorial,2143,김화지구 합동 순의비,철원군,id_check_unknown
mpva_memorial:16-2-12,mpva_memorial,2143,김화지구 합동 순의비,철원군,accessibility_unknown
mpva_memorial:16-2-12,mpva_memorial,2143,김화지구 합동 순의비,철원군,telephone_not_in_source
mpva_memorial:16-2-12,mpva_memorial,2143,김화지구 합동 순의비,철원군,image_missing
mpva_memorial:16-2-12,mpva_memorial,2143,김화지구 합동 순의비,철원군,address_district_only
mpva_memorial:16-2-12,mpva_memorial,2143,김화지구 합동 순의비,철원군,reward_eligibility_unverified
mpva_memorial:16-2-12,mpva_memorial,2143,김화지구 합동 순의비,철원군,public_access_unverified
mpva_memorial:16-2-27,mpva_memorial,2144,425고지전적비,철원군,operations_unverified
mpva_memorial:16-2-27,mpva_memorial,2144,425고지전적비,철원군,reservation_unknown
mpva_memorial:16-2-27,mpva_memorial,2144,425고지전적비,철원군,id_check_unknown
mpva_memorial:16-2-27,mpva_memorial,2144,425고지전적비,철원군,accessibility_unknown
mpva_memorial:16-2-27,mpva_memorial,2144,425고지전적비,철원군,telephone_not_in_source
mpva_memorial:16-2-27,mpva_memorial,2144,425고지전적비,철원군,image_missing
mpva_memorial:16-2-27,mpva_memorial,2144,425고지전적비,철원군,address_district_only
mpva_memorial:16-2-27,mpva_memorial,2144,425고지전적비,철원군,reward_eligibility_unverified
mpva_memorial:16-2-27,mpva_memorial,2144,425고지전적비,철원군,public_access_unverified
mpva_memorial:17-2-39,mpva_memorial,2150,충혼탑(고성군),고성군,operations_unverified
mpva_memorial:17-2-39,mpva_memorial,2150,충혼탑(고성군),고성군,reservation_unknown
mpva_memorial:17-2-39,mpva_memorial,2150,충혼탑(고성군),고성군,id_check_unknown
mpva_memorial:17-2-39,mpva_memorial,2150,충혼탑(고성군),고성군,accessibility_unknown
mpva_memorial:17-2-39,mpva_memorial,2150,충혼탑(고성군),고성군,telephone_not_in_source
mpva_memorial:17-2-39,mpva_memorial,2150,충혼탑(고성군),고성군,image_missing
mpva_memorial:17-2-39,mpva_memorial,2150,충혼탑(고성군),고성군,address_district_only
mpva_memorial:17-2-39,mpva_memorial,2150,충혼탑(고성군),고성군,reward_eligibility_unverified
mpva_memorial:17-2-39,mpva_memorial,2150,충혼탑(고성군),고성군,public_access_unverified
mpva_memorial:16-2-20,mpva_memorial,2262,삼천봉지구 전적비,철원군,operations_unverified
mpva_memorial:16-2-20,mpva_memorial,2262,삼천봉지구 전적비,철원군,reservation_unknown
mpva_memorial:16-2-20,mpva_memorial,2262,삼천봉지구 전적비,철원군,id_check_unknown
mpva_memorial:16-2-20,mpva_memorial,2262,삼천봉지구 전적비,철원군,accessibility_unknown
mpva_memorial:16-2-20,mpva_memorial,2262,삼천봉지구 전적비,철원군,telephone_not_in_source
mpva_memorial:16-2-20,mpva_memorial,2262,삼천봉지구 전적비,철원군,image_missing
mpva_memorial:16-2-20,mpva_memorial,2262,삼천봉지구 전적비,철원군,address_district_only
mpva_memorial:16-2-20,mpva_memorial,2262,삼천봉지구 전적비,철원군,reward_eligibility_unverified
mpva_memorial:16-2-20,mpva_memorial,2262,삼천봉지구 전적비,철원군,public_access_unverified
mpva_memorial:16-2-113,mpva_memorial,2295,화천군 6·25참전유공자 명비,화천군,operations_unverified
mpva_memorial:16-2-113,mpva_memorial,2295,화천군 6·25참전유공자 명비,화천군,reservation_unknown
mpva_memorial:16-2-113,mpva_memorial,2295,화천군 6·25참전유공자 명비,화천군,id_check_unknown
mpva_memorial:16-2-113,mpva_memorial,2295,화천군 6·25참전유공자 명비,화천군,accessibility_unknown
mpva_memorial:16-2-113,mpva_memorial,2295,화천군 6·25참전유공자 명비,화천군,telephone_not_in_source
mpva_memorial:16-2-113,mpva_memorial,2295,화천군 6·25참전유공자 명비,화천군,image_missing
mpva_memorial:16-2-113,mpva_memorial,2295,화천군 6·25참전유공자 명비,화천군,address_district_only
mpva_memorial:16-2-113,mpva_memorial,2295,화천군 6·25참전유공자 명비,화천군,reward_eligibility_unverified
mpva_memorial:16-2-113,mpva_memorial,2295,화천군 6·25참전유공자 명비,화천군,public_access_unverified
mpva_memorial:16-2-99,mpva_memorial,2376,미트루만대통령표창기념비,양구군,operations_unverified
mpva_memorial:16-2-99,mpva_memorial,2376,미트루만대통령표창기념비,양구군,reservation_unknown
mpva_memorial:16-2-99,mpva_memorial,2376,미트루만대통령표창기념비,양구군,id_check_unknown
mpva_memorial:16-2-99,mpva_memorial,2376,미트루만대통령표창기념비,양구군,accessibility_unknown
mpva_memorial:16-2-99,mpva_memorial,2376,미트루만대통령표창기념비,양구군,telephone_not_in_source
mpva_memorial:16-2-99,mpva_memorial,2376,미트루만대통령표창기념비,양구군,image_missing
mpva_memorial:16-2-99,mpva_memorial,2376,미트루만대통령표창기념비,양구군,address_district_only
mpva_memorial:16-2-99,mpva_memorial,2376,미트루만대통령표창기념비,양구군,reward_eligibility_unverified
mpva_memorial:16-2-99,mpva_memorial,2376,미트루만대통령표창기념비,양구군,public_access_unverified
mpva_memorial:16-2-98,mpva_memorial,2378,강릉대침투작전참가기념비,양구군,operations_unverified
mpva_memorial:16-2-98,mpva_memorial,2378,강릉대침투작전참가기념비,양구군,reservation_unknown
mpva_memorial:16-2-98,mpva_memorial,2378,강릉대침투작전참가기념비,양구군,id_check_unknown
mpva_memorial:16-2-98,mpva_memorial,2378,강릉대침투작전참가기념비,양구군,accessibility_unknown
mpva_memorial:16-2-98,mpva_memorial,2378,강릉대침투작전참가기념비,양구군,telephone_not_in_source
mpva_memorial:16-2-98,mpva_memorial,2378,강릉대침투작전참가기념비,양구군,image_missing
mpva_memorial:16-2-98,mpva_memorial,2378,강릉대침투작전참가기념비,양구군,address_district_only
mpva_memorial:16-2-98,mpva_memorial,2378,강릉대침투작전참가기념비,양구군,reward_eligibility_unverified
mpva_memorial:16-2-98,mpva_memorial,2378,강릉대침투작전참가기념비,양구군,public_access_unverified
